track_id,artist_name,track_name,album_name,album_type,video_title,channel_name,platform,danceability,energy,loudness,speechiness,acousticness,instrumentalness,liveness,valence,tempo,duration_sec,mood_category,views,likes,comments,streams,engagement_rate,like_ratio,popularity_score,energy_liveness_ratio,is_licensed,is_official_video
1,Ace of Base,Lucky Love,The Bridge,album,Ace of Base - Lucky Love (Official Music Video),Ace of Base,Youtube,0.769,0.662,-7.238,0.0319,0.129,0.00102,0.0814,0.863,104.104,175.7,Happy/Energetic,8790417,31106,1080,5505208,0.003661,0.003539,0.16,8.132678133,1,1
2,Lil Baby,Drip Too Hard (Lil Baby & Gunna),Drip Harder,album,"Lil Baby x Gunna - ""Drip Too Hard"" (Official Music Video)",Lil Baby Official 4PF,Spotify,0.897,0.662,-6.903,0.292,0.0852,0.0,0.534,0.389,112.511,145.5,Angry/Intense,85768437,1170652,30003,1131137257,0.013999,0.013649,33.4,1.239700375,0,0
3,Commodores,Three Times A Lady,Natural High,album,Commodores - Three Times A Lady [Live],TheSoulKings,Spotify,0.487,0.094,-19.555,0.0274,0.834,0.000224,0.172,0.0788,74.857,398.5,Sad/Mellow,9080536,60229,3746,36098941,0.007045,0.006633,1.07,0.546511628,0,0
4,Natalia Lafourcade,Tú Sí Sabes Quererme (feat. Los Macorinos),"Musas (Un Homenaje al Folclore Latinoamericano en Manos de Los Macorinos, Vol. 1)",album,Natalia Lafourcade - Tú sí sabes quererme (en manos de Los Macorinos),NLaFourcadeVEVO,Youtube,0.664,0.46,-10.974,0.105,0.782,3.19e-06,0.176,0.793,170.057,244.9,Calm/Positive,293326401,1077796,24959,110366556,0.003759,0.003674,3.26,2.613636364,1,1
5,TLC,Creep,Crazysexycool,album,TLC - Creep (Official HD Video),TLCVEVO,Spotify,0.811,0.458,-9.688,0.0402,0.0193,1.41e-06,0.0526,0.797,92.94,268.5,Calm/Positive,111070290,649654,22629,151814181,0.006053,0.005849,4.48,8.707224335,1,1
6,The Wiggles,Hot Potato,Yummy Yummy,album,The Wiggles - Hot Potato Hot potato,Rhys Yergs,Spotify,0.669,0.737,-7.974,0.0975,0.0289,0.0,0.204,0.948,170.925,81.1,Happy/Energetic,1432178,6540,0,36201096,0.004566,0.004566,1.07,3.612745098,0,0
7,Ludovico Einaudi,Rolling Like A Ball,Underwater,album,Ludovico Einaudi - Rolling Like A Ball (Performance Video),LudovicoEinaudiVEVO,Spotify,0.208,0.012,-29.933,0.0422,0.987,0.919,0.1,0.0391,175.159,257.2,Sad/Mellow,473964,10849,425,13213932,0.023787,0.02289,0.39,0.12,1,1
8,Anirudh Ravichander,"Thenmozhi (From ""Thiruchitrambalam"")","Thenmozhi (From ""Thiruchitrambalam"")",single,Thenmozhi - Official Video Song | Thiruchitrambalam | Dhanush | Anirudh | Sun Pictures,Sun TV,Spotify,0.764,0.532,-5.979,0.0491,0.598,0.0,0.26,0.859,123.95,173.2,Happy/Energetic,36310571,358707,4321,55429185,0.009998,0.009879,1.64,2.046153846,1,1
9,Brooks & Dunn,Boot Scootin' Boogie,#1s ... and then some,album,0,0,Spotify,0.656,0.817,-4.296,0.0435,0.22,0.0,0.304,0.862,130.448,198.2,Happy/Energetic,0,0,0,148149154,0.0,0.0,4.37,2.6875,0,0
10,Mijares,Ven A Cantar,Eterna Navidad,album,Mijares - Ven A Cantar (feat. La Hermandad) [Video Oficial],Warner Music México,Spotify,0.634,0.662,-8.299,0.0292,0.235,0.0,0.0413,0.375,111.638,239.8,Angry/Intense,3230909,37133,2273,17146691,0.012197,0.011493,0.51,16.02905569,1,1
11,Halsey,Without Me,Manic,album,Halsey - Without Me,HalseyVEVO,Spotify,0.752,0.488,-7.05,0.0705,0.297,9.11e-06,0.0936,0.533,136.041,201.7,Calm/Positive,720370943,8066442,141866,1666992690,0.011395,0.011198,49.22,5.213675214,1,1
12,Calle 13,No Hay Nadie Como Tú (feat. Café Tacuba),Los De Atrás Vienen Conmigo,album,Calle 13 - No Hay Nadie Como Tú (Video) ft. Café Tacuba,Calle13VEVO,Youtube,0.573,0.856,-5.754,0.199,0.0629,0.0,0.108,0.687,199.952,293.3,Happy/Energetic,155542027,875748,19988,92098487,0.005759,0.00563,2.72,7.925925926,1,1
13,Gesaffelstein,Opr,Conspiracy Pt.2,single,GESAFFELSTEIN - OPR (OFFICIAL VIDEOCLIP),Artur Cudi,Spotify,0.748,0.549,-5.447,0.065,0.00268,0.792,0.196,0.197,101.033,234.0,Angry/Intense,240842,4119,125,23759988,0.017622,0.017102,0.7,2.801020408,0,0
14,Robin Schulz,Prayer in C - Robin Schulz Radio Edit,Prayer in C,single,Lilly Wood & The Prick and Robin Schulz - Prayer In C (Robin Schulz Remix) (Official),Robin Schulz,Spotify,0.763,0.875,-5.797,0.0262,0.024,5.41e-06,0.599,0.8,123.013,189.4,Happy/Energetic,730842542,3846379,56570,880463196,0.00534,0.005263,26.0,1.460767947,1,1
15,Udo Lindenberg,Durch die schweren Zeiten,UDOPIUM - Das Beste (Special Edition),album,Udo Lindenberg - Durch die schweren Zeiten (offizielles Video),Udo Lindenberg - UTube,Youtube,0.581,0.455,-7.843,0.0308,0.156,0.0,0.103,0.368,73.062,235.4,Sad/Mellow,11803910,50167,2619,9488756,0.004472,0.00425,0.28,4.417475728,1,1
16,Breaking Benjamin,I Will Not Bow,Dear Agony,album,Breaking Benjamin - I Will Not Bow (Official Video),BreakingBenjaminVEVO,Spotify,0.533,0.955,-3.708,0.0653,0.000165,1.36e-05,0.38,0.55,107.984,216.7,Happy/Energetic,97359554,593821,23861,226687646,0.006344,0.006099,6.69,2.513157895,1,1
17,Blackstreet,No Diggity - Radio Version,Best 90s R & B Songs,compilation,"Blackstreet - No Diggity (Official Music Video) ft. Dr. Dre, Queen Pen",BlackstreetVEVO,Youtube,0.851,0.659,-5.107,0.241,0.339,0.0,0.0928,0.703,88.708,248.0,Happy/Energetic,323564166,1895491,34204,7962367,0.005964,0.005858,0.24,7.101293103,1,1
18,Sfera Ebbasta,Hace Calor - Remix,Hace Calor (Remix),single,Kaleb Di Masi ? Sfera Ebbasta ? RVFV ? Omar Varela - Hace Calor Remix (Video Oficial),KALEB DI MASI,Spotify,0.889,0.618,-5.124,0.0627,0.367,0.00438,0.105,0.444,130.021,247.4,Angry/Intense,26463974,223288,4574,68129601,0.00861,0.008437,2.01,5.885714286,1,1
19,Pailita,Caminemos de la Mano,Caminemos de la Mano,single,CAMINEMOS DE LA MANO - Pailita ft. Young Cister (Video Oficial),P A I L I T A -,Spotify,0.735,0.752,-5.138,0.0855,0.318,6.89e-06,0.331,0.647,92.915,214.7,Happy/Energetic,15478215,167340,4240,29328988,0.011085,0.010811,0.87,2.271903323,1,1
20,DJ Khaled,Big Energy (feat. DJ Khaled) - Remix,Big Energy (feat. DJ Khaled) [Remix],single,"Latto, Mariah Carey - Big Energy (Remix (Official Audio)) ft. DJ Khaled",LattoVEVO,Spotify,0.867,0.771,-3.688,0.0939,0.0385,0.0,0.133,0.715,106.021,181.7,Happy/Energetic,12183821,169485,7311,75714601,0.014511,0.013911,2.24,5.796992481,1,1
21,Morgan Wallen,Sand In My Boots,Dangerous: The Double Album,album,Morgan Wallen: Sand In My Boots (The Dangerous Sessions),Morgan Wallen,Spotify,0.403,0.537,-6.628,0.031,0.59,0.0,0.112,0.414,69.877,202.1,Angry/Intense,36446138,195320,4581,230248521,0.005485,0.005359,6.8,4.794642857,0,1
22,Luciano,Life Lessons (feat. Headie One),Majestic,album,LUCIANO ft. HEADIE ONE - LIFE LESSONS (Music Video),RAP MOVEZ,Spotify,0.917,0.573,-8.207,0.365,0.173,1.12e-05,0.121,0.72,139.993,153.6,Happy/Energetic,3721,103,3,8111957,0.028487,0.027681,0.24,4.73553719,0,0
23,Olivia Newton-John,Physical - Remastered 2021,Physical (Deluxe Edition),album,Olivia Newton-John - Physical (Official Music Video) [Remastered 2021],OliviaNewtonJohnVEVO,Spotify,0.84,0.728,-8.473,0.0436,0.127,0.00114,0.114,0.74,124.066,226.0,Happy/Energetic,361565,9600,683,64915385,0.02844,0.026551,1.92,6.385964912,1,1
24,Ramirez,Grey Magic,G.R.E.Y.G.O.D.S.I.I.,single,$UICIDEBOY$ x RAMIREZ - Grey Magic (Video),JOAKO SUICIDA,Spotify,0.837,0.651,-11.443,0.0601,0.0501,0.00173,0.101,0.36,155.004,142.7,Angry/Intense,3944,114,14,24521061,0.032454,0.028905,0.72,6.445544554,0,0
25,Fergie,London Bridge,The Dutchess,album,Fergie - London Bridge (Oh Snap) (Official Music Video),FergieVEVO,Spotify,0.77,0.609,-5.894,0.345,0.214,0.0,0.166,0.631,90.952,241.3,Happy/Energetic,43811855,387524,9042,152256748,0.009052,0.008845,4.5,3.668674699,1,1
26,Cris Mj,Sin Seguro,Welcome To My World,album,Cris Mj x Ak4:20 - Sin Seguro (Visualizer) | Welcome To My World |,Cris MJ,Spotify,0.826,0.793,-4.808,0.0432,0.00361,1.15e-05,0.0836,0.308,97.005,207.8,Angry/Intense,3620337,40269,1026,8269061,0.011406,0.011123,0.24,9.485645933,0,0
27,Israel & Rodolffo,Ex Alcoolizado - Ao Vivo,"Israel & Rodolffo: Ao Vivo Em Brasília, Vol. 3",album,0,0,Spotify,0.687,0.786,-5.527,0.0444,0.361,0.0,0.892,0.483,115.959,162.4,Angry/Intense,0,0,0,40474396,0.0,0.0,1.2,0.881165919,0,0
28,Germ,Champagne Face,DIRTIESTNASTIEST$UICIDE,album,$UICIDEBOY$ x GERM - CHAMPAGNE FACE (Lyric Video),$uicideboy$,Spotify,0.894,0.767,-4.695,0.137,0.0231,2.36e-05,0.574,0.412,144.077,140.3,Angry/Intense,1390761,34504,964,9455655,0.025503,0.024809,0.28,1.336236934,1,1
29,Billy Joel,Vienna,The Stranger (Legacy Edition),album,Billy Joel - Vienna (Audio),billyjoelVEVO,Spotify,0.532,0.495,-6.662,0.0343,0.659,0.0,0.0754,0.308,124.936,214.2,Sad/Mellow,25313756,337872,8553,324222155,0.013685,0.013347,9.57,6.564986737,1,1
30,Future,I Can't Save You (Interlude) [with Future & feat. Don Toliver],HEROES & VILLAINS,album,"Metro Boomin, Future - I Can't Save You (Interlude) (Visualizer) ft. Don Toliver",MetroBoominVEVO,Spotify,0.668,0.727,-4.613,0.248,0.0301,0.0,0.143,0.309,143.083,90.7,Angry/Intense,1164323,28510,495,33226491,0.024911,0.024486,0.98,5.083916084,1,1
31,Dina Rae,Let Go,Let Go,single,Dina Rae - Let Go - Official Music Video,Dina Rae,Youtube,0.969,0.511,-7.312,0.0882,0.086,1.08e-06,0.0814,0.665,113.032,223.3,Happy/Energetic,2592,150,105,0,0.09838,0.05787,0.0,6.277641278,0,1
32,Sofía Reyes,R.I.P. (feat. Rita Ora & Anitta),Mal De Amores,album,Sofia Reyes - R.I.P. (feat. Rita Ora & Anitta) [Official Music Video],Sofia Reyes,Spotify,0.764,0.751,-3.713,0.0711,0.18,0.0,0.0696,0.698,100.074,187.2,Happy/Energetic,211117536,1692045,56048,213785805,0.00828,0.008015,6.31,10.79022989,1,1
33,Joe Hisaishi,Merry-Go-Round of Life - from 'Howl's Moving Castle',FREEDOM PIANO STORIES 4,album,Joe Hisaishi - Merry-Go-Round of Life (from Howl’s Moving Castle),JoeHisaishiVEVO,Spotify,0.239,0.287,-12.565,0.0388,0.876,0.644,0.122,0.185,71.608,311.1,Sad/Mellow,6000182,231315,3820,48597664,0.039188,0.038551,1.44,2.352459016,1,1
34,kevoxx,Untouchable (No) Sped Up - Remix,TikTok Viral Songs 2023 (Remix),album,Untouchable (No) Sped Up,Xanemusic - Topic,Spotify,0.752,0.818,-4.676,0.195,0.0169,2.04e-05,0.641,0.756,114.338,173.4,Happy/Energetic,166617,3434,0,8063571,0.02061,0.02061,0.24,1.276131045,1,1
35,Drake,One Dance,Views,album,Drake - One Dance (Lyrics) ft. Wizkid & Kyla,Billion Stars,Spotify,0.792,0.625,-5.609,0.0536,0.00776,0.0018,0.329,0.37,103.967,174.0,Angry/Intense,169288294,1662640,13775,2522431995,0.009903,0.009821,74.48,1.899696049,0,0
36,Christina Perri,arms,lovestrong.,album,christina perri - arms [official music video],Christina Perri,Spotify,0.463,0.755,-7.244,0.0634,0.11,4.89e-06,0.103,0.252,145.319,261.2,Angry/Intense,78529876,489142,21830,102283120,0.006507,0.006229,3.02,7.330097087,1,1
37,Miley Cyrus,Malibu,Younger Now,album,Miley Cyrus - Malibu (Official Video),MileyCyrusVEVO,Spotify,0.573,0.781,-6.406,0.0555,0.0767,2.64e-05,0.0813,0.343,139.934,231.9,Angry/Intense,512404807,3864034,165509,698790385,0.007864,0.007541,20.63,9.606396064,1,1
38,La Oreja de Van Gogh,Deseos de Cosas Imposibles (with Abel Pintos) - Directo Primera Fila,Primera Fila,album,La Oreja de Van Gogh - Deseos de Cosas Imposibles (En Vivo) ft. Abel Pintos,LODVGVEVO,Youtube,0.608,0.509,-9.759,0.048,0.202,8.33e-06,0.901,0.326,139.979,237.4,Angry/Intense,276832684,632294,13957,77114883,0.002334,0.002284,2.28,0.564927858,1,1
39,R. Kelly,Bump n' Grind,12 Play,album,R Kelly - Bump N' Grind {Acapella Intro} [Music Video],DJ Rome,Spotify,0.621,0.481,-8.016,0.0371,0.0984,0.0,0.241,0.679,65.004,256.1,Calm/Positive,129469,1843,162,119051758,0.015486,0.014235,3.52,1.995850622,0,0
40,Limp Bizkit,Break Stuff,Significant Other,album,Limp Bizkit - Break Stuff (Official Music Video),LimpBizkitVEVO,Spotify,0.432,0.884,-6.659,0.13,0.0127,0.000527,0.166,0.624,108.948,166.7,Happy/Energetic,179258826,944416,42438,375164239,0.005505,0.005268,11.08,5.325301205,1,1
41,Brray,La Jeepeta,La Jeepeta,single,Nio Garcia x Brray x Juanka x Anuel AA x Myke Towers - La Jeepeta Remix (Video Oficial),Flow La Movie,Youtube,0.816,0.726,-5.334,0.267,0.48,1.41e-06,0.314,0.707,175.933,204.8,Happy/Energetic,246789855,1170146,32343,74751023,0.004873,0.004741,2.21,2.312101911,1,1
42,Zé Ramalho,Coração Bobo - Ao Vivo,RCA 100 Anos De Música - Alceu Valenca,album,"Alceu Valença, Zé Ramalho - Coração Bobo (Pseudo Vídeo) (Ao Vivo)",GrandeEncontroVEVO,Spotify,0.458,0.659,-9.173,0.0496,0.796,3.9e-05,0.86,0.555,111.902,249.0,Happy/Energetic,768181,4087,100,22586940,0.005451,0.00532,0.67,0.76627907,1,1
43,No Te Va Gustar,Chau,Por Lo Menos Hoy,album,No Te Va Gustar - Chau (video oficial),No Te Va Gustar,Youtube,0.876,0.365,-10.596,0.0366,0.017,0.000118,0.0286,0.927,96.0,296.9,Calm/Positive,50447487,203625,3109,46119366,0.004098,0.004036,1.36,12.76223776,1,1
44,Jelly Roll,Creature,A Beautiful Disaster,album,Jelly Roll - Creature (ft. Tech N9ne & Krizz Kaliko) - Official Music Video,Jelly Roll,Youtube,0.763,0.603,-9.201,0.0788,0.176,0.0,0.0863,0.402,140.068,239.6,Angry/Intense,60461138,527022,14951,56945209,0.008964,0.008717,1.68,6.987253766,0,1
45,Busta Rhymes,Put Your Hands Where My Eyes Could See,When Disaster Strikes...,album,Busta Rhymes - Put Your Hands Where My Eyes Could See (Official Video) [Explicit],Busta Rhymes Videos,Spotify,0.906,0.623,-6.711,0.303,0.00864,4.19e-06,0.0753,0.715,99.498,194.3,Happy/Energetic,31503357,293459,8605,74368355,0.009588,0.009315,2.2,8.273572377,1,1
46,Erik Satie,Enfantillages pittoresques: II. Berceuse,"Satie: Complete Piano Works, Vol. 2/2",album,"Erik Satie - Berceuse (Enfantillages Pittoresques, No. 2)",Tim Jacobs,Spotify,0.44,0.00217,-44.761,0.053,0.987,0.958,0.0731,0.473,126.92,77.3,Sad/Mellow,4414,78,4,20452217,0.018577,0.017671,0.6,0.029685363,0,0
47,Clean Bandit,Symphony (feat. Zara Larsson),What Is Love? (Deluxe Edition),album,Clean Bandit - Symphony (feat. Zara Larsson) [Official Video],Clean Bandit,Spotify,0.715,0.605,-5.128,0.0428,0.239,1.41e-05,0.189,0.454,122.956,212.7,Angry/Intense,1207659517,7387812,187852,1220003456,0.006273,0.006117,36.03,3.201058201,1,1
48,AYLIVA,Sie weiß (feat. Mero),Sie weiß (feat. Mero),single,AYLIVA x MERO - Sie weiß (prod. by Frio & Kyree),AYLIVA,Spotify,0.792,0.679,-5.516,0.041,0.517,1.49e-05,0.0962,0.204,119.932,151.3,Angry/Intense,7551080,139560,6836,26288770,0.019387,0.018482,0.78,7.058212058,1,1
49,FIFA Sound,All My Life - FIFAe Theme - Lærke Lærke Remix,FIFAe (Official Soundtrack),single,All My Life – FIFAe Theme (Lærke Lærke Remix),FIFA Sound - Topic,Youtube,0.583,0.84,-7.535,0.0899,0.0521,0.00045,0.18,0.49,122.091,126.2,Angry/Intense,4700,24,0,0,0.005106,0.005106,0.0,4.666666667,1,1
50,The Living Tombstone,No Mercy (feat. BlackGryph0n & LittleJayneyCakes),No Mercy,single,No Mercy- #Overwatch Original Song by The Living Tombstone (Feat. BlackGryphon & LittleJayneyCakes),The Living Tombstone,Spotify,0.635,0.621,-5.936,0.0288,0.0466,0.0,0.128,0.844,105.047,154.5,Happy/Energetic,54216472,944906,89947,88555284,0.019087,0.017428,2.61,4.8515625,1,1
51,Franz Liszt,"Liebestraum No. 3 in A-Flat Major, S. 541 / 3",Liszt - My Piano Hero,album,Liszt - Liebestraum No. 3 (Love Dream),Rousseau,Spotify,0.279,0.0292,-26.804,0.0406,0.987,0.902,0.104,0.0338,136.732,293.1,Sad/Mellow,13097479,197984,8404,30172189,0.015758,0.015116,0.89,0.280769231,1,1
52,Carly Rae Jepsen,Sideways,The Loneliest Time,album,Carly Rae Jepsen - Sideways (Official Lyric Video),CarlyRaeJepsenVEVO,Spotify,0.689,0.61,-7.494,0.0609,0.0398,1.87e-06,0.0649,0.787,171.995,136.1,Happy/Energetic,104155,2307,108,3599253,0.023187,0.02215,0.11,9.399075501,1,1
53,Ne-Yo,Closer,Year Of The Gentleman (Bonus Track Edition),album,Ne-Yo - Closer (Official Music Video),NeYoVEVO,Spotify,0.711,0.753,-6.461,0.0766,0.028,2.96e-05,0.152,0.588,126.051,234.4,Happy/Energetic,120771672,574380,13648,171285749,0.004869,0.004756,5.06,4.953947368,1,1
54,Charles Aznavour,Mes emmerdes - Remastered 2014,Voilà que tu reviens,album,Charles Aznavour - Mes emmerdes (Audio Officiel),AznavourVEVO,Spotify,0.539,0.776,-6.362,0.152,0.259,0.0,0.125,0.597,135.212,186.6,Happy/Energetic,1564794,9335,198,14901410,0.006092,0.005966,0.44,6.208,1,1
55,Christina Aguilera,Beautiful,Stripped,album,Christina Aguilera - Beautiful (Official HD Video),CAguileraVEVO,Spotify,0.456,0.573,-3.866,0.0275,0.578,3.05e-06,0.114,0.0992,76.19,238.6,Angry/Intense,140489434,912206,50877,271955400,0.006855,0.006493,8.03,5.026315789,1,1
56,Kid Cudi,Erase Me - Main,Man On The Moon II: The Legend Of Mr. Rager,album,Kid Cudi - Erase Me ft. Kanye West,KidCudiVEVO,Spotify,0.687,0.631,-5.612,0.129,0.063,0.0,0.108,0.853,186.071,192.3,Happy/Energetic,76856574,411898,25239,262226609,0.005688,0.005359,7.74,5.842592593,1,1
57,Saweetie,Back to the Streets (feat. Jhené Aiko),Back to the Streets (feat. Jhené Aiko),single,Saweetie - Back to the Streets (feat. Jhené Aiko) [Official Music Video],Official Saweetie,Spotify,0.865,0.792,-4.207,0.0677,0.168,1.46e-05,0.107,0.562,101.985,189.5,Happy/Energetic,39046394,547547,12254,106198719,0.014337,0.014023,3.14,7.401869159,1,1
58,Mac DeMarco,Still Beating,This Old Dog,album,Mac Demarco - Still Beating | A COLORS SHOW,COLORS,Spotify,0.709,0.496,-10.528,0.0417,0.581,0.191,0.151,0.469,78.477,181.6,Sad/Mellow,5577035,127318,2039,132995716,0.023195,0.022829,3.93,3.284768212,1,1
59,G-Eazy,Calm Down,When It's Dark Out,album,G-Eazy - Calm Down,GEazyMusicVEVO,Spotify,0.538,0.624,-8.794,0.325,0.000175,2.2e-06,0.117,0.409,102.346,127.4,Angry/Intense,61974021,545074,13127,196000698,0.009007,0.008795,5.79,5.333333333,1,1
60,Freddie Dredd,Limbo - Ghost Slowed,Freddie's Inferno - Ghost Slowed,album,FREDDIE DREDD - LIMBO (GHOST VERSION / SLOWED),MAFIA,Youtube,0.963,0.452,-14.666,0.0904,0.0367,0.204,0.0985,0.643,127.286,183.8,Calm/Positive,7186417,184074,1322,4156036,0.025798,0.025614,0.12,4.588832487,0,0
61,Volbeat,Guitar Gangsters & Cadillac Blood,Guitar Gangsters & Cadillac Blood,album,Volbeat - Guitar Gangsters & Cadillac Blood (Lyrics) HD,Andreas Kreutz,Spotify,0.291,0.974,-2.834,0.199,0.000275,0.000505,0.0838,0.32,76.902,188.9,Angry/Intense,3884236,11998,272,44436256,0.003159,0.003089,1.31,11.62291169,0,0
62,Milky Chance,Stolen Dance,Sadnecessary,album,Milky Chance - Stolen Dance (Official Video),Milky Chance Official,Spotify,0.885,0.581,-8.813,0.0378,0.427,0.000204,0.0759,0.728,114.016,313.7,Happy/Energetic,855009428,4555683,90225,1114351329,0.005434,0.005328,32.91,7.654808959,1,1
63,Kelsea Ballerini,hole in the bottle,kelsea,album,Kelsea Ballerini - hole in the bottle (Official Music Video),KelseaBalleriniVEVO,Spotify,0.478,0.873,-3.637,0.122,0.0486,0.0,0.374,0.739,104.365,155.7,Happy/Energetic,10768799,60423,1774,51018096,0.005776,0.005611,1.51,2.334224599,1,1
64,Four Tops,Still Water (Love),Still Waters Run Deep,album,The Four Tops - Still Water (Love),Demetrius Scott,Youtube,0.515,0.532,-12.472,0.0245,0.355,0.000711,0.498,0.961,94.165,194.7,Happy/Energetic,7594011,52228,3372,7556718,0.007322,0.006878,0.22,1.068273092,0,0
65,keshi,skeletons,skeletons,single,(live) keshi - skeletons,KeshiVEVO,Spotify,0.719,0.265,-12.782,0.0754,0.296,0.0865,0.108,0.273,80.021,152.5,Sad/Mellow,1375349,59292,1184,78844791,0.043971,0.043111,2.33,2.453703704,1,1
66,Sheryl Crow,On The Road Again - Live,On The Road Again (Live),single,"Willie Nelson & Sheryl Crow ""On the Road Again"" live 2007 Crossroads - stereo",MoreSherylCrow,Spotify,0.411,0.859,-7.382,0.085,0.0671,0.00201,0.958,0.36,112.228,156.2,Angry/Intense,502416,819,35,1948126,0.0017,0.00163,0.06,0.896659708,0,0
67,Kingpin Skinny Pimp,UNITY,UNITY,single,"LXST CXNTURY, Kingpin Skinny Pimp - UNITY",LXST CXNTURY,Spotify,0.537,0.651,-8.584,0.0515,0.0707,0.00287,0.532,0.396,144.924,142.2,Angry/Intense,2066823,35637,1208,2980352,0.017827,0.017242,0.09,1.223684211,0,1
68,Super Simple Songs,Sweet Dreams,Twinkle Twinkle Little Star & More Kids Songs,album,Sweet Dreams (Goodnight Song) | Super Simple Songs,Super Simple Songs - Kids Songs,Youtube,0.288,0.0938,-15.741,0.0365,0.742,0.0557,0.127,0.119,119.256,174.5,Sad/Mellow,258075590,327277,0,23975769,0.001268,0.001268,0.71,0.738582677,1,1
69,Soulja Boy,BTBT,BTBT,single,B.I ??? - BTBT (Feat. DeVita) M/V,131online,Spotify,0.766,0.664,-6.932,0.177,0.334,0.0,0.115,0.509,109.946,219.6,Happy/Energetic,15996635,793683,32856,83003218,0.05167,0.049616,2.45,5.773913043,0,0
70,Andy Grammer,"Honey, I'm Good.",Magazines Or Novels,album,"Andy Grammer - Honey, I'm Good. (Official Music Video)",Andy Grammer,Spotify,0.752,0.775,-7.289,0.0546,0.0324,0.0,0.351,0.595,122.014,199.3,Happy/Energetic,103721712,712933,24688,347076955,0.007112,0.006874,10.25,2.207977208,0,1
71,Nelly,E.I.,Country Grammar,album,Nelly - E.I. (Official Music Video),NellyVEVO,Spotify,0.834,0.481,-7.824,0.188,0.0732,0.0,0.0934,0.406,89.849,285.9,Sad/Mellow,52215893,272701,7541,52630819,0.005367,0.005223,1.55,5.149892934,1,1
72,Damian Marley,Pimpa's Paradise,Welcome to Jamrock,album,Damian Marley - Pimpa's Paradise,Jaxsbfd,Spotify,0.564,0.836,-6.052,0.401,0.307,0.0,0.491,0.571,121.147,304.2,Happy/Energetic,4966803,26302,704,27573040,0.005437,0.005296,0.81,1.702647658,0,0
73,Peso Pluma,Delivery,Delivery,single,Delivery - Peso Pluma x Alemán (Video Oficial),Alemán,Youtube,0.699,0.58,-6.753,0.527,0.283,0.0,0.0926,0.706,83.759,209.7,Happy/Energetic,13565889,232583,3749,9606254,0.017421,0.017145,0.28,6.26349892,1,1
74,Banda Cuisillos,Mil Heridas,Mil Heridas,album,Cuisillos de Arturo Macias  - Mil heridas (Video Oficial),Discos Musart,Spotify,0.69,0.569,-6.806,0.0624,0.389,0.0,0.067,0.966,175.898,227.8,Happy/Energetic,754665,4768,52,40805463,0.006387,0.006318,1.2,8.492537313,1,1
75,Johnny Cash,(Ghost) Riders in the Sky,Silver,album,Johnny Cash - Ghost Riders In The Sky (Live - 1987),turion2005,Spotify,0.572,0.668,-9.382,0.0361,0.355,0.0379,0.223,0.56,109.511,224.8,Happy/Energetic,8193553,85709,2081,88417035,0.010715,0.010461,2.61,2.995515695,0,0
76,MNEK,Radio,Radio,single,"Sigala, MNEK - Radio (Official Video - Sigala Version)",SigalaVEVO,Spotify,0.737,0.866,-4.749,0.0415,0.0431,0.000143,0.099,0.868,126.019,195.3,Happy/Energetic,421744,13799,210,4666238,0.033217,0.032719,0.14,8.747474747,1,1
77,Meghan Trainor,NO,Thank You (Deluxe Version),album,Meghan Trainor - NO,MeghanTrainorVEVO,Youtube,0.557,0.803,-3.599,0.213,0.0124,1.61e-06,0.737,0.657,92.134,213.5,Happy/Energetic,625637020,4870221,256262,451229648,0.008194,0.007784,13.32,1.089552239,1,1
78,Santa Fe Klan,Todo Va Estar Bien,Todo Va a Estar Bien,single,"Santa Fe Klan, Big Soto, Neto Peña - Todo Va A Estar Bien",Santa Fe Klan Official,Youtube,0.611,0.66,-6.49,0.381,0.734,0.0,0.0636,0.582,137.668,267.8,Happy/Energetic,126312914,1218291,13508,122447779,0.009752,0.009645,3.62,10.37735849,0,0
79,K.Flay,Zen (with K.Flay & grandson),Zen (with K.Flay & grandson),single,"X Ambassadors, K.Flay, grandson - Zen",XAmbassadorsVEVO,Spotify,0.723,0.927,-4.326,0.106,0.125,0.0,0.0648,0.874,98.017,215.9,Happy/Energetic,3049112,60941,1500,26897182,0.020478,0.019986,0.79,14.30555556,1,1
80,Jessie J,Price Tag,Who You Are (Platinum Edition),album,Jessie J - Price Tag ft. B.o.B,JessieJVEVO,Youtube,0.638,0.831,-3.944,0.182,0.0281,3.06e-06,0.277,0.685,175.038,223.1,Happy/Energetic,825677974,4108800,203128,410953652,0.005222,0.004976,12.13,3.0,1,1
81,Bedoes 2115,DIAMENTY,RODZINNY BIZNES,album,2115 - DIAMENTY ft. Doda,2115 GANG,Spotify,0.651,0.551,-9.14,0.409,0.314,0.0,0.0887,0.455,146.95,165.7,Angry/Intense,641699,12108,228,2062038,0.019224,0.018869,0.06,6.211950395,0,0
82,Vierra,Kesepian,Storytelling,album,Vierra - Kesepian (Official Music Video),Musica Studios,Youtube,0.601,0.386,-9.046,0.0252,0.717,0.00487,0.109,0.273,147.928,249.9,Sad/Mellow,21893629,116166,10052,14135602,0.005765,0.005306,0.42,3.541284404,1,1
83,Santana,Smooth (feat. Rob Thomas),Supernatural (Legacy Edition),album,Santana - Smooth (Stereo) ft. Rob Thomas,SantanaVEVO,Youtube,0.609,0.923,-3.908,0.0338,0.16,4.73e-06,0.295,0.961,115.996,295.0,Happy/Energetic,310354300,1547211,32884,295287370,0.005091,0.004985,8.72,3.128813559,1,1
84,Morat,506,SI AYER FUERA HOY,album,"Morat, Juanes - 506",MoratVEVO,Spotify,0.543,0.876,-4.889,0.0494,0.00811,0.0,0.338,0.637,142.995,180.6,Happy/Energetic,29332657,483774,10542,57873543,0.016852,0.016493,1.71,2.591715976,1,1
85,Piso 21,Déjala Que Vuelva (feat. Manuel Turizo),Ubuntu,album,Piso 21 - Déjala Que Vuelva (feat. Manuel Turizo) [Video Oficial],Piso 21,Youtube,0.681,0.788,-4.323,0.0785,0.0482,0.0,0.0753,0.839,170.019,220.1,Happy/Energetic,1809603970,3744149,71826,666199160,0.002109,0.002069,19.67,10.46480744,1,1
86,James Horner,"Becoming one of ""The People"" Becoming one with Neytiri",AVATAR Music From The Motion Picture Music Composed and Conducted by James Horner,compilation,5. Becoming One Of The People-Becoming One With Neytiri - James Horner HD,AvatarJamesHornerHD,Spotify,0.0993,0.0902,-26.307,0.0428,0.692,0.85,0.0745,0.0382,71.062,463.7,Sad/Mellow,1484681,11589,521,39375575,0.008157,0.007806,1.16,1.210738255,0,0
87,Bebe Rexha,I'm Good (Blue),I'm Good (Blue),single,David Guetta & Bebe Rexha - I'm Good (Blue) [Official Music Video],David Guetta,Spotify,0.561,0.965,-3.673,0.0343,0.00383,7.07e-06,0.371,0.304,128.04,175.2,Angry/Intense,109498706,1237749,24432,647071452,0.011527,0.011304,19.11,2.601078167,1,1
88,The Clash,I Fought the Law,The Cost of Living - EP,single,The Clash - I Fought the Law (Official Video),theclashVEVO,Spotify,0.526,0.9,-6.815,0.0545,0.00539,4.12e-05,0.14,0.883,151.279,163.2,Happy/Energetic,25611328,177295,5569,93642837,0.00714,0.006923,2.77,6.428571429,1,1
89,Tulsi Kumar,"Tum Jo Aaye (From ""Once Upon A Time In Mumbaai"")",Mesmeric Vocalzz - Tulsi Kumar,album,"Lyrical:Tum Jo Aaye |Once Upon A Time In Mumbai| Ajay Devgn,Rahat Fateh Ali Khan,Tulsi Kumar, Pritam",T-Series,Youtube,0.574,0.841,-4.449,0.0951,0.399,1.04e-06,0.205,0.926,83.706,286.4,Happy/Energetic,196141948,1234218,18518,32250068,0.006387,0.006292,0.95,4.102439024,1,1
90,Mika Singh,Hawa Hawa,"Hawa Hawa (From ""Mubarakan"")",single,"""Hawa Hawa"" (Full Video Song) | Mubarakan | Anil Kapoor, Arjun Kapoor, Ileana D’Cruz, Athiya Shetty",T-Series,Youtube,0.825,0.798,-3.792,0.321,0.361,0.0,0.194,0.596,137.981,272.3,Happy/Energetic,351927226,1237467,36604,10911157,0.00362,0.003516,0.32,4.113402062,1,1
91,Ariana Grande,boyfriend (with Social House),boyfriend,single,"Ariana Grande, Social House - boyfriend (Official Video)",ArianaGrandeVevo,Spotify,0.4,0.795,-3.731,0.461,0.119,0.0,0.159,0.702,190.097,186.1,Happy/Energetic,228625585,4175248,146181,624023819,0.018902,0.018262,18.43,5.0,1,1
92,Christina Perri,here comes the sun,songs for rosie,album,christina perri - here comes the sun [visualizer],Christina Perri,Spotify,0.699,0.0757,-13.588,0.0353,0.985,0.00991,0.113,0.472,106.93,167.3,Sad/Mellow,314222,6605,290,9688003,0.021943,0.02102,0.29,0.669911504,1,1
93,John Newman,Love Me Again,Tribute,album,John Newman - Love Me Again,JohnNewmanVEVO,Youtube,0.495,0.894,-4.814,0.0441,0.00453,0.000596,0.103,0.213,126.03,239.9,Angry/Intense,952484189,6029802,186465,541876450,0.006526,0.006331,16.0,8.67961165,1,1
94,Burl Ives,Santa Claus Is Coming To Town,Have A Holly Jolly Christmas,album,"Burl Ives ""Santa Claus Is Coming To Town"" (Official Visualizer)",Christmas Music,Spotify,0.722,0.259,-13.114,0.0721,0.812,0.0,0.128,0.571,81.006,129.5,Calm/Positive,12979,98,2,2650330,0.007705,0.007551,0.08,2.0234375,0,0
95,The Black Keys,Heavy Soul,The Big Come Up,album,The Black Keys - Heavy Soul,Houdini116,Spotify,0.432,0.617,-3.125,0.049,0.53,0.00553,0.122,0.873,98.326,128.9,Happy/Energetic,3986631,22736,502,17674653,0.005829,0.005703,0.52,5.057377049,0,0
96,Mötley Crüe,Wild Side,"Girls, Girls, Girls (Deluxe Version)",album,Mötley Crüe - Wild Side (Official Music Video),MotleyCrueVEVO,Spotify,0.596,0.896,-4.635,0.0383,0.00761,0.000595,0.372,0.457,115.093,282.0,Angry/Intense,32312662,145269,6429,92688735,0.004695,0.004496,2.74,2.408602151,1,1
97,Becky G,Mayores,MALA SANTA,album,"Becky G, Bad Bunny - Mayores (Official Video)",BeckyGVEVO,Youtube,0.745,0.836,-4.336,0.0444,0.145,0.00314,0.116,0.874,96.993,203.2,Happy/Energetic,2248375030,7856227,319541,612105921,0.003636,0.003494,18.07,7.206896552,1,1
98,Andrés Calamaro,Hong Kong,El Madrileño,album,"C. Tangana, Andrés Calamaro - Hong Kong (Video Oficial)",CTanganaVEVO,Spotify,0.649,0.376,-7.528,0.039,0.0626,2.72e-05,0.0911,0.434,97.848,203.5,Sad/Mellow,8464880,128106,3727,26421597,0.015574,0.015134,0.78,4.127332602,1,1
99,Pinguini Tattici Nucleari,Pastello Bianco,AHIA!,album,Pinguini Tattici Nucleari - Pastello Bianco (Amazon Original - Official Video),Pinguini Tattici Nucleari,Spotify,0.546,0.652,-3.852,0.0339,0.451,0.0,0.123,0.378,139.875,236.4,Angry/Intense,311187,9382,212,87512190,0.03083,0.030149,2.58,5.300813008,0,1
100,GIMS,Hola Señorita,Hola Señorita,single,"GIMS, Maluma - Hola Señorita (Maria) [Official Video]",Maluma,Youtube,0.588,0.796,-3.945,0.262,0.386,0.0,0.198,0.546,192.128,206.9,Happy/Energetic,541052860,3426354,68350,167679559,0.006459,0.006333,4.95,4.02020202,1,1
101,Gucci Mane,Letter to Takeoff,So Icy Boyz: The Finale,album,Gucci Mane - Letter to Takeoff [Official Music Video],Gucci Mane,Youtube,0.808,0.478,-8.63,0.381,0.375,0.0,0.0761,0.335,140.958,217.9,Sad/Mellow,7600220,322235,14989,6912028,0.04437,0.042398,0.2,6.281208936,1,1
102,Thundercat,Funny Thing,It Is What It Is,album,Thundercat - Funny Thing (Music Video),guardi,Spotify,0.586,0.893,-8.772,0.439,0.827,0.642,0.212,0.65,140.023,116.6,Happy/Energetic,3909393,120866,3106,151408230,0.031711,0.030917,4.47,4.212264151,0,0
103,Chris Young,I'm Comin' Over,I'm Comin' Over,album,Chris Young - I'm Comin' Over,ChrisYoungVEVO,Spotify,0.575,0.845,-3.838,0.035,0.0282,0.0,0.0814,0.376,127.997,197.3,Angry/Intense,94857219,407264,7000,216294092,0.004367,0.004293,6.39,10.38083538,1,1
104,11:11 Music Group,after dark x sweater weather,after dark x sweater weather (slowed and reverb),single,After Dark x Sweater Weather,11:11 Music Group,Spotify,0.571,0.468,-11.423,0.0371,0.0107,0.0721,0.108,0.0307,140.034,290.6,Sad/Mellow,1566827,48283,1110,26810637,0.031524,0.030816,0.79,4.333333333,0,1
105,Carlos Vives,La Gota Fria,Clasicos de la Provincia,album,Carlos Vives - La Gota Fría (Oficial) (1993),Carlos Vives,Spotify,0.718,0.809,-10.201,0.0511,0.0893,0.0,0.183,0.964,100.848,215.5,Happy/Energetic,65327830,245725,8396,98950782,0.00389,0.003761,2.92,4.420765027,0,1
106,Lee Brice,I Don't Dance,I Don't Dance (Deluxe Edition),album,Lee Brice - I Don't Dance (Official Music Video),Lee Brice,Spotify,0.587,0.559,-7.742,0.0321,0.399,6.69e-06,0.0992,0.19,92.036,221.2,Angry/Intense,48568444,244884,3729,215123726,0.005119,0.005042,6.35,5.635080645,1,1
107,Weezer,Hash Pipe,Weezer (Green Album),album,Weezer - Hash Pipe (Revised),WeezerVEVO,Spotify,0.578,0.882,-6.354,0.044,0.000121,0.479,0.284,0.623,125.603,186.5,Happy/Energetic,25910545,142739,5832,109105631,0.005734,0.005509,3.22,3.105633803,1,1
108,Meek Mill,Dreams and Nightmares,Dreams and Nightmares (Deluxe Edition),album,Meek Mill -Dreams And Nightmares (Intro),Meek Mill,Spotify,0.631,0.774,-2.459,0.3,0.468,0.0,0.281,0.44,79.745,230.7,Angry/Intense,90243072,705839,21479,280539757,0.00806,0.007822,8.28,2.754448399,0,1
109,Carlos Vives,Nota de Amor (feat. Daddy Yankee),Los Vaqueros: La Trilogía,album,"Wisin, Carlos Vives - Nota de Amor (Official Video) ft. Daddy Yankee",wisinofficalVEVO,Youtube,0.806,0.929,-3.017,0.121,0.263,0.0,0.0622,0.602,97.99,232.4,Happy/Energetic,698259076,1928999,43155,186724705,0.002824,0.002763,5.51,14.93569132,1,1
110,Sara Bareilles,Orpheus,Amidst the Chaos (Bonus Version),album,Sara Bareilles - Orpheus (Official Audio),SaraBareillesVEVO,Spotify,0.609,0.484,-7.94,0.0269,0.484,6.08e-05,0.0992,0.367,80.365,253.4,Sad/Mellow,1062620,8015,396,18467079,0.007915,0.007543,0.55,4.879032258,1,1
111,Labrinth,Mount Everest,Imagination & the Misfit Kid,album,Labrinth - Mount Everest (Official Video),LabrinthVEVO,Spotify,0.494,0.428,-7.239,0.205,0.236,0.0698,0.0816,0.44,87.724,157.5,Sad/Mellow,13434090,455028,4306,375539524,0.034192,0.033871,11.09,5.245098039,1,1
112,Zoé,Nada,Archivos Vol. 2: Duetos,album,Zoe (Mexican Group) - Nada,ZoeVEVO,Spotify,0.611,0.81,-5.993,0.0263,0.132,0.0459,0.189,0.549,132.965,260.8,Happy/Energetic,62280075,174846,9665,108456752,0.002963,0.002807,3.2,4.285714286,1,1
113,Los Huracanes del Norte,Mi Complemento,Mi Complemento,album,Los Huracanes Del Norte - Mi Complemento [Video Oficial],GMusicMx,Spotify,0.546,0.309,-17.473,0.0892,0.0407,0.0,0.0651,0.624,157.008,201.7,Calm/Positive,68704,774,8,60765126,0.011382,0.011266,1.79,4.746543779,1,1
114,Banda Cuisillos,Acuérdate De Mi,Acuérdate de Mi,album,@CuisillosOficial - Acuérdate De Mí (Video Oficial),CuisillosOficial,Spotify,0.579,0.661,-7.51,0.0801,0.295,0.000364,0.338,0.629,78.947,232.3,Happy/Energetic,9729957,31736,693,17806164,0.003333,0.003262,0.53,1.955621302,0,1
115,Cream,Crossroads - Live,Wheels Of Fire,album,CREAM Crossroads 1968,Antonio Cuevas,Spotify,0.391,0.756,-11.317,0.0648,0.413,0.0418,0.879,0.839,131.648,258.5,Happy/Energetic,5943041,57773,5602,58745158,0.010664,0.009721,1.73,0.860068259,0,0
116,Fonseca,Ven,Agustín,album,Fonseca - Ven (Video Oficial) | Agustín,Fonseca,Youtube,0.391,0.386,-6.271,0.0313,0.797,1.05e-06,0.164,0.353,83.808,248.5,Sad/Mellow,43686179,186733,4228,43475543,0.004371,0.004274,1.28,2.353658537,1,1
117,Sujatha,Chakku Chakku Vaththikuchi,Asuran (Original Motion Picture Soundtrack),single,Chakku Chakku Vathikuchi | Asuran Movie Video Songs | Roja | Adithyan | Superhit Old Tamil Songs,NH Tamil Songs,Youtube,0.686,0.54,-20.198,0.404,0.0815,0.00195,0.204,0.773,192.128,269.0,Happy/Energetic,7595652,130993,5059,4436212,0.017912,0.017246,0.13,2.647058824,1,1
118,Wu-Tang Clan,"Gravel Pit (feat. RZA, Method Man, Ghostface Killah, Raekwon & U-God)",The Essential Wu-Tang Clan,album,Wu-Tang Clan - Gravel Pit (Official Video),WuTangClanVEVO,Spotify,0.785,0.728,-7.364,0.254,0.278,0.0,0.137,0.533,120.952,244.2,Happy/Energetic,41121912,215994,6017,85411926,0.005399,0.005253,2.52,5.313868613,1,1
119,Eazy-E,No More ?'s,Eazy-Duz-It,album,Eazy E - No More Question's,TehRapChannel,Spotify,0.935,0.805,-4.782,0.225,0.0143,1.53e-06,0.298,0.624,105.641,234.4,Happy/Energetic,11589915,208836,6780,77289104,0.018604,0.018019,2.28,2.701342282,0,0
120,George Benson,Since I Fell For You,Guitar Man,album,? George Benson - Since I fell for you,LazarusJazz1,Spotify,0.467,0.108,-12.753,0.0347,0.952,1.61e-06,0.11,0.242,92.82,178.4,Sad/Mellow,204178,1158,45,16631075,0.005892,0.005672,0.49,0.981818182,0,0
121,Bomba Estéreo,Playa Grande,Playa Grande,single,SOFI TUKKER & Bomba Este?reo - Playa Grande (Official Video) [Ultra Music],Ultra Records,Spotify,0.61,0.882,-4.393,0.0331,0.0262,0.00146,0.245,0.555,120.032,201.3,Happy/Energetic,8944792,99982,1908,22939482,0.011391,0.011178,0.68,3.6,1,1
122,Foo Fighters,The Pretender,"Echoes, Silence, Patience & Grace",album,Foo Fighters - The Pretender,foofightersVEVO,Spotify,0.433,0.959,-4.04,0.0431,0.000917,0.0,0.028,0.365,172.984,269.4,Angry/Intense,526702459,2489533,87678,589718293,0.004893,0.004727,17.41,34.25,1,1
123,Camila Cabello,South of the Border (feat. Camila Cabello & Cardi B),No.6 Collaborations Project,album,Ed Sheeran - South of the Border (feat. Camila Cabello & Cardi B) [Official Music Video],Ed Sheeran,Spotify,0.857,0.621,-6.376,0.0825,0.148,0.0,0.0865,0.668,97.989,204.5,Happy/Energetic,238926116,2224915,52737,670643659,0.009533,0.009312,19.8,7.179190751,1,1
124,MC Hariel,Invencível,Invencível,single,Invencível - MC Daniel e MC Hariel (GR6 Explode),GR6 EXPLODE,Youtube,0.554,0.66,-5.677,0.2,0.416,0.0,0.372,0.632,91.434,212.5,Happy/Energetic,7562333,167610,59911,4268584,0.030086,0.022164,0.13,1.774193548,1,1
125,The Black Keys,Your Touch,Magic Potion,album,The Black Keys - Your Touch [Official Music Video],The Black Keys,Spotify,0.532,0.768,-8.698,0.0551,0.8,2.01e-05,0.377,0.698,116.026,162.6,Happy/Energetic,6530418,27353,1180,35985746,0.004369,0.004189,1.06,2.037135279,1,1
126,Mc Kevin,Pandemia,Fênix,album,MC Kevin - Pandemia (Álbum Fênix) Perera DJ,4M Original,Spotify,0.664,0.423,-7.966,0.563,0.733,2.1e-05,0.0715,0.382,145.044,139.6,Sad/Mellow,17447466,201401,1976,19761334,0.011657,0.011543,0.58,5.916083916,1,1
127,Vacations,Telephones,Changes,album,Vacations - Telephones,VACATIONS,Spotify,0.526,0.447,-9.268,0.0274,0.00283,0.0301,0.109,0.183,74.995,212.4,Sad/Mellow,9371271,125650,1358,162447652,0.013553,0.013408,4.8,4.100917431,0,0
128,Los Inquietos Del Norte,Mi Amigo el de Arriba,La Gritera,album,Los Inquietos Del Norte - Mi Amigo El De Arriba (Video Oficial),Inquietos del Norte,Youtube,0.721,0.801,-7.058,0.0648,0.417,1.31e-06,0.0739,0.649,122.327,146.5,Happy/Energetic,288617929,1085093,21347,62908755,0.003834,0.00376,1.86,10.83897158,1,1
129,Carla Morrison,Eres Tú,Déjenme Llorar,album,Carla Morrison - Eres Tú [Video Oficial],Carla Morrison,Spotify,0.603,0.31,-10.843,0.0447,0.793,0.0,0.108,0.48,188.155,228.3,Sad/Mellow,50026347,245773,9299,153771619,0.005099,0.004913,4.54,2.87037037,1,1
130,Sonu Nigam,Tumse Milke Dil Ka,Main Hoon Na,album,Tumse Milke Dilka Jo Haal [Full Song] | Main Hoon Na | Shahrukh Khan,T-Series,Youtube,0.853,0.745,-8.636,0.109,0.0642,1.87e-06,0.0274,0.882,107.985,359.3,Happy/Energetic,158580261,1310735,24260,30651817,0.008418,0.008265,0.91,27.18978102,1,1
131,Héctor Lavoe,Juanito Alimaña,Vigilante,album,Hector Lavoe - Juanito Alimaña (Official video),The Magic Hand,Spotify,0.688,0.795,-4.537,0.0415,0.76,8.01e-06,0.0484,0.921,90.698,457.0,Happy/Energetic,366685,3212,92,36688539,0.00901,0.00876,1.08,16.42561983,0,0
132,Leon James,"Haiyo Haiyo (From ""Oh My Kadavule"")","Haiyo Haiyo (From ""Oh My Kadavule"")",single,"Oh My Kadavule - Haiyo Haiyo Video | Ashok Selvan, Vani Bhojan | Leon James",SonyMusicSouthVEVO,Spotify,0.872,0.757,-4.805,0.0782,0.347,0.0,0.0483,0.849,123.007,209.0,Happy/Energetic,2215255,36167,490,4943735,0.016548,0.016326,0.15,15.67287785,1,1
133,MNEK,Never Forget You,So Good,album,"Zara Larsson, MNEK - Never Forget You",ZaraLarssonMusicVEVO,Spotify,0.583,0.732,-5.728,0.0457,0.00312,9.86e-06,0.269,0.276,145.992,213.4,Angry/Intense,519338846,3755899,100424,877421698,0.007425,0.007232,25.91,2.721189591,1,1
134,Tayc,Comme toi,Fleur froide,album,Tayc - Comme toi (Clip Officiel),Tayc,Spotify,0.469,0.629,-8.423,0.0803,0.276,0.0109,0.111,0.169,106.389,175.4,Angry/Intense,30914047,256969,5897,34812245,0.008503,0.008312,1.03,5.666666667,1,1
135,Playero,Old School Remix,"Playero Greatest Hits Street Mix, Vol. 2",compilation,Old School y Playero Mix,Chris Zelayandia,Spotify,0.759,0.893,-5.141,0.0824,0.0032,8.96e-06,0.854,0.837,106.627,281.4,Happy/Energetic,97931,686,22,251339,0.00723,0.007005,0.01,1.045667447,0,0
136,Yeat,Talk,Lyfë,album,Talk [Official Audio],Yeat Music,Spotify,0.698,0.763,-4.716,0.205,0.0873,0.0,0.647,0.252,139.939,174.9,Angry/Intense,9462683,183784,7567,81003862,0.020222,0.019422,2.39,1.179289026,0,0
137,Prashant Katheriya,Teri Nazar Mein - Unplugged,The Ocean Of Memories (Unplugged),single,0,0,Spotify,0.449,0.298,-7.285,0.0328,0.914,0.000153,0.101,0.715,128.593,115.0,Calm/Positive,0,0,0,1104956,0.0,0.0,0.03,2.95049505,0,0
138,I Prevail,There’s Fear In Letting Go,TRUE POWER,album,I Prevail - There's Fear In Letting Go (Official Music Video),IPrevailBand,Spotify,0.492,0.869,-6.403,0.0673,0.000879,0.00185,0.588,0.136,123.118,234.9,Angry/Intense,2539270,69085,2229,9267886,0.028084,0.027207,0.27,1.477891156,0,0
139,Banda Pequeños Musical,La nena,25 Bandazos de Pequeños Musical (Vol. 1) [USA],album,LA NENA - BANDA PEQUEÑOS MUSICAL,Romantico Incurable,Spotify,0.71,0.831,-7.939,0.0608,0.199,0.0,0.0248,0.961,157.369,174.1,Happy/Energetic,13214943,56498,763,23516010,0.004333,0.004275,0.69,33.50806452,0,0
140,Abhijeet,Husn Hai Suhana,Coolie No.1 (Original Motion Picture Soundtrack),album,Husn Hai Suhana | Coolie No. 1 | Govinda & Karisma Kapoor | Abhijeet & Chandana Dixit | 90's Hits,Tips Official,Youtube,0.741,0.884,-11.863,0.0554,0.161,0.000303,0.211,0.772,126.989,358.3,Happy/Energetic,52624250,360309,9807,5674882,0.007033,0.006847,0.17,4.18957346,1,1
141,A Day To Remember,Mr. Highway's Thinking About The End,Homesick,album,A Day To Remember - Mr. Highway's Thinking About The End,ADayToRememberVEVO,Spotify,0.301,0.916,-6.218,0.0919,0.000132,1.84e-05,0.293,0.451,150.091,255.8,Angry/Intense,18010050,216873,9726,54279967,0.012582,0.012042,1.6,3.126279863,1,1
142,RAF Camora,Diamant,Palmen aus Plastik 3,album,Diamant,Bonez MC - Topic,Spotify,0.816,0.588,-7.149,0.273,0.431,0.000215,0.0709,0.219,102.982,137.5,Angry/Intense,1540596,13305,0,16057260,0.008636,0.008636,0.47,8.293370945,1,1
143,Jaymes Young,What Is Love,What Is Love,single,Jaymes Young - What Is Love [Official Audio],Jaymes Young,Spotify,0.466,0.278,-10.318,0.0265,0.85,1.08e-05,0.13,0.123,98.391,208.7,Sad/Mellow,3839119,101165,1326,32800627,0.026696,0.026351,0.97,2.138461538,1,1
144,Rocío Dúrcal,Como Tu Mujer,Como Tu Mujer,album,"ROCI?O DURCAL ""COMO TU MUJER""",YouMoreTv - Espectáculo,Spotify,0.638,0.528,-8.786,0.0234,0.222,2.43e-05,0.076,0.613,96.053,262.7,Happy/Energetic,65416668,195999,7109,116027878,0.003105,0.002996,3.43,6.947368421,0,0
145,Christian Nodal,La Sinvergüenza,La Sinvergüenza,single,"Christian Nodal, Banda MS de Sergio Lizárraga - La Sinvergüenza",ChristianNodalVEVO,Spotify,0.704,0.482,-5.352,0.0349,0.211,0.0,0.3,0.604,102.01,198.5,Calm/Positive,121169170,542348,11111,167661438,0.004568,0.004476,4.95,1.606666667,1,1
146,Ruger,Red Flags,Red Flags,single,Ruger - Red Flags (Official Video),RugerVEVO,Youtube,0.665,0.698,-6.852,0.226,0.193,1.02e-06,0.11,0.643,98.603,175.3,Happy/Energetic,6231266,102692,3257,4004229,0.017003,0.01648,0.12,6.345454545,1,1
147,Robin Schulz,Love Tonight (Robin Schulz Remix),Love Tonight (Robin Schulz Remix),single,Shouse - Love Tonight (Robin Schulz Remix),SHOUSE,Spotify,0.52,0.785,-7.816,0.0764,0.0319,0.000373,0.392,0.225,122.935,184.8,Angry/Intense,3150189,39676,195,64807738,0.012657,0.012595,1.91,2.00255102,1,1
148,Shankar-Ehsaan-Loy,Ishq Di Baajiyaan,Soorma (Original Motion Picture Soundtrack),single,"Ishq Di Baajiyaan Full Video - Soorma|Diljit Dosanjh, Taapsee|Shankar Ehsaan Loy|Gulzar",SonyMusicIndiaVEVO,Youtube,0.722,0.609,-7.218,0.0473,0.0233,0.000247,0.113,0.807,154.967,287.1,Happy/Energetic,16121069,192628,2330,11171684,0.012093,0.011949,0.33,5.389380531,1,1
149,TOOL,Schism,Lateralus,album,TOOL - Schism,TOOLVEVO,Spotify,0.567,0.714,-8.512,0.0302,0.0012,0.417,0.186,0.191,107.441,403.5,Angry/Intense,45484337,340669,13497,102043318,0.007787,0.00749,3.01,3.838709677,1,1
150,The Strokes,The Adults Are Talking,The New Abnormal,album,The Strokes - The Adults Are Talking (Official Video),thestrokesVEVO,Spotify,0.593,0.749,-5.67,0.0475,0.0113,0.106,0.314,0.649,164.959,309.1,Happy/Energetic,24138715,387018,12782,260167135,0.016563,0.016033,7.68,2.385350318,1,1
151,Lizzo,About Damn Time - Purple Disco Machine Remix,About Damn Time (Purple Disco Machine Remix),single,Lizzo - About Damn Time (Purple Disco Machine Remix) [Official Audio],Lizzo Music,Spotify,0.8,0.771,-6.638,0.123,0.0531,0.0,0.229,0.886,118.991,218.5,Happy/Energetic,729791,15343,340,19225736,0.02149,0.021024,0.57,3.366812227,1,1
152,Bread,Lost Without Your Love,Lost Without Your Love,album,Lost Without Your Love by BREAD,binoehubilla,Spotify,0.266,0.345,-11.484,0.0309,0.376,1.9e-05,0.103,0.199,145.98,176.9,Sad/Mellow,3912966,29946,1727,30351766,0.008094,0.007653,0.9,3.349514563,0,0
153,I Prevail,Feel Something (With I Prevail),Feel Something (With I Prevail),single,"ILLENIUM, Excision, I Prevail - Feel Something (Lyric Video)",IlleniumVEVO,Spotify,0.428,0.877,-4.722,0.0835,0.00153,0.00372,0.0943,0.113,75.518,221.0,Angry/Intense,10800067,213596,4885,45716722,0.02023,0.019777,1.35,9.300106045,1,1
154,Laura Pausini,Víveme,Escucha,album,Laura Pausini - Víveme (Official Video),Warner Music Italy,Youtube,0.578,0.524,-4.447,0.0322,0.186,0.0,0.126,0.196,135.739,236.6,Angry/Intense,131667727,556049,15242,101734132,0.004339,0.004223,3.0,4.158730159,1,1
155,Michael Giacchino,Mission: Impossible Theme,Mission: Impossible III (Music From The Original Motion Picture Soundtrack),album,Mission Impossible III - Michael Giacchino - Schifrin And Variations,mollemania,Spotify,0.299,0.571,-8.949,0.0395,0.318,0.137,0.0452,0.764,89.642,51.8,Happy/Energetic,796164,3867,149,25985235,0.005044,0.004857,0.77,12.63274336,0,0
156,Alfredo Olivas,Antecedentes De Culpa,La Rueda De La Fortuna,album,Alfredo Olivas - Antecedentes De Culpa,AlfredoOlivasVEVO,Youtube,0.664,0.788,-4.607,0.124,0.27,0.0,0.289,0.876,150.04,195.5,Happy/Energetic,179377528,319988,2344,70543497,0.001797,0.001784,2.08,2.726643599,1,1
157,Jorge Drexler,Inoportuna,12 segundos de oscuridad,album,Inoportuna,Jorge Drexler - Topic,Spotify,0.749,0.423,-9.239,0.0302,0.651,0.00116,0.145,0.507,78.005,164.9,Calm/Positive,1388099,7868,19,17278629,0.005682,0.005668,0.51,2.917241379,1,1
158,Tulus,Interaksi,Manusia,album,TULUS - Interaksi (Official Lyric Video),Tulus,Spotify,0.464,0.344,-8.302,0.033,0.778,1.23e-06,0.132,0.751,177.713,170.0,Calm/Positive,31425658,180184,2043,63782772,0.005799,0.005734,1.88,2.606060606,1,1
159,Turma do Pagode,Sua Mãe Vai Me Amar,Sua Mãe Vai Me Amar,single,Turma do Pagode - Sua Mãe Vai Me Amar (Clipe Oficial),TurmadoPagodeVEVO,Spotify,0.571,0.816,-6.011,0.0374,0.4,0.0,0.808,0.942,163.941,183.8,Happy/Energetic,51712657,429535,3084,123274005,0.008366,0.008306,3.64,1.00990099,1,1
160,Backstreet Boys,The Call,Black & Blue,album,Backstreet Boys - The Call (Official HD Video),BackstreetBoysVEVO,Spotify,0.696,0.874,-3.318,0.0772,0.117,0.0,0.331,0.747,104.196,204.8,Happy/Energetic,30714084,171037,7935,65767068,0.005827,0.005569,1.94,2.640483384,1,1
161,Whitesnake,The Deeper the Love - 2019 Remaster,Slip of the Tongue (2019 Remaster),album,Whitesnake - The Deeper the Love (Official Music Video),RHINO,Spotify,0.537,0.662,-7.52,0.0286,0.000611,1.43e-06,0.0863,0.471,104.977,259.9,Angry/Intense,7279474,47310,1790,13149457,0.006745,0.006499,0.39,7.670915411,1,1
162,Missy Elliott,Get Ur Freak On,Miss E... So Addictive,album,Missy Elliott - Get Ur Freak On [Official Music Video],Missy Elliott,Spotify,0.797,0.75,-9.369,0.247,0.533,0.108,0.095,0.74,177.87,211.1,Happy/Energetic,72119567,654802,20462,232992865,0.009363,0.009079,6.88,7.894736842,1,1
163,Nakash Aziz,"Cutiepie (From ""Ae Dil Hai Mushkil"")",Ae Dil Hai Mushkil (Original Motion Picture Soundtrack) [Deluxe Edition],album,"Cutiepie Full Video - ADHM|Ranbir, Anushka|Pardeep, Nakash Aziz|Pritam|Karan Johar",SonyMusicIndiaVEVO,Youtube,0.799,0.929,-3.231,0.0668,0.253,0.000462,0.24,0.952,127.999,231.6,Happy/Energetic,71575391,321662,6061,27431215,0.004579,0.004494,0.81,3.870833333,1,1
164,AYLIVA,Was du nicht weisst,Weisses Herz,album,Was du nicht weisst,AYLIVA - Topic,Spotify,0.642,0.292,-10.017,0.0347,0.534,0.0,0.174,0.239,130.378,96.7,Sad/Mellow,623309,8432,13,5150262,0.013549,0.013528,0.15,1.67816092,1,1
165,NF,The Search,The Search,album,NF - The Search,NFVEVO,Spotify,0.789,0.789,-4.813,0.298,0.598,0.0,0.099,0.37,119.95,248.1,Angry/Intense,211980103,4160144,128745,414513445,0.020233,0.019625,12.24,7.96969697,1,1
166,Conjunto Primavera,Necesito Decirte,Necesito Decirte,album,Conjunto Primavera - Necesito Decirte (Video Oficial),ConjuntoPrimavraVEVO,Youtube,0.65,0.514,-10.073,0.0306,0.0266,3.42e-05,0.0881,0.374,72.633,224.5,Angry/Intense,231697332,701560,17388,96319821,0.003103,0.003028,2.84,5.834279228,1,1
167,Die drei ???,Teil 3 - Das Geheimnis der Geisterinsel,Das Geheimnis der Geisterinsel,album,Die drei Fragezeichen - Das Geheimnis der Geisterinsel,Serien Schätze de,Youtube,0.584,0.482,-10.423,0.865,0.563,0.0,0.664,0.638,103.357,180.0,Calm/Positive,21912,256,5,0,0.011911,0.011683,0.0,0.725903614,0,0
168,Sam Hunt,Make You Miss Me,Montevallo,album,Sam Hunt - Make You Miss Me (with lyrics),drawnmap96,Spotify,0.614,0.472,-6.626,0.0297,0.158,0.0,0.111,0.168,146.005,225.7,Sad/Mellow,39733621,188964,2844,233221688,0.004827,0.004756,6.89,4.252252252,0,0
169,Curren$y,Radioactive,The Drive in Theatre Part 2,album,Radioactive,Curren$y - Topic,Spotify,0.748,0.792,-5.18,0.273,0.095,0.0,0.166,0.54,134.041,188.3,Happy/Energetic,145096,3034,16,463086,0.021021,0.02091,0.01,4.771084337,1,1
170,Rita Ora,For You (With Rita Ora),LP1,album,Rita Ora - You Only Love Me [Official Video],Rita Ora,Spotify,0.535,0.8,-4.569,0.0342,0.0183,0.0,0.421,0.175,113.023,242.8,Angry/Intense,1278136,39550,1599,403097672,0.032195,0.030943,11.9,1.90023753,1,1
171,Jelly Roll,NEED A FAVOR,NEED A FAVOR,single,"Jelly Roll - ""NEED A FAVOR"" (Official Music Video)",Jelly Roll,Spotify,0.504,0.771,-4.231,0.0319,0.0123,1.89e-05,0.078,0.555,157.985,197.4,Happy/Energetic,800312,31008,2191,2910931,0.041483,0.038745,0.09,9.884615385,1,1
172,Jelly Roll,Son Of A Sinner,Ballads Of The Broken,album,Jelly Roll - Son Of A Sinner (Official Music Video),Jelly Roll,Spotify,0.365,0.541,-7.489,0.0304,0.0419,2.25e-06,0.281,0.329,86.041,232.1,Angry/Intense,39397256,298574,8799,59867668,0.007802,0.007579,1.77,1.925266904,1,1
173,Sadhana Sargam,"Vennilave (From ""Minsara Kanavu"")",Ever Green Love Songs (Original Motion Picture Soundtrack),album,Vennilave Vennilave Song | Minsara Kanavu Tamil Movie Songs | Prabhu Deva | Kajol | AR Rahman,API Tamil Songs,Youtube,0.632,0.319,-12.353,0.0307,0.413,0.0,0.152,0.655,91.015,351.7,Calm/Positive,31330875,165875,4969,17523154,0.005453,0.005294,0.52,2.098684211,1,1
174,Elevation Worship,Wait On You (feat. Dante Bowe & Chandler Moore),Old Church Basement,album,Wait On You | Elevation Worship & Maverick City,Elevation Worship,Youtube,0.242,0.604,-6.788,0.0394,0.245,0.0,0.451,0.461,207.553,564.4,Angry/Intense,58123732,469482,27225,24733101,0.008546,0.008077,0.73,1.33924612,1,1
175,Sebastian Yatra,Un Año,FANTASÍA,album,"Sebastián Yatra, Reik - Un Año (Official Video)",SebastianYatraVEVO,Youtube,0.773,0.378,-7.062,0.0531,0.14,0.0,0.133,0.513,94.946,163.8,Calm/Positive,715526281,4763691,150434,466183244,0.006868,0.006658,13.77,2.842105263,1,1
176,Shubh,No Love,No Love,single,No Love (Official Audio) - Shubh,SHUBH,Youtube,0.768,0.487,-8.936,0.0431,0.24,0.0,0.175,0.722,137.034,170.4,Calm/Positive,128231799,1794934,27485,0,0.014212,0.013998,0.0,2.782857143,1,1
177,PARTYNEXTDOOR,BELIEVE IT,PARTYMOBILE,album,PARTYNEXTDOOR & Rihanna - BELIEVE IT [Official Lyrics Video],PARTYNEXTDOOR,Spotify,0.431,0.7,-5.35,0.265,0.0901,0.0,0.216,0.73,157.871,183.2,Happy/Energetic,8457232,88632,1452,299809099,0.010652,0.01048,8.85,3.240740741,0,1
178,Bonez MC,Eine Idee,Palmen aus Plastik 3,album,Bonez MC & RAF Camora – Eine Idee,CrhymeTV,Spotify,0.759,0.688,-6.502,0.215,0.164,0.000242,0.108,0.556,192.189,150.3,Happy/Energetic,1587530,32327,1721,16089604,0.021447,0.020363,0.48,6.37037037,1,1
179,Becky Hill,Run (with Galantis),Only Honest On The Weekend (Deluxe),album,"Becky Hill, Galantis - Run",BeckyHillVEVO,Spotify,0.596,0.88,-2.697,0.0396,0.0391,0.0,0.0757,0.562,124.048,190.1,Happy/Energetic,9139126,71173,2106,60811787,0.008018,0.007788,1.8,11.62483487,1,1
180,The Clash,Janie Jones - Remastered,The Clash (Remastered),album,The Clash - Janie Jones (Official Audio),theclashVEVO,Spotify,0.591,0.824,-7.83,0.0415,0.0344,0.0,0.146,0.741,104.304,128.7,Happy/Energetic,1177425,10057,340,17773912,0.00883,0.008542,0.52,5.643835616,1,1
181,Alan Jackson,Country Boy,Good Time,album,Alan Jackson - Country Boy (Official Music Video),alanjacksonVEVO,Youtube,0.73,0.684,-10.803,0.0351,0.259,1.53e-06,0.111,0.564,139.037,246.1,Happy/Energetic,84857600,413507,12454,79529702,0.00502,0.004873,2.35,6.162162162,1,1
182,Alceu Valença,Anunciação,Melim: Melhores do Meu 2020,compilation,Alceu Valenca - Anunciação,Alceu Valença,Youtube,0.539,0.745,-7.854,0.0278,0.451,0.000235,0.103,0.779,99.901,288.2,Happy/Energetic,86922471,633778,14966,85710030,0.007463,0.007291,2.53,7.233009709,0,1
183,Akhil,Supne,Supne,single,Supne : Akhil | Tanvi Nagi | New Punjabi Song,Gem Tunes Punjabi,Youtube,0.697,0.666,-8.215,0.0542,0.0286,0.0,0.0566,0.653,80.006,229.5,Happy/Energetic,127612197,861889,19429,4455737,0.006906,0.006754,0.13,11.76678445,1,1
184,Trey Songz,Can't Help but Wait,Trey Day,album,Trey Songz - Can't Help But Wait (Official Video),Atlantic Records,Spotify,0.699,0.699,-5.564,0.0737,0.358,0.0,0.0912,0.611,94.977,206.4,Happy/Energetic,46522722,311942,9334,93569649,0.006906,0.006705,2.76,7.664473684,1,1
185,Brandi Carlile,This Time Tomorrow,In These Silent Days,album,Brandi Carlile - This Time Tomorrow (Official Audio),Brandi Carlile,Spotify,0.606,0.326,-10.031,0.0294,0.841,0.0,0.139,0.414,91.626,206.3,Sad/Mellow,295422,4014,168,9755287,0.014156,0.013587,0.29,2.345323741,1,1
186,Leona Lewis,Bleeding Love,Spirit,album,Leona Lewis - Bleeding Love (Official Video),leonalewisVEVO,Spotify,0.638,0.656,-5.886,0.0357,0.188,0.0,0.146,0.225,104.036,262.5,Angry/Intense,201600452,646249,17995,701115109,0.003295,0.003206,20.7,4.493150685,1,1
187,Aline Barros,Imensurável,Minha Oração,album,Aline Barros - Imensurável,AlineBarrosVEVO,Spotify,0.411,0.581,-10.713,0.0586,0.0829,0.0,0.0994,0.183,143.469,358.6,Angry/Intense,8859239,107478,4392,13198584,0.012627,0.012132,0.39,5.845070423,1,1
188,Dire Straits,Six Blade Knife,Dire Straits,album,Dire Straits -  Six Blade Knife,alfonso jimenez - vídeos,Spotify,0.879,0.434,-13.483,0.0441,0.0801,0.395,0.0823,0.872,117.469,253.4,Calm/Positive,958002,11513,118,33999761,0.012141,0.012018,1.0,5.273390036,0,0
189,Sheila On 7,Kita,Sheila On 7,album,Sheila On 7 - Kita,Sony Music Entertainment Indonesia,Spotify,0.687,0.616,-11.654,0.0297,0.15,0.00033,0.374,0.837,123.015,276.7,Happy/Energetic,12997244,52820,6441,20657437,0.00456,0.004064,0.61,1.647058824,1,1
190,Montell Fish,Fall in Love with You.,JAMIE,album,Montell Fish-Fall in love with you(lyric video),Blessed,Spotify,0.538,0.0203,-23.163,0.0437,0.92,0.019,0.104,0.103,121.447,132.0,Sad/Mellow,1268438,38678,399,144561360,0.030807,0.030493,4.27,0.195192308,0,0
191,NCT DREAM,BOOM,We Boom - The 3rd Mini Album,single,NCT DREAM ??? ?? 'BOOM' MV,SMTOWN,Youtube,0.914,0.516,-4.178,0.0918,0.131,0.0,0.0441,0.702,119.969,195.1,Happy/Energetic,152069996,3155111,225060,108493321,0.022228,0.020748,3.2,11.70068027,1,1
192,Mother Mother,Oh Ana,Touch Up,album,Mother Mother - Oh Ana,LastGangRadio,Spotify,0.512,0.525,-7.152,0.0429,0.672,1.66e-05,0.112,0.337,128.054,197.1,Angry/Intense,7617817,128141,3745,129262924,0.017313,0.016821,3.82,4.6875,1,1
193,Billie Holiday,April In Paris,All Or Nothing At All,album,Billie Holiday - April In Paris (1956),Okmusix,Spotify,0.496,0.127,-14.211,0.0382,0.927,7.07e-05,0.132,0.211,74.746,185.6,Sad/Mellow,216572,0,31,34496594,0.000143,0.0,1.02,0.962121212,0,0
194,Carly Simon,Tranquillo (Melt My Heart),Boys in the Trees,album,Carly Simon - Tranquillo (Melt My Heart),thatMimosaGrove,Spotify,0.585,0.655,-7.673,0.0281,0.321,2.77e-06,0.0708,0.821,106.113,243.8,Happy/Energetic,23822,326,21,1805545,0.014566,0.013685,0.05,9.251412429,0,0
195,NewJeans,Ditto,Ditto,single,NewJeans (???) 'Ditto' Official MV (side A),HYBE LABELS,Youtube,0.814,0.641,-5.957,0.111,0.027,0.0,0.0993,0.183,133.854,185.5,Angry/Intense,24807233,1201040,32083,0,0.049708,0.048415,0.0,6.455186304,1,1
196,Luciano,Drill LUV,Majestic,album,Drill LUV,Luciano - Topic,Spotify,0.607,0.429,-9.397,0.193,0.104,0.00195,0.0767,0.312,76.987,175.9,Sad/Mellow,813187,8147,19,12361490,0.010042,0.010019,0.37,5.593220339,1,1
197,Adele,Rolling in the Deep,21,album,Adele - Rolling in the Deep (Official Music Video),AdeleVEVO,Youtube,0.73,0.769,-5.114,0.0298,0.138,0.0,0.0473,0.507,104.948,228.1,Happy/Energetic,2160008518,11603960,411966,1303798870,0.005563,0.005372,38.5,16.25792812,1,1
198,D12,American Psycho,Devils Night,album,American Psycho Music Video,The Dirty Dozen Music Videos,Spotify,0.685,0.765,-3.712,0.271,0.224,0.0,0.103,0.523,84.915,276.8,Happy/Energetic,6423,89,4,9512882,0.014479,0.013856,0.28,7.427184466,0,0
199,Playero,DEJAU',SATURNO,album,"Rauw Alejandro ft. DJ Playero ""DEJAU"" (Video Musical)",BailaMundo,Spotify,0.807,0.812,-2.115,0.0507,0.0782,0.0101,0.433,0.567,107.022,182.8,Happy/Energetic,47485,697,3,24207724,0.014741,0.014678,0.71,1.875288684,0,0
200,Sheila On 7,Seberapa Pantas,07 Des,album,Sheila On 7 - Seberapa Pantas,Sony Music Entertainment Indonesia,Spotify,0.425,0.889,-5.7,0.0802,0.065,0.0,0.345,0.644,162.596,241.3,Happy/Energetic,33800406,113817,8001,63900303,0.003604,0.003367,1.89,2.576811594,1,1
201,Bon Iver,Re: Stacks,"For Emma, Forever Ago",album,Bon Iver - re: Stacks,yurksemesh,Youtube,0.676,0.0812,-22.846,0.0398,0.979,0.416,0.118,0.314,125.075,401.4,Sad/Mellow,5435974,30369,1357,0,0.005836,0.005587,0.0,0.688135593,0,0
202,Cypress Hill,When the Shit Goes Down,Black Sunday,album,Cypress Hill - When the Shit Goes Down,Da.Marley,Spotify,0.861,0.411,-11.362,0.222,0.0331,0.807,0.225,0.544,96.283,188.8,Calm/Positive,7976020,71049,1979,36331840,0.009156,0.008908,1.07,1.826666667,0,0
203,Neo Beats,Escorpião,Zodíaco,album,Xamã Feat. Agnes Nunes - Escorpião (Prod. NeoBeats),Bagua Records,Spotify,0.79,0.464,-7.435,0.189,0.438,0.0,0.116,0.362,115.88,209.0,Sad/Mellow,31529810,538018,14541,33854443,0.017525,0.017064,1.0,4.0,1,1
204,Pezet,Woof,Akademia Sztuk Pi?knych,album,Avi x Louis Villain - WOOF ft. Pezet,Moya Label,Spotify,0.77,0.652,-4.465,0.33,0.154,0.0,0.146,0.385,141.106,165.5,Angry/Intense,6339895,54474,812,7367812,0.00872,0.008592,0.22,4.465753425,1,1
205,The Outfield,For You,Diamond Days,album,The Outfield - For You,TheOutfieldVEVO,Youtube,0.623,0.675,-9.196,0.0309,0.226,8.37e-05,0.156,0.633,118.9,267.3,Happy/Energetic,5354141,25369,1743,4520938,0.005064,0.004738,0.13,4.326923077,1,1
206,Tulus,Hati-Hati di Jalan,Manusia,album,TULUS - Hati-Hati di Jalan (Official Music Video),Tulus,Spotify,0.643,0.436,-11.322,0.0357,0.702,0.0889,0.115,0.755,71.969,242.0,Calm/Positive,34360662,443507,13532,168838890,0.013301,0.012907,4.99,3.791304348,1,1
207,Tiago PZK,"Tiago PZK: Bzrp Music Sessions, Vol. 48","Tiago PZK: Bzrp Music Sessions, Vol. 48",single,TIAGO PZK || BZRP Music Sessions #48,Bizarrap,Spotify,0.657,0.821,-3.06,0.32,0.459,0.0,0.103,0.752,96.561,160.0,Happy/Energetic,175403849,2976831,105730,309525677,0.017574,0.016971,9.14,7.970873786,0,0
208,ENHYPEN,ParadoXXX Invasion,MANIFESTO : DAY 1,single,ENHYPEN (????) 'ParadoXXX Invasion' Official MV,HYBE LABELS,Spotify,0.727,0.863,-3.181,0.0879,0.0298,0.0,0.334,0.72,94.952,187.5,Happy/Energetic,22177418,1051292,58256,24913902,0.050031,0.047404,0.74,2.583832335,1,1
209,Jesse & Joy,Dueles,Un Besito Más,album,0,0,Spotify,0.531,0.834,-3.944,0.052,0.277,0.0,0.131,0.526,142.026,247.6,Happy/Energetic,0,0,0,353985922,0.0,0.0,10.45,6.366412214,0,0
210,Ajaxx,NA TUA MENTE,LITTLE LOVE,album,"MC CABELINHO - NA TUA MENTE (prod. AJAXX, DAREZ)",MC Cabelinho,Spotify,0.711,0.711,-5.161,0.109,0.596,0.00155,0.115,0.609,153.1,152.4,Happy/Energetic,2924174,71716,732,4609180,0.024776,0.024525,0.14,6.182608696,1,1
211,Of Monsters and Men,Love Love Love,My Head Is An Animal,album,Of Monsters And Men - Love Love Love (Official Lyric Video),OfMonstersAndMenVEVO,Spotify,0.324,0.367,-9.814,0.0377,0.806,8.98e-05,0.0836,0.16,110.947,238.8,Sad/Mellow,37113839,264378,5127,85739304,0.007262,0.007123,2.53,4.389952153,1,1
212,The Vamps,Can We Dance,Meet The Vamps,album,The Vamps - Can We Dance (Official Video),TheVampsVEVO,Spotify,0.639,0.843,-4.734,0.0464,0.00226,0.0,0.227,0.546,130.135,193.2,Happy/Energetic,91507548,853960,39057,145874327,0.009759,0.009332,4.31,3.713656388,1,1
213,Rvssian,Krippy Kush,TrapXficante,album,"Farruko, Bad Bunny, Rvssian - Krippy Kush (Official Video)",FARRUKOVEVO,Youtube,0.708,0.56,-7.132,0.129,0.0668,0.0,0.111,0.411,163.043,230.5,Angry/Intense,786280868,4253772,198142,236842231,0.005662,0.00541,6.99,5.045045045,1,1
214,The Smashing Pumpkins,Landslide - Remastered,Pisces Iscariot (Deluxe),album,Landslide (Remastered),The Smashing Pumpkins - Topic,Spotify,0.422,0.208,-15.886,0.0318,0.896,0.0265,0.192,0.354,111.549,190.6,Sad/Mellow,187712,5294,18,50020524,0.028299,0.028203,1.48,1.083333333,1,1
215,Gene Autry,Rudolph the Red-Nosed Reindeer,Rudolph The Red Nosed Reindeer And Other Christmas Classics,album,"Gene Autry ""Rudolph The Red-Nosed Reindeer"" on The Ed Sullivan Show",The Ed Sullivan Show,Spotify,0.629,0.159,-14.056,0.0495,0.883,0.0,0.222,0.642,142.157,186.7,Calm/Positive,48101,760,48,74295804,0.016798,0.0158,2.19,0.716216216,0,1
216,Metro Boomin,Raindrops (Insane) [with Travis Scott],HEROES & VILLAINS,album,"Metro Boomin, Travis Scott - Raindrops (Insane) (Visualizer)",MetroBoominVEVO,Spotify,0.796,0.539,-5.974,0.0433,0.103,0.0,0.343,0.123,111.988,188.6,Angry/Intense,3287469,68414,1268,55173171,0.021196,0.020811,1.63,1.571428571,1,1
217,Grupo Firme,Ya Supérame (En Vivo),Ya Supérame (En Vivo),single,Grupo Firme -  Ya Superame - (Official Video),Grupo Firme,Youtube,0.436,0.4,-6.521,0.11,0.463,0.0,0.76,0.568,75.576,189.0,Calm/Positive,357384393,1906944,19007,233793539,0.005389,0.005336,6.9,0.526315789,1,1
218,Luis Miguel,La Incondicional,Busca Una Mujer,album,"Luis Miguel - ""La Incondicional"" (Video Oficial)",Warner Music México,Spotify,0.374,0.727,-4.352,0.0309,0.237,0.0,0.134,0.283,155.127,257.0,Angry/Intense,157325196,604843,20964,392257514,0.003978,0.003845,11.58,5.425373134,1,1
219,L7NNON,Poesia Acústica 13,Poesia Acústica 13,compilation,"Poesia Acústica #13 - Mc Cabelinho,Tz da Coronel,Oruam,L7NNON,Chefin,N.I.N.A, Chris,Xamã,Luisa Sonza",PineappleStormTV,Youtube,0.572,0.579,-7.242,0.128,0.469,0.0,0.136,0.5,127.982,620.7,Happy/Energetic,87291209,1609323,40180,71682526,0.018897,0.018436,2.12,4.257352941,1,1
220,Lenny Kravitz,Low,Raise Vibration,album,Lenny Kravitz - Low (Official Video),LennyKravitzVEVO,Youtube,0.803,0.682,-3.459,0.037,0.0516,0.000223,0.0456,0.926,106.431,319.0,Happy/Energetic,120496460,576712,14659,25303350,0.004908,0.004786,0.75,14.95614035,1,1
221,benny blanco,Graduation (with Juice WRLD),FRIENDS KEEP SECRETS 2,album,"benny blanco, Juice WRLD - Graduation (Official Music Video)",benny blanco,Spotify,0.728,0.643,-5.353,0.248,0.109,0.0,0.123,0.62,155.009,176.2,Happy/Energetic,57322626,1067632,53303,311567992,0.019555,0.018625,9.2,5.227642276,0,1
222,South Park Mexican,In My Hood,When Devils Strike,album,SPM (South Park Mexican) - In My Hood - Official Music Video,DopeHouseVideos,Spotify,0.842,0.615,-4.445,0.146,0.0448,9.16e-06,0.117,0.669,144.748,345.0,Happy/Energetic,3965273,33001,1481,21689521,0.008696,0.008323,0.64,5.256410256,0,0
223,Camilo,Si Me Dices Que Sí,Si Me Dices Que Sí,single,"Reik, Farruko, Camilo - Si Me Dices Que Sí",reikVEVO,Spotify,0.578,0.634,-5.979,0.333,0.00473,0.0,0.132,0.216,183.89,211.7,Angry/Intense,129179970,897239,13226,290126900,0.007048,0.006946,8.57,4.803030303,1,1
224,Yoko Ono,Instant Karma! (We All Shine On) - Remastered 2010,Signature Box,compilation,0,0,Spotify,0.628,0.931,-9.973,0.0968,0.000689,0.00146,0.0997,0.144,119.976,200.7,Angry/Intense,0,0,0,29870520,0.0,0.0,0.88,9.338014042,0,0
225,Celia Cruz,"Quizás, Quizás, Quizás",Boleros,album,Celia Cruz - Quizas Quizas Quizas,Yayla Kelek,Spotify,0.632,0.33,-10.939,0.0328,0.876,8.19e-06,0.106,0.805,109.826,150.5,Calm/Positive,342026,3157,59,10135866,0.009403,0.00923,0.3,3.113207547,0,0
226,Limp Bizkit,Faith,"Three Dollar Bill, Y'all $",album,Limp Bizkit - Faith,LimpBizkitVEVO,Spotify,0.428,0.781,-6.823,0.281,0.0675,0.000781,0.615,0.709,93.244,146.5,Happy/Energetic,26914800,128668,5601,64383900,0.004989,0.004781,1.9,1.269918699,1,1
227,Soundgarden,Hunted Down,Telephantasm (Deluxe Edition),compilation,Soundgarden - Hunted Down,Sub Pop,Spotify,0.344,0.959,-6.094,0.168,0.00526,0.733,0.301,0.395,165.704,160.4,Angry/Intense,395240,5426,306,5811494,0.014503,0.013728,0.17,3.186046512,1,1
228,Chayanne,Un Siglo Sin Ti,Chayanne,album,Chayanne - Un Siglo Sin Ti (Video Oficial),chayanneVEVO,Youtube,0.611,0.674,-6.143,0.0279,0.0961,0.0,0.129,0.261,133.906,281.0,Angry/Intense,382555979,1352278,42242,141498115,0.003645,0.003535,4.18,5.224806202,1,1
229,John Mellencamp,Pink Houses,Uh-HUH!,album,John Mellencamp - Pink Houses,JohnMellencampVEVO,Spotify,0.635,0.795,-5.313,0.0269,0.0514,3.08e-06,0.0751,0.628,115.23,283.7,Happy/Energetic,20542418,105616,5996,77438972,0.005433,0.005141,2.29,10.58588549,1,1
230,The Lumineers,Angela,Cleopatra,album,The Lumineers - Angela,LumineersVEVO,Spotify,0.668,0.563,-8.23,0.0305,0.649,0.000347,0.11,0.289,130.366,201.8,Angry/Intense,60172096,276171,4628,150496835,0.004667,0.00459,4.44,5.118181818,1,1
231,Los Bukis,Será Mejor Que Te Vayas,Por Amor A Mi Pueblo,album,"Marco Antonio Solís, Los Bukis - Será Mejor Que Te Vayas",MarcoASolisVEVO,Youtube,0.691,0.448,-12.501,0.0288,0.238,0.00191,0.167,0.682,77.899,299.6,Calm/Positive,95545235,199164,5266,74539275,0.00214,0.002084,2.2,2.682634731,1,1
232,Too $hort,So You Want to Be a Gangster,Shorty The Pimp,album,Too Short - So You Wanna Be A Gangster,killahbowl,Spotify,0.687,0.373,-13.988,0.101,0.000186,0.0117,0.325,0.495,110.504,244.5,Sad/Mellow,2978409,40106,0,15347640,0.013466,0.013466,0.45,1.147692308,0,0
233,Marcela Gandara,El Mismo Cielo,El Mismo Cielo,album,El Mismo Cielo - Marcela Gandara - Con Letra,Miguel Granados,Youtube,0.568,0.42,-6.77,0.023,0.696,0.0,0.145,0.25,97.977,243.1,Sad/Mellow,25183497,94717,2576,23809525,0.003863,0.003761,0.7,2.896551724,0,0
234,Arctic Monkeys,505,Favourite Worst Nightmare (Standard Version),album,Arctic Monkeys - 505 (Music Video),Idiographic Pictures,Spotify,0.52,0.852,-5.866,0.0543,0.00237,5.79e-05,0.0733,0.234,140.267,253.6,Angry/Intense,59662,1342,42,981404870,0.023197,0.022493,28.98,11.62346521,0,0
235,Steve Lacy,Some,Some,single,STEVE LACY - SOME,Steve Lacy,Spotify,0.784,0.554,-6.417,0.03,0.00548,0.254,0.0995,0.634,104.01,118.4,Happy/Energetic,5297108,142752,2616,148895924,0.027443,0.026949,4.4,5.567839196,0,1
236,Erik Satie,Gnossienne: No. 1,Satie: Avant-dernières pensées (Bonus Track Version),album,Erik Satie - Gnossienne No.1,DistantMirrors,Spotify,0.424,0.00798,-28.345,0.0496,0.996,0.925,0.0983,0.0794,124.166,214.1,Sad/Mellow,10545759,173981,9535,48625985,0.017402,0.016498,1.44,0.081180061,0,0
237,Sadhana Sargam,Akkam Pakkam,Kireedam,single,Akkam Pakkam,Sadhana Sargam - Topic,Spotify,0.773,0.628,-6.737,0.0425,0.108,0.00119,0.246,0.588,119.96,316.0,Happy/Energetic,3103620,23013,37,8646964,0.007427,0.007415,0.26,2.552845528,1,1
238,Guns N' Roses,Don't Cry (Original),Use Your Illusion I,album,Guns N' Roses - Don't Cry,GunsNRosesVEVO,Youtube,0.456,0.59,-8.638,0.0327,0.00182,0.00379,0.104,0.243,124.635,283.7,Angry/Intense,721158967,2690192,78077,394352271,0.003839,0.00373,11.64,5.673076923,1,1
239,The White Stripes,The Hardest Button to Button,Elephant,album,The White Stripes - Hardest Button To Button (Official Music Video),The White Stripes,Spotify,0.694,0.515,-8.663,0.0736,0.00666,0.622,0.0884,0.566,128.246,212.9,Happy/Energetic,35963789,375510,8671,87731472,0.010682,0.010441,2.59,5.825791855,1,1
240,Yann Tiersen,La valse d'Amélie - Version orchestre,Le Fabuleux destin d'Amélie Poulain (Bande originale du film),album,Yann Tiersen - La Valse d'Amelie (Version Orchestra),Elliott Walsh,Spotify,0.193,0.335,-8.681,0.0314,0.852,0.131,0.117,0.254,64.078,120.3,Sad/Mellow,858543,11153,241,31844186,0.013271,0.012991,0.94,2.863247863,0,0
241,Vijay Yesudas,Kaadhal Vaithu,Deepavali (Original Motion Picture Soundtrack),single,0,0,Spotify,0.679,0.645,-11.743,0.0361,0.032,0.131,0.213,0.653,100.217,309.0,Happy/Energetic,0,0,0,18122021,0.0,0.0,0.54,3.028169014,0,0
242,Silk Sonic,Skate,An Evening With Silk Sonic,album,"Bruno Mars, Anderson .Paak, Silk Sonic - Skate [Official Music Video]",Bruno Mars,Spotify,0.708,0.598,-8.365,0.0291,0.037,0.0,0.17,0.698,112.027,203.1,Happy/Energetic,104023470,1520532,45995,179194223,0.015059,0.014617,5.29,3.517647059,1,1
243,WILLOW,"Female Energy, Part 2",WILLOW,album,"Willow - Female Energy, Part 2 (Official Visualizer)",willowsmith,Spotify,0.539,0.39,-8.341,0.0293,0.0143,0.000125,0.174,0.361,119.791,173.9,Sad/Mellow,3215543,63397,1463,73522794,0.020171,0.019716,2.17,2.24137931,0,0
244,Shenseea,Shen Yeng Anthem,Shen Yeng Anthem,single,Shenseea - ShenYeng Anthem,SHENSEEAVEVO,Spotify,0.67,0.823,-2.24,0.295,0.14,0.0,0.311,0.655,105.739,141.2,Happy/Energetic,11526614,152995,4718,28640272,0.013683,0.013273,0.85,2.646302251,1,1
245,Erik Satie,Gnossienne No. 1 (Arr. Kleynjans),Work From Home With Satie,compilation,Satie: Gnossienne No. 1 (Arr. Kleynjans),Kaori Muraji - Topic,Spotify,0.349,0.0123,-27.57,0.045,0.995,0.95,0.0735,0.0727,97.216,220.8,Sad/Mellow,10623,126,0,21999018,0.011861,0.011861,0.65,0.167346939,1,1
246,Marvin Gaye,What's Going On,What's Going On,album,Marvin Gaye - What's Going On (Official Video 2019),MarvinGayeVEVO,Spotify,0.283,0.716,-9.632,0.0986,0.447,0.0,0.399,0.828,201.96,233.0,Happy/Energetic,9044783,101390,2757,227444299,0.011515,0.01121,6.72,1.794486216,1,1
247,Mc IG,"Let's Go 2 (feat. MC Hariel, Mc Kadu, MC Marks, Mc Don Juan, Mc Luki & MC PH)","Let's Go 2 (feat. MC Hariel, Mc Kadu, MC Marks, Mc Don Juan, Mc Luki & MC PH)",single,"''LET'S GO 2'' DJ GBR, MC IG, Ryan SP, Hariel, Marks, Don Juan, PH, Kadu e MC Luki (GR6 Explode)",GR6 EXPLODE,Youtube,0.602,0.689,-5.443,0.488,0.143,0.0,0.12,0.825,173.947,486.5,Happy/Energetic,41289903,374198,14015,18792286,0.009402,0.009063,0.55,5.741666667,1,1
248,Farruko,Color Esperanza 2020,Color Esperanza 2020,single,Color Esperanza 2020 - Various Artists (Official Video),Latin Waves,Spotify,0.591,0.785,-7.768,0.161,0.161,0.0,0.126,0.785,106.002,217.5,Happy/Energetic,24706293,557112,17598,89466323,0.023262,0.022549,2.64,6.23015873,0,0
249,Mambo Kingz,Apreton,Apreton,single,"Apreton - Kim Loaiza x Dj Luian x Mambo Kingz FT De La Ghetto, Darell, Kevvo (Video Oficial)",Hear This Music,Youtube,0.864,0.641,-6.47,0.0865,0.145,6.5e-06,0.908,0.86,90.003,258.7,Happy/Energetic,8171726,276290,16316,2033075,0.035807,0.03381,0.06,0.705947137,1,1
250,Dread Mar I,Dias De Sol Nublados,Transparente,album,Dread Mar I - Dias de sol nublados,No Go,Spotify,0.781,0.347,-14.425,0.299,0.148,0.0,0.0723,0.961,80.024,169.2,Calm/Positive,8156355,82197,623,30675094,0.010154,0.010078,0.91,4.79944675,0,0
251,Kylie Minogue,The Loco-Motion,Kylie,album,Kylie Minogue - The Loco-motion - Official Video,PWL,Spotify,0.748,0.915,-5.23,0.0376,0.385,0.0585,0.0235,0.763,129.0,193.9,Happy/Energetic,23078882,149200,6052,43750750,0.006727,0.006465,1.29,38.93617021,1,1
252,G-Eazy,"Me, Myself & I",When It's Dark Out,album,"G-Eazy & Bebe Rexha - Me, Myself & I (Official Video)",GEazyMusicVEVO,Spotify,0.756,0.674,-6.518,0.0959,0.0184,0.0,0.158,0.389,111.995,251.5,Angry/Intense,583747989,4520379,99940,1130630271,0.007915,0.007744,33.39,4.265822785,1,1
253,Banda Los Recoditos,Mi Último Deseo,El Free,album,Banda Los Recoditos - Mi Último Deseo (Video Oficial),BandaLosRecoditosVEVO,Youtube,0.844,0.639,-4.461,0.0437,0.62,0.0,0.46,0.974,121.033,163.6,Happy/Energetic,772856415,2284712,30474,228525496,0.002996,0.002956,6.75,1.389130435,1,1
254,Earl Sweatshirt,Inside,"I Don't Like Shit, I Don't Go Outside: An Album by Earl Sweatshirt",album,Inside,Earl Sweatshirt - Topic,Spotify,0.701,0.557,-9.889,0.312,0.162,0.0,0.153,0.371,142.028,109.9,Angry/Intense,781364,12587,180,14626571,0.016339,0.016109,0.43,3.640522876,1,1
255,Dalex,Perreo en La Luna,The Academy,album,"Sech, Feid, Lenny Tavárez, Justin Quiles, Dalex ""PERREO EN LA LUNA"" (Video Musical)",BailaMundo,Spotify,0.711,0.757,-4.188,0.29,0.268,0.0,0.367,0.724,174.013,218.6,Happy/Energetic,122162,2731,23,181999873,0.022544,0.022356,5.37,2.0626703,0,0
256,Solfeggio Healing Frequencies MT,528 Hz Whole Body Regeneration,528 Hz Meditation Music,album,528Hz - Whole Body Regeneration - Full Body Healing | Emotional & Physical Healing,PowerThoughts Meditation Club,Spotify,0.164,0.0812,-26.974,0.0547,0.963,0.808,0.102,0.0505,140.408,146.1,Sad/Mellow,24385197,229425,19464,39378128,0.010207,0.009408,1.16,0.796078431,1,1
257,Juan Luis Guerra 4.40,Las Avispas,Para Ti,album,Juan Luis Guerra - Las Avispas (Video Oficial),Emaus Way,Spotify,0.814,0.944,-2.758,0.0532,0.544,7.91e-06,0.0642,0.961,130.082,197.3,Happy/Energetic,28961042,163611,4290,80346765,0.005797,0.005649,2.37,14.70404984,0,0
258,Adolescent's Orquesta,Arrepentida,Persona Ideal,album,Adolescent's Orquesta - Arrepentida (Letra Oficial),Adolescent's Orquesta,Spotify,0.746,0.734,-8.526,0.0508,0.373,1.69e-06,0.209,0.929,110.97,247.8,Happy/Energetic,1527536,11494,96,20087036,0.007587,0.007525,0.59,3.511961722,1,1
259,Sherlock Holmes,Teil 9 - Fall 53: Die sieben Zinnsoldaten,"Die neuen Fälle, Fall 53: Die sieben Zinnsoldaten",album,"Sherlock Holmes - Die neuen Fälle, Fall 16: Der leise Takt des Todes (Komplettes Hörspiel)",Maritim Verlag,Spotify,0.62,0.578,-10.976,0.951,0.305,0.0,0.213,0.644,79.396,195.0,Happy/Energetic,65852,1186,120,105454,0.019832,0.01801,0.0,2.713615023,1,1
260,Kaskade,Escape (feat. Hayla),Escape (feat. Hayla),single,Kx5 - Escape (feat. Hayla) [Official Lyric Video],Kx5,Spotify,0.659,0.798,-6.933,0.0749,0.175,0.000379,0.708,0.15,126.064,240.4,Angry/Intense,4120344,42710,952,56285470,0.010597,0.010366,1.66,1.127118644,0,1
261,Chris Rea,Driving Home for Christmas,New Light Through Old Windows,compilation,Chris Rea ~ Driving Home For Christmas  (1986),TheOldrecordclub,Youtube,0.603,0.705,-7.547,0.0328,0.556,0.000123,0.342,0.89,90.12,239.9,Happy/Energetic,48133380,0,23235,0,0.000483,0.0,0.0,2.061403509,0,0
262,Four Tops,Bernadette,Reach Out,album,Four Tops -  Bernadette (1967),moondoggy,Spotify,0.655,0.8,-8.375,0.029,0.0892,0.0,0.491,0.695,111.195,181.8,Happy/Energetic,142967,2080,225,13472068,0.016123,0.014549,0.4,1.629327902,0,0
263,Mazzy Star,Fade Into You,So Tonight That I Might See,album,Mazzy Star - Fade Into You (Official Music Video),MazzyStarVEVO,Spotify,0.42,0.33,-13.925,0.0275,0.245,0.000679,0.0677,0.175,157.143,295.6,Sad/Mellow,56650189,536645,25878,296526760,0.00993,0.009473,8.76,4.874446086,1,1
264,Seu Jorge,Final de Semana,Final de Semana,single,"Papatinho - Final de Semana ft. Seu Jorge, Black Alien",Papatunes,Spotify,0.795,0.502,-5.746,0.214,0.676,0.0,0.52,0.653,129.533,201.7,Happy/Energetic,7614632,117736,2425,24994895,0.01578,0.015462,0.74,0.965384615,1,1
265,La Joaqui,Butakera,Butakera,single,LA JOAQUI Ft El Noba & Alan Gomez - BUTAKERA,LA JOAQUI Canal Oficial,Youtube,0.871,0.563,-6.422,0.0618,0.56,0.0,0.0665,0.457,88.96,143.4,Angry/Intense,72362602,396932,5068,57595098,0.005555,0.005485,1.7,8.466165414,1,1
266,Skepta,That's Not Me,Konnichiwa,album,Skepta ft. JME - That's Not Me (Official Video),3 Beat,Spotify,0.827,0.854,-3.43,0.238,0.334,0.0,0.073,0.869,139.089,186.0,Happy/Energetic,19946217,171860,4625,93087424,0.008848,0.008616,2.75,11.69863014,0,0
267,Becky Hill,Crazy What Love Can Do,Crazy What Love Can Do,single,David Guetta & Becky Hill & Ella Henderson - Crazy What Love Can Do (Official Music Video),David Guetta,Spotify,0.601,0.713,-3.758,0.0449,0.0282,0.0,0.158,0.464,122.872,169.8,Angry/Intense,19985262,143454,2182,212910249,0.007287,0.007178,6.29,4.512658228,1,1
268,Diana Ross,Chain Reaction,Eaten Alive (Expanded Edition),album,Diana Ross - Chain Reaction (Official Video),DianaRossTV,Spotify,0.806,0.6,-9.642,0.0329,0.091,0.000436,0.0836,0.756,127.814,227.9,Happy/Energetic,1121989,9565,472,48800293,0.008946,0.008525,1.44,7.177033493,0,0
269,Lyanno,Nada,Error 93,album,"Cazzu, Lyanno, Rauw Alejandro, Dalex - Nada (Video Oficial)",CAZZU Canal Oficial,Youtube,0.898,0.543,-8.317,0.121,0.343,0.000623,0.338,0.359,98.992,305.1,Angry/Intense,440639876,2354908,43008,146276255,0.005442,0.005344,4.32,1.606508876,1,1
270,Commodores,Machine Gun,Machine Gun,album,Commodores - Machine gun (SoulTrain),mavrtje,Spotify,0.741,0.97,-6.364,0.0341,0.00882,0.836,0.295,0.778,113.103,159.5,Happy/Energetic,3340906,34744,1822,22448160,0.010945,0.0104,0.66,3.288135593,0,0
271,Shilpa Rao,"Ghungroo (From ""War"")",YRF Top 10 - Nightout Sounds,album,0,0,Spotify,0.695,0.729,-6.274,0.0322,0.0738,0.000182,0.533,0.872,118.028,302.9,Happy/Energetic,0,0,0,145835348,0.0,0.0,4.31,1.367729831,0,0
272,Led Zeppelin,Good Times Bad Times - 1993 Remaster,Led Zeppelin,album,Led Zeppelin - Good Times Bad Times (Official Audio),Led Zeppelin,Spotify,0.476,0.717,-9.192,0.0949,0.0382,7.61e-05,0.0818,0.753,93.584,166.3,Happy/Energetic,3708537,47899,1558,238911403,0.013336,0.012916,7.05,8.765281174,1,1
273,Ana Mena,Quiero Decirte,Quiero Decirte,single,"Abraham Mateo, Ana Mena - Quiero Decirte (Official Video)",AbrahamMateoVEVO,Spotify,0.751,0.772,-3.853,0.0383,0.039,0.0,0.102,0.923,117.941,222.3,Happy/Energetic,23420627,172386,6578,34470933,0.007641,0.00736,1.02,7.568627451,1,1
274,Westlife,Flying Without Wings,Westlife,album,Westlife - Flying Without Wings (Official Video),westlifeVEVO,Spotify,0.457,0.488,-7.964,0.0301,0.326,0.0,0.154,0.283,72.517,216.3,Sad/Mellow,34477522,153618,9150,82059007,0.004721,0.004456,2.42,3.168831169,1,1
275,Tiësto,10:35,10:35,single,Tiësto - 10:35 (feat. Tate McRae) (Official Music Video),Tiësto,Spotify,0.696,0.793,-5.733,0.097,0.0683,3.78e-06,0.18,0.698,120.003,172.3,Happy/Energetic,12850997,137385,2405,107996524,0.010878,0.010691,3.19,4.405555556,1,1
276,Miracle Tones,528 Hz Anxiety Relief,528 Hz Transformation and Miracles (DNA Repair),single,528 Hz Anxiety Relief,Miracle Tones - Topic,Spotify,0.328,0.0686,-28.37,0.0496,0.983,0.664,0.0963,0.0364,138.593,116.1,Sad/Mellow,95284,558,2,59660839,0.005877,0.005856,1.76,0.712357217,1,1
277,Afrojack,Ten Feet Tall,Forget The World (Deluxe),album,Afrojack - Ten Feet Tall (Official Lyric Video) ft. Wrabel,AfrojackVEVO,Spotify,0.523,0.861,-3.447,0.0644,0.0336,0.0,0.144,0.346,127.049,229.1,Angry/Intense,104876340,651714,13114,156759906,0.006339,0.006214,4.63,5.979166667,1,1
278,Charli XCX,Welcome To My Island - George Daniel & Charli XCX Remix,Welcome To My Island (George Daniel & Charli XCX Remix),single,Welcome To My Island (George Daniel & Charli XCX Remix),Caroline Polachek - Topic,Spotify,0.699,0.702,-6.85,0.0653,0.0116,0.00233,0.175,0.524,134.391,202.5,Happy/Energetic,82383,3381,158,1389943,0.042958,0.04104,0.04,4.011428571,1,1
279,Waylon Jennings,Mammas Don't Let Your Babies Grow up to Be Cowboys,Waylon & Willie,album,"Mammas, Don't Let Your Babies Grow Up to Be Cowboys",Waylon Jennings - Topic,Spotify,0.363,0.361,-14.398,0.0499,0.623,0.00119,0.154,0.612,187.711,152.9,Calm/Positive,8145894,90383,295,142956049,0.011132,0.011096,4.22,2.344155844,1,1
280,Vince Gill,Whenever You Come Around,When Love Finds You,album,Vince Gill - Whenever You Come Around,Electricchris1,Spotify,0.719,0.22,-11.811,0.0294,0.736,9.4e-06,0.118,0.168,115.375,259.2,Sad/Mellow,7115094,40970,1766,16532693,0.006006,0.005758,0.49,1.86440678,0,0
281,Ruth B.,Superficial Love - Single Version,Safe Haven,album,Ruth B. - Superficial Love (Official Video),RuthBVEVO,Spotify,0.599,0.866,-2.808,0.0629,0.359,0.0,0.107,0.391,147.934,219.5,Angry/Intense,27001157,591839,8743,32161096,0.022243,0.021919,0.95,8.093457944,1,1
282,Vintage Culture,Slow Down (feat. Jorja Smith) - Vintage Culture & Slow Motion Remix,Slow Down (feat. Jorja Smith) [Vintage Culture & Slow Motion Remix],single,Maverick Sabre - Slow Down Feat. Jorja Smith (Slow Motion & Vintage Culture Official Remix),Vintage Culture,Spotify,0.881,0.661,-7.681,0.0343,0.098,0.0187,0.101,0.965,124.023,181.3,Happy/Energetic,55495931,390540,6691,214283293,0.007158,0.007037,6.33,6.544554455,0,1
283,Niro,Sors de ma tête,OX7,album,Niro - Sors de ma tête,Ambition Music,Spotify,0.64,0.413,-11.989,0.451,0.786,3.3e-06,0.143,0.408,134.644,198.2,Sad/Mellow,21523589,107532,1362,26465204,0.005059,0.004996,0.78,2.888111888,1,1
284,KISS,Detroit Rock City,Smashes Thrashes & Hits,compilation,Kiss - Detroit Rock City,realsicilianman,Spotify,0.479,0.847,-11.036,0.0984,0.00884,0.000206,0.144,0.317,90.654,228.6,Angry/Intense,32054074,187012,7848,191138464,0.006079,0.005834,5.64,5.881944444,0,0
285,Nelly,Just A Dream,5,album,Nelly - Just A Dream (Official Music Video),NellyVEVO,Youtube,0.531,0.752,-6.161,0.0305,0.0421,0.0,0.12,0.103,89.917,237.8,Angry/Intense,674682680,3259320,133304,376250061,0.005028,0.004831,11.11,6.266666667,1,1
286,James Newton Howard,I'm Not a Hero,The Dark Knight (Original Motion Picture Soundtrack),album,I'm Not A Hero - Hans Zimmer & James Newton Howard [The Dark Knight SoundTrack],MovieeMusicc,Spotify,0.3,0.289,-17.109,0.0557,0.688,0.683,0.0772,0.0492,129.673,394.4,Sad/Mellow,491057,2241,276,18047267,0.005126,0.004564,0.53,3.743523316,0,0
287,Jordan Davis,Singles You Up,Home State,album,Jordan Davis - Singles You Up (Official Music Video),JordanDavisVEVO,Spotify,0.491,0.907,-3.594,0.0481,0.0491,0.0,0.242,0.631,199.943,182.7,Happy/Energetic,53527894,207779,2763,263142178,0.003933,0.003882,7.77,3.747933884,1,1
288,Kris Kristofferson,Roll Me Up and Smoke Me When I Die - Live,Willie Nelson American Outlaw (Live),compilation,Willie Nelson - Roll Me Up and Smoke Me When I Die (Live Version),WillieNelsonVEVO,Spotify,0.427,0.813,-9.02,0.0737,0.0713,0.109,0.873,0.344,106.859,134.3,Angry/Intense,8726136,58295,1658,9999321,0.006871,0.006681,0.3,0.931271478,1,1
289,Jesús Adrián Romero,Dame Tus Ojos (feat. Jesús Adrián Romero),Mas Que Un Anhelo,album,"Jesús Adrián Romero, Marcela Gándara - Dame Tus Ojos (Video Oficial)",Jesus Adrian Romero,Youtube,0.701,0.494,-6.811,0.027,0.56,0.0,0.224,0.206,119.998,214.8,Sad/Mellow,189325577,522262,13474,70458121,0.00283,0.002759,2.08,2.205357143,1,1
290,Deftones,7 Words,Adrenaline,album,Deftones - 7 Words [Official Music Video],Deftones,Spotify,0.431,0.906,-6.13,0.0945,0.0001,0.0001,0.123,0.53,125.459,223.9,Happy/Energetic,1233459,11311,527,31416260,0.009597,0.00917,0.93,7.365853659,1,1
291,Gucci Mane,I Get the Bag (feat. Migos),Mr. Davis,album,Gucci Mane - I Get The Bag feat. Migos [Official Music Video],Gucci Mane,Youtube,0.89,0.633,-5.475,0.168,0.0232,0.000343,0.0993,0.425,139.948,233.1,Angry/Intense,560390981,2658876,62535,488773399,0.004856,0.004745,14.43,6.374622356,1,1
292,SICK LEGEND,SUMMER TIME SADNESS HARDSTYLE,SUMMER TIME SADNESS HARDSTYLE,single,SUMMER TIME SADNESS HARDSTYLE,SICK LEGEND - Topic,Spotify,0.49,0.824,-6.326,0.158,0.0888,1.48e-05,0.363,0.32,166.837,104.9,Angry/Intense,23719,362,0,10838254,0.015262,0.015262,0.32,2.269972452,1,1
293,Chitãozinho & Xororó,Brincar De Ser Feliz,Planeta Azul,album,Chitãozinho & Xororó - Evidências,CHXVEVO,Youtube,0.694,0.557,-11.326,0.0426,0.698,0.0,0.0633,0.77,77.021,242.1,Happy/Energetic,76238633,663857,14360,13630264,0.008896,0.008708,0.4,8.799368088,1,1
294,Brandi Carlile,Highwomen,The Highwomen,album,The Highwomen: Highwomen (OFFICIAL AUDIO),The Highwomen,Spotify,0.554,0.47,-6.604,0.0548,0.77,2.6e-06,0.106,0.346,95.598,212.5,Sad/Mellow,1439189,13905,770,21098857,0.010197,0.009662,0.62,4.433962264,1,1
295,TOMORROW X TOGETHER,Sugar Rush Ride,The Name Chapter: TEMPTATION,single,TXT (?????????) 'Sugar Rush Ride' Official MV (Choreography ver.),HYBE LABELS,Spotify,0.712,0.893,-3.995,0.0851,0.00788,0.0,0.169,0.828,125.022,186.6,Happy/Energetic,3138489,181079,3966,8760157,0.05896,0.057696,0.26,5.284023669,1,1
296,Ajaxx,CAOS,LITTLE LOVE,album,"Fabri Fibra, Lazza, Madame - Caos (Official Video)",FabriFibraVEVO,Youtube,0.626,0.574,-5.175,0.161,0.627,0.0,0.107,0.36,144.912,160.8,Angry/Intense,5091866,37313,1457,4816293,0.007614,0.007328,0.14,5.364485981,1,1
297,Sasha Alex Sloan,I'll Wait,Golden Hour,album,"Kygo, Sasha Alex Sloan - I'll Wait (Lyric Video)",KygoOfficialVEVO,Spotify,0.611,0.649,-6.968,0.058,0.15,1.53e-05,0.105,0.353,123.002,215.4,Angry/Intense,33519977,422533,6787,172802449,0.012808,0.012605,5.1,6.180952381,1,1
298,MØ,Blur (feat. Foster The People),Blur (feat. Foster The People),single,MØ - Blur (Official Video) ft. Foster The People,MOMOMOYOUTHVEVO,Spotify,0.616,0.809,-4.775,0.033,0.0148,0.0,0.718,0.468,140.007,182.0,Angry/Intense,12789046,190782,5658,30196149,0.01536,0.014918,0.89,1.126740947,1,1
299,ScHoolboy Q,Collard Greens,Oxymoron (Deluxe),album,SchoolBoy Q - Collard Greens (Explicit) ft. Kendrick Lamar,ScHoolBoyQVEVO,Spotify,0.825,0.575,-4.87,0.0633,0.025,9.94e-06,0.205,0.65,153.954,300.0,Happy/Energetic,176588639,1162033,39019,490219494,0.006801,0.00658,14.48,2.804878049,1,1
300,Glass Animals,Heat Waves,Dreamland (+ Bonus Levels),album,Glass Animals - Heat Waves (Official Video),GlassAnimalsVEVO,Spotify,0.761,0.525,-6.9,0.0944,0.44,6.7e-06,0.0921,0.531,80.87,238.8,Happy/Energetic,480089002,7145914,140345,2261464473,0.015177,0.014885,66.78,5.700325733,1,1
301,Fabri Fibra,Propaganda,Caos,album,"Fabri Fibra, Colapesce, Dimartino - Propaganda (Official Video)",FabriFibraVEVO,Youtube,0.894,0.778,-3.868,0.0881,0.0372,0.0,0.178,0.888,105.015,213.5,Happy/Energetic,24206027,215273,5079,22669907,0.009103,0.008893,0.67,4.370786517,1,1
302,Nile Rodgers,When Someone Loves You,When Someone Loves You,single,Emeli Sandé - When Someone Loves You ft. Nile Rodgers,EmeliSandeVEVO,Spotify,0.697,0.887,-2.998,0.0364,0.00899,0.00665,0.0738,0.767,124.019,255.6,Happy/Energetic,132545,2745,134,1383471,0.021721,0.02071,0.04,12.01897019,1,1
303,Cuco,Dontmakemefallinlove,Chiquito,single,CUCO - Dontmakemefallinlove (Audio),Cuco,Spotify,0.387,0.904,-4.935,0.0738,0.37,0.425,0.0754,0.839,103.798,207.7,Happy/Energetic,8268190,120328,2658,120881403,0.014875,0.014553,3.57,11.98938992,0,1
304,ROSALÍA,Con Altura,Con Altura,single,"ROSALÍA, J Balvin - Con Altura (Official Video) ft. El Guincho",RosaliaVEVO,Youtube,0.882,0.689,-4.027,0.124,0.39,0.00325,0.0501,0.746,97.963,161.6,Happy/Energetic,2046549485,9268047,281013,680540511,0.004666,0.004529,20.1,13.75249501,1,1
305,Zara Larsson,Never Forget You,So Good,album,"Zara Larsson, MNEK - Never Forget You",ZaraLarssonMusicVEVO,Spotify,0.583,0.732,-5.728,0.0457,0.00312,9.86e-06,0.269,0.276,145.992,213.4,Angry/Intense,519338846,3755899,100424,877421698,0.007425,0.007232,25.91,2.721189591,1,1
306,ROSALÍA,LA NOCHE DE ANOCHE,EL ÚLTIMO TOUR DEL MUNDO,album,BAD BUNNY x ROSALÍA - LA NOCHE DE ANOCHE (Video Oficial),Bad Bunny,Spotify,0.856,0.618,-4.892,0.286,0.0303,0.0,0.0866,0.391,81.993,203.2,Angry/Intense,578285886,3720899,95575,802716182,0.0066,0.006434,23.7,7.136258661,1,1
307,R. Kelly,Ignition - Remix,Chocolate Factory,album,R.kelly - Ignition (Official Video HD),king kong,Spotify,0.795,0.523,-7.165,0.0423,0.061,0.0,0.0914,0.855,133.024,186.1,Happy/Energetic,3797048,27940,2043,560871023,0.007896,0.007358,16.56,5.722100656,0,0
308,Gera MX,Huracán,Huracán,single,Gera MX - Huracán ????,Rich Vagos,Youtube,0.774,0.578,-6.15,0.077,0.51,0.00116,0.282,0.179,86.012,255.0,Angry/Intense,67380158,464408,5054,58872006,0.006967,0.006892,1.74,2.04964539,1,1
309,Sebastian Yatra,Robarte un Beso,VIVES,album,"Carlos Vives, Sebastián Yatra - Robarte un Beso (Official Video)",CarlosVivesVEVO,Youtube,0.742,0.859,-4.942,0.0482,0.0824,0.0,0.359,0.652,95.046,194.7,Happy/Energetic,1592141705,4717580,115541,541381598,0.003036,0.002963,15.99,2.39275766,1,1
310,Nick Jonas,Until We Meet Again,Until We Meet Again,single,"Nick Jonas Performs ""Until We Meet Again"" - The Voice Finale 2020",The Voice Reupload,Spotify,0.422,0.518,-5.862,0.0646,0.339,0.0,0.101,0.29,77.378,197.5,Angry/Intense,2221,71,1,21328917,0.032418,0.031968,0.63,5.128712871,0,0
311,Supertramp,It's Raining Again,Famous Last Words (Remastered),album,Supertramp - It's Raining Again,SupertrampVEVO,Youtube,0.603,0.674,-6.808,0.0295,0.62,0.00261,0.26,0.559,121.261,264.2,Happy/Energetic,59494610,191730,5869,51779427,0.003321,0.003223,1.53,2.592307692,1,1
312,Motionless In White,Reincarnate,Reincarnate,album,Motionless In White - Reincarnate (Official Music Video),Fearless Records,Spotify,0.478,0.992,-3.165,0.211,0.000245,0.000206,0.327,0.117,109.969,220.0,Angry/Intense,28501070,278969,12774,47409937,0.010236,0.009788,1.4,3.033639144,0,0
313,Noah Cyrus,I Burned LA Down,The Hardest Part,album,Noah Cyrus - I Burned LA Down (Official Video),NoahCyrusVEVO,Spotify,0.666,0.547,-8.706,0.0643,0.145,0.000274,0.0987,0.165,117.991,195.3,Angry/Intense,2983517,73442,1674,21857065,0.025177,0.024616,0.65,5.542046606,1,1
314,R3HAB,Poison (with Timmy Trumpet x W&W),Poison (with Timmy Trumpet x W&W),single,"R3HAB, Timmy Trumpet, W&W - Poison (Official Lyric Video)",R3HAB,Spotify,0.331,0.937,-3.607,0.0827,0.112,0.0201,0.0789,0.122,101.563,167.1,Angry/Intense,106668,3324,100,3976910,0.0321,0.031162,0.12,11.87579214,0,1
315,Pink Floyd,Money,The Dark Side of the Moon,album,Pink Floyd - Money (Official Music Video),Pink Floyd,Youtube,0.468,0.536,-10.422,0.144,0.024,0.00199,0.269,0.785,126.256,382.8,Happy/Energetic,27865859,217345,5603,0,0.008001,0.0078,0.0,1.992565056,1,1
316,Ol' Dirty Bastard,Old Man,No Said Date,album,Masta Killa ft. Ol' Dirty Bastard & The Rza - Old Man,HipHopLivesToday,Youtube,0.697,0.826,-4.719,0.377,0.205,0.0,0.0699,0.504,104.003,166.2,Happy/Energetic,230202,4421,194,0,0.020048,0.019205,0.0,11.81688126,0,0
317,Neil Diamond,I Am...I Said - Single Version,Stones,album,Neil Diamond - I Am... I Said (1971) 4K,Classic Hits {Stereo},Spotify,0.246,0.375,-14.409,0.0272,0.141,4.97e-06,0.109,0.511,90.53,213.2,Calm/Positive,151026,2604,137,62566222,0.018149,0.017242,1.85,3.440366972,0,0
318,creamy,stargirl interlude (sped up),stargirl interlude (sped up),single,stargirl interlude sped up,Luoene,Spotify,0.714,0.538,-11.664,0.166,0.58,0.0066,0.107,0.45,107.108,98.7,Angry/Intense,1005798,25643,288,6619451,0.025782,0.025495,0.2,5.028037383,0,0
319,Sam Feldt,Post Malone (feat. RANI) - VIZE Remix,Post Malone (feat. RANI) [VIZE Remix],single,Sam Feldt - Post Malone (feat. RANI) [VIZE Remix] (Official Music Video),Spinnin' Records,Spotify,0.687,0.887,-4.97,0.0564,0.00438,0.00629,0.172,0.345,124.017,154.8,Angry/Intense,551578,9225,98,103193716,0.016902,0.016725,3.05,5.156976744,1,1
320,Mazzy Star,Rose Blood,Among My Swan,album,Rose Blood,Mazzy Star - Topic,Spotify,0.256,0.319,-14.847,0.0299,0.366,0.718,0.113,0.0666,83.044,291.0,Sad/Mellow,578819,9845,61,9860665,0.017114,0.017009,0.29,2.82300885,1,1
321,Faith Evans,Love Like This,Keep the Faith,album,Faith Evans - Love Like This (Official Music Video),Faith Evans,Spotify,0.767,0.551,-7.328,0.0616,0.00364,0.0,0.0451,0.796,100.904,275.7,Happy/Energetic,5705525,84738,1716,91233443,0.015153,0.014852,2.69,12.2172949,1,1
322,Dove Cameron,It's Goin' Down,Descendants 2 (Original TV Movie Soundtrack),compilation,It's Goin' Down (from Descendants 2) (Official Video),DisneyMusicVEVO,Youtube,0.478,0.851,-5.936,0.377,0.0848,0.0,0.48,0.575,155.856,252.2,Happy/Energetic,315298542,2020217,0,71219969,0.006407,0.006407,2.1,1.772916667,1,1
323,Coolio,2 Minutes & 21 Seconds Of Funk,My Soul,album,Coolio - 2 Minutes & 21 Seconds of Funk,Tommy Boy,Spotify,0.83,0.529,-5.634,0.189,0.102,0.00219,0.216,0.382,95.812,144.4,Angry/Intense,130489,1594,33,857338,0.012468,0.012216,0.03,2.449074074,1,1
324,Gurlez Akhtar,Motti Motti Akh,Motti Motti Akh,single,Motti Motti Akh (Full Song) Shivjot Ft Gurlej Akhtar | Latest Punjabi Songs 2020,T-Series Apna Punjab,Youtube,0.776,0.769,-4.486,0.0818,0.159,0.0,0.046,0.867,139.946,271.2,Happy/Energetic,163294572,981617,17706,11076123,0.00612,0.006011,0.33,16.7173913,1,1
325,Ricardo Montaner,El Ultimo Adiós - Varios Artistas Version,El Ultimo Adiós,single,EL ULTIMO ADIOS Ricky Martin Alejandro Sanz Thalia Shakira Gloria Estefan Chayanne Celia Cruz Juan Luis Guerra Luis Fonsi Carlos Vives Ricardo Montaner Alejandro Frnandez   El Ultimo Adios,Liannishabana,Spotify,0.276,0.572,-7.818,0.0377,0.641,0.0,0.2,0.285,77.986,237.5,Angry/Intense,129107,973,107,169769959,0.008365,0.007536,5.01,2.86,0,0
326,TheFatRat,Back One Day (Outro Song),Back One Day (Outro Song),single,TheFatRat & NEFFEX - Back One Day (Outro Song),TheFatRat,Spotify,0.541,0.659,-6.061,0.0371,0.0564,3.19e-06,0.148,0.186,72.567,231.7,Angry/Intense,1327322,61846,3368,3353278,0.049132,0.046595,0.1,4.452702703,1,1
327,The Who,The Seeker - Edit,"Meaty, Beaty, Big And Bouncy",compilation,The Who - The Seeker (1970),Beat-Club,Spotify,0.318,0.657,-11.829,0.0358,0.101,3.01e-06,0.144,0.753,177.477,190.4,Happy/Energetic,532302,11703,502,52961913,0.022929,0.021986,1.56,4.5625,0,0
328,Vilma Palma e Vampiros,"Bye, Bye - En Vivo",Vivo Grandes Exitos en Buenos Aires (En Vivo),compilation,"VILMA PALMA E VAMPIROS ""BYE BYE"" HD",kblueproductions,Spotify,0.659,0.865,-5.866,0.0257,0.136,0.0,0.747,0.709,106.085,251.8,Happy/Energetic,932601,3873,224,8599084,0.004393,0.004153,0.25,1.157965194,0,0
329,Gregory Alan Isakov,San Luis,Evening Machines,album,Gregory Alan Isakov - San Luis (OFFICIAL VIDEO),Gregory Alan Isakov,Spotify,0.567,0.434,-12.755,0.0349,0.86,0.257,0.115,0.254,82.459,272.3,Sad/Mellow,14171267,104705,2333,94282961,0.007553,0.007389,2.78,3.773913043,1,1
330,Beach Weather,Trouble With This Bed,Trouble With This Bed,single,Beach Weather - Trouble With This Bed (Official Video),BeachWeatherVEVO,Spotify,0.648,0.7,-6.253,0.0251,0.196,0.00244,0.121,0.929,92.002,226.9,Happy/Energetic,243484,3823,125,1213451,0.016215,0.015701,0.04,5.785123967,1,1
331,Shweta Mohan,Sirukki Vaasam,Kodi (Original Motion Picture Soundtrack),single,"Kodi - Sirukki Vaasam Tamil Video | Dhanush, Trisha | Santhosh Narayanan",SonyMusicSouthVEVO,Youtube,0.571,0.544,-6.555,0.0507,0.502,0.0,0.0617,0.375,129.869,275.0,Angry/Intense,16211670,65226,1225,8105740,0.004099,0.004023,0.24,8.816855754,1,1
332,PSY,DADDY,PSY 7TH ALBUM,album,PSY - DADDY(feat. CL of 2NE1) M/V,officialpsy,Youtube,0.762,0.869,-3.287,0.13,0.0793,0.0,0.137,0.747,132.05,230.6,Happy/Energetic,669361305,5107045,198024,82676255,0.007926,0.00763,2.44,6.343065693,0,0
333,Kavita Krishnamurthy,Bole Chudiyan,Kabhi Khushi Kabhie Gham (Original Motion Picture Soundtrack),album,"Bole Chudiyan Full Video - K3G|Amitabh, Shah Rukh, Kajol, Kareena, Hrithik|Udit Narayan",SonyMusicIndiaVEVO,Youtube,0.59,0.875,-5.294,0.171,0.45,1.16e-05,0.164,0.737,96.915,408.1,Happy/Energetic,763524771,3554382,116387,42519818,0.004808,0.004655,1.26,5.335365854,1,1
334,Sheryl Crow,Real Gone,Cars (Original Motion Picture Soundtrack),compilation,Sheryl Crow   Real Gone,Abdiel Torres,Spotify,0.608,0.785,-5.346,0.0472,0.00173,0.0,0.0762,0.806,117.983,200.7,Happy/Energetic,62974,1156,72,78678163,0.0195,0.018357,2.32,10.30183727,0,0
335,David Bisbal,Diez Mil Maneras,Tú Y Yo,album,David Bisbal - Diez Mil Maneras (pseudo),DavidBisbalVEVO,Spotify,0.651,0.82,-4.642,0.0316,0.321,0.0,0.0921,0.718,153.958,213.1,Happy/Energetic,40048571,148387,3748,94466341,0.003799,0.003705,2.79,8.903365907,1,1
336,Gerardo Ortiz,Dámaso,El Primer Ministro,album,"""Dámaso"" Gerardo Ortiz [Video Oficial]",DylanDelRecords,Spotify,0.579,0.841,-4.073,0.0324,0.314,0.0,0.199,0.964,165.934,159.0,Happy/Energetic,2598377,9877,450,119027394,0.003974,0.003801,3.51,4.226130653,0,0
337,Anuradha Paudwal,Bahut Pyar Karte Hai - Female Version,Saajan (Original Motion Picture Soundtrack),album,Bahut Pyar Karte Hain Tumko Sanam Anuradha Paudwal   Saajan 1080p HD,Dr. B. Srinivas Raju,Spotify,0.452,0.49,-11.685,0.0397,0.658,5.71e-06,0.167,0.724,123.669,265.7,Calm/Positive,4863905,28010,1026,14701995,0.00597,0.005759,0.43,2.934131737,0,0
338,Soundgarden,Rusty Cage - Remastered,Badmotorfinger (25th Anniversary Remaster),album,Soundgarden - Rusty Cage,SoundgardenVEVO,Spotify,0.307,0.917,-7.599,0.0977,1.65e-05,0.00044,0.0566,0.266,101.879,266.2,Angry/Intense,17443332,130930,8999,72578242,0.008022,0.007506,2.14,16.20141343,1,1
339,Mario,I Choose You,D.N.A.,album,"MARIO ""I Choose you""",cmcivantos,Spotify,0.673,0.628,-5.192,0.0683,0.0819,0.0,0.0812,0.708,90.107,263.0,Happy/Energetic,7620642,49874,1806,36820435,0.006782,0.006545,1.09,7.733990148,0,0
340,Bunbury,La chispa adecuada (feat. León Larregui) - MTV Unplugged,MTV Unplugged. El Libro De Las Mutaciones,album,La Chispa Adecuada - Enrique Bunbury Feat.  León Larregui - BUNBURY MTV Unplugged,Enrique Bunbury,Spotify,0.521,0.482,-9.083,0.0291,0.153,0.0,0.75,0.307,115.997,291.1,Sad/Mellow,60847729,244242,6578,86769906,0.004122,0.004014,2.56,0.642666667,1,1
341,Gene Autry,Home On the Range,The Essential Gene Autry,album,Gene Autry - Home Home On The Range,Margriet Askew,Spotify,0.275,0.184,-12.586,0.0296,0.927,0.0,0.146,0.325,98.781,158.5,Sad/Mellow,626539,2930,240,1614314,0.00506,0.004676,0.05,1.260273973,0,0
342,The Wombats,Moving to New York,"Proudly Present... A Guide to Love, Loss & Desperation (Special Edition)",album,The Wombats - Moving To New York [OFFICIAL VIDEO],Roadrunner Records,Spotify,0.252,0.886,-4.679,0.0714,2.92e-05,5.33e-06,0.256,0.498,161.941,210.6,Angry/Intense,1976615,15000,611,98944918,0.007898,0.007589,2.92,3.4609375,1,1
343,Popcaan,Aboboyaa (feat. Burna Boy),Great Is He,album,Popcaan - Aboboyaa ft Burna Boy (Official Video),Popcaan,Youtube,0.634,0.833,-5.1,0.25,0.297,0.0,0.367,0.714,96.881,166.8,Happy/Energetic,1241734,54122,2088,531624,0.045267,0.043586,0.02,2.269754768,1,1
344,Mahalakshmi Iyer,Des Rangila,Fanaa,album,Des Rangila | Full Song | Fanaa | Aamir Khan | Kajol | Mahalaxmi Iyer | Jatin-Lalit | Prasoon Joshi,YRF,Youtube,0.667,0.831,-7.94,0.0937,0.427,0.0,0.336,0.832,106.01,318.1,Happy/Energetic,111915407,631675,18449,5098783,0.005809,0.005644,0.15,2.473214286,1,1
345,Gojira,Born in Winter,L'Enfant Sauvage (Special Edition),album,Gojira - Born In Winter [OFFICIAL VIDEO],Gojira,Spotify,0.59,0.654,-7.85,0.0265,0.0199,0.721,0.107,0.223,127.996,231.0,Angry/Intense,14744574,127413,4481,19006181,0.008945,0.008641,0.56,6.112149533,1,1
346,Benny Sings,The World,The World,single,Benny Sings - The World (official lyric video),Benny Sings,Spotify,0.754,0.515,-9.45,0.0528,0.454,0.000265,0.0853,0.929,94.986,186.5,Happy/Energetic,41208,688,37,1083793,0.017594,0.016696,0.03,6.037514654,1,1
347,George Strait,Roll Me Up and Smoke Me When I Die - Live,Willie Nelson American Outlaw (Live),compilation,Willie Nelson - Roll Me Up and Smoke Me When I Die (Live Version),WillieNelsonVEVO,Spotify,0.427,0.813,-9.02,0.0737,0.0713,0.109,0.873,0.344,106.859,134.3,Angry/Intense,8726124,58294,1658,9999321,0.00687,0.00668,0.3,0.931271478,1,1
348,Bonobo,Fold,Fold,single,Bonobo & Jacques Greene - Fold (Official Audio),Bonobo,Spotify,0.792,0.861,-6.838,0.0476,0.0472,0.838,0.107,0.0888,127.999,335.4,Angry/Intense,46425,2427,88,538571,0.054173,0.052278,0.02,8.046728972,0,1
349,Lily Allen,Fuck You,"It's Not Me, It's You",album,Lily Allen | Fuck You (Official Video - Explicit Version),Lily Allen,Spotify,0.775,0.904,-4.08,0.0437,0.0271,0.000303,0.06,0.84,130.009,219.9,Happy/Energetic,34772353,566431,18559,258387243,0.016823,0.01629,7.63,15.06666667,1,1
350,Gusttavo Lima,Saudade da Minha Vida - Ao Vivo,Saudade da Minha Vida (Ao Vivo),single,Gusttavo Lima - Saudade da Minha Vida (Ao Vivo no Buteco São Paulo),Gusttavo Lima Oficial,Youtube,0.509,0.935,-3.627,0.0709,0.108,0.0,0.907,0.769,158.927,194.8,Happy/Energetic,8907799,71198,2187,1917585,0.008238,0.007993,0.06,1.030871003,0,0
351,LIT killah,Entre Nosotros (Remix) [con Nicki Nicole],Entre Nosotros (Remix) [con Nicki Nicole],single,"Tiago PZK, LIT killah, Maria Becerra, Nicki Nicole - Entre Nosotros REMIX (Video Oficial)",Tiago PZK,Youtube,0.7,0.438,-5.784,0.0433,0.401,0.0,0.373,0.605,170.106,260.0,Calm/Positive,306858469,2897695,83141,201926628,0.009714,0.009443,5.96,1.174262735,1,1
352,ZZ Top,Jesus Just Left Chicago - 2006 Remaster,Tres Hombres (Expanded 2006 Remaster),album,Jesus Just Left Chicago (2006 Remaster),ZZ Top - Topic,Spotify,0.34,0.598,-9.668,0.0741,0.0853,0.118,0.0969,0.697,215.918,210.3,Happy/Energetic,3648915,45545,169,21702666,0.012528,0.012482,0.64,6.17131063,1,1
353,Lee Brice,One Of Them Girls,Hey World,album,Lee Brice - One of Them Girls (Official Music Video),Lee Brice,Spotify,0.643,0.79,-6.079,0.0461,0.29,0.0,0.107,0.808,95.981,188.9,Happy/Energetic,83258368,393372,4808,244453632,0.004782,0.004725,7.22,7.38317757,1,1
354,Chief Keef,Yes Sir,4NEM,album,"Chief Keef - Yes Sir (Lyrics) ""No Sir""",BangersOnly,Spotify,0.605,0.444,-7.223,0.141,0.0185,0.0,0.297,0.115,172.26,248.4,Sad/Mellow,1754160,32158,644,19018813,0.0187,0.018332,0.56,1.494949495,0,0
355,Don Henley,Taking You Home,Soft Rock For Kids,compilation,Don Henley - Taking You Home (Video),Kacztv,Spotify,0.565,0.511,-7.134,0.0267,0.395,1.36e-05,0.11,0.108,72.35,331.6,Angry/Intense,205109,3227,227,8656408,0.01684,0.015733,0.26,4.645454545,0,0
356,John Mayer,"Free Fallin' - Live at the Nokia Theatre, Los Angeles, CA - December 2007",Where the Light Is: John Mayer Live In Los Angeles,album,John Mayer - Free Fallin' (Live at the Nokia Theatre),johnmayerVEVO,Spotify,0.315,0.296,-13.262,0.0315,0.771,0.0,0.702,0.435,173.509,263.6,Sad/Mellow,123586164,548654,20198,474465270,0.004603,0.004439,14.01,0.421652422,1,1
357,Patrick Watson,Love Songs For Robots,Love Songs For Robots,album,Patrick Watson - Love Songs For Robots (Official Video),Domino Recording Co.,Spotify,0.419,0.237,-14.936,0.0334,0.915,0.807,0.123,0.082,117.069,217.6,Sad/Mellow,706018,7201,167,19457528,0.010436,0.010199,0.57,1.926829268,1,1
358,Mambo Kingz,Báilame - Remix,La Criatura,album,"Nacho, Yandel, Bad Bunny - Báilame (Remix)",NachoVEVO,Youtube,0.646,0.865,-4.215,0.0983,0.269,4.16e-06,0.11,0.762,191.954,217.1,Happy/Energetic,954776783,3386775,122023,434414483,0.003675,0.003547,12.83,7.863636364,1,1
359,Elevation Worship,Million Little Miracles (feat. Joe L Barnes),Old Church Basement,album,Million Little Miracles | Elevation Worship & Maverick City,Elevation Worship,Youtube,0.326,0.318,-9.895,0.0307,0.834,0.0,0.0857,0.11,95.431,405.5,Sad/Mellow,37780111,406848,14379,23665703,0.011149,0.010769,0.7,3.710618436,1,1
360,Black Sabbath,Children of the Grave - 2014 Remaster,Master of Reality (2014 Remaster),album,"BLACK SABBATH - ""Children of the Grave"" from The End (Live Video)",Black Sabbath,Youtube,0.318,0.65,-13.928,0.0375,0.0802,0.132,0.0962,0.368,149.994,317.2,Angry/Intense,12615955,84604,3042,0,0.006947,0.006706,0.0,6.756756757,0,1
361,Gunna,DOLLAZ ON MY HEAD (feat. Young Thug),WUNNA,album,Gunna - DOLLAZ ON MY HEAD (feat. Young Thug) [Official Video],Gunna,Spotify,0.825,0.458,-7.47,0.0577,0.114,0.0,0.102,0.161,145.115,197.8,Sad/Mellow,35342541,441124,8429,320208901,0.01272,0.012481,9.46,4.490196078,1,1
362,Ofenbach,Shivers - Ofenbach Remix,Shivers (Ofenbach Remix),single,Ed Sheeran “Shivers” Ofenbach Remix (Official Audio),Ofenbach,Spotify,0.861,0.832,-3.35,0.0457,0.0119,0.0,0.0461,0.917,126.989,187.2,Happy/Energetic,2331631,14327,166,48597705,0.006216,0.006145,1.44,18.04772234,1,1
363,Øneheart,distorted memories,distorted memories,single,øneheart x reidenshi - distorted memories,dreamscape,Spotify,0.382,0.222,-24.021,0.0325,0.929,0.901,0.0863,0.212,75.048,110.6,Sad/Mellow,222165,9299,176,7321142,0.042648,0.041856,0.22,2.572421784,1,1
364,Matisse,Como Lo Hice Yo,Así de Enamorados,album,"Matisse, Carin Leon - Como Lo Hice Yo (Video Oficial)",MatisseMXVEVO,Spotify,0.69,0.662,-4.537,0.043,0.38,1.11e-06,0.0998,0.488,143.096,177.1,Angry/Intense,106959372,606647,6484,189464651,0.005732,0.005672,5.59,6.633266533,1,1
365,Babasónicos,Irresponsables,Infame,album,Babasónicos - Irresponsables (video oficial) [HD],PopArt Discos,Spotify,0.58,0.929,-4.849,0.0388,0.0629,0.000223,0.23,0.884,94.995,156.2,Happy/Energetic,2751787,25194,937,110774267,0.009496,0.009156,3.27,4.039130435,1,1
366,Mobb Deep,"Shook Ones, Pt. II - Instrumental",The Infamous - 25th Anniversary Expanded Edition,album,"Mobb Deep - Shook Ones, Pt. II (Instrumental - Official Audio)",MobbDeepVEVO,Spotify,0.718,0.778,-6.701,0.0451,0.000815,0.855,0.042,0.642,93.961,276.6,Happy/Energetic,121056,4108,166,3183499,0.035306,0.033935,0.09,18.52380952,1,1
367,James Hype,Ferrari - D1MA Remix,Ferrari (D1MA Remix),single,Ferrari (D1MA Remix),James Hype - Topic,Spotify,0.843,0.672,-5.557,0.142,0.0765,0.0,0.0993,0.706,124.912,172.0,Happy/Energetic,78165,1117,22,1525458,0.014572,0.01429,0.05,6.767371601,1,1
368,Duster,Inside Out,Stratosphere,album,Duster - Inside out,Alwaysbaggyjeans,Spotify,0.553,0.465,-9.664,0.0301,0.84,0.97,0.102,0.652,79.223,141.0,Calm/Positive,679228,24703,1686,82738218,0.038851,0.036369,2.44,4.558823529,0,0
369,Nko,Te Quiero,PAIN,album,VALE PAIN - Te Quiero (Official Video),ValePain Official,Spotify,0.836,0.567,-9.116,0.155,0.118,0.0,0.109,0.89,133.989,163.6,Happy/Energetic,3854003,33861,644,19008770,0.008953,0.008786,0.56,5.201834862,1,1
370,Anitta,Ai Papai,Ai Papai,single,Anitta feat Mc Danny e Hitmaker - AI PAPAI [Official Lyric Video],Anitta,Spotify,0.73,0.966,-1.794,0.0619,0.081,7.93e-05,0.0946,0.891,168.091,148.0,Happy/Energetic,14980040,187117,6301,26896009,0.012912,0.012491,0.79,10.21141649,1,1
371,Waylon Jennings,American Remains,Highwayman 2,album,The Highwaymen - American Remains,phoenixkelser,Spotify,0.684,0.495,-13.877,0.0422,0.47,6.98e-05,0.157,0.528,101.999,247.0,Calm/Positive,5249475,28501,168,36940149,0.005461,0.005429,1.09,3.152866242,0,0
372,"Héctor ""El Father""",Tu Quieres Duro,Mi Trayectoria,album,Hector ''El Father'' - Tu Quieres Dúro (Video),HectorElFatherTV,Spotify,0.802,0.873,-5.698,0.054,0.275,3.12e-06,0.308,0.0933,95.0,218.1,Angry/Intense,262284,2161,58,11136162,0.00846,0.008239,0.33,2.834415584,0,0
373,Sleepy Hallow,Die Young (feat. 347aidan),Die Young (feat. 347aidan),single,Sleepy Hallow - Die Young (Official Video) ft. 347aidan,SleepyHallowVEVO,Spotify,0.808,0.582,-6.26,0.338,0.827,0.0,0.111,0.675,77.471,148.8,Happy/Energetic,18795239,302536,5791,133126327,0.016405,0.016096,3.93,5.243243243,1,1
374,Andrés Cepeda,Lo Que Había Olvidado,Lo Que Había Olvidado,single,Andrés Cepeda - Lo Que Había Olvidado (Video Oficial),AndresCepedaVEVO,Youtube,0.582,0.814,-4.471,0.0362,0.126,0.0,0.51,0.461,91.946,178.7,Angry/Intense,5639690,40649,764,4847818,0.007343,0.007208,0.14,1.596078431,1,1
375,Himesh Reshammiya,Jhalak Dikhla Ja,Aksar,album,Jhalak Dikhla Ja Full Song (HD) Aksar | Emraan Hashmi,T-Series,Youtube,0.688,0.737,-10.051,0.0443,0.015,0.00025,0.0599,0.635,110.969,317.6,Happy/Energetic,243322920,1126162,42411,13762657,0.004803,0.004628,0.41,12.30383973,1,1
376,Los Yonic's,Títere,Pero No Me Dejes,album,Los Yonic's - Titere,Vatos Tv MX,Spotify,0.49,0.479,-7.85,0.0306,0.824,0.000523,0.765,0.373,74.819,186.0,Sad/Mellow,32725,392,35,23691147,0.013048,0.011979,0.7,0.626143791,0,0
377,Beyoncé,Crazy In Love (feat. Jay-Z),Dangerously In Love,album,Beyoncé - Crazy In Love ft. JAY Z,BeyoncéVEVO,Spotify,0.646,0.77,-6.596,0.226,0.00249,0.0,0.0715,0.681,99.165,236.1,Happy/Energetic,669084413,3218858,66334,836260550,0.00491,0.004811,24.69,10.76923077,1,1
378,Gusttavo Lima,Cavalo de Pau,Cavalo de Pau,single,Bruno & Denner  e Gusttavo Lima -  Cavalo de Pau,Bruno e Denner,Youtube,0.728,0.707,-4.289,0.0328,0.332,0.0,0.462,0.657,126.973,164.0,Happy/Energetic,29010276,82596,775,26230351,0.002874,0.002847,0.77,1.53030303,1,1
379,NLE Choppa,Final Warning,Final Warning,single,NLE Choppa - Final Warning (Official Video),NLE CHOPPA,Spotify,0.847,0.912,-3.129,0.257,0.0781,0.0,0.142,0.88,81.486,156.9,Happy/Energetic,90056509,1176485,52334,91555839,0.013645,0.013064,2.7,6.422535211,1,1
380,Diego & Victor Hugo,Frequência de Saudade - Ao Vivo,Diego & Victor Hugo Ao Vivo Em São Paulo,album,0,0,Spotify,0.452,0.81,-5.907,0.213,0.448,0.0,0.414,0.424,147.868,165.6,Angry/Intense,0,0,0,1751423,0.0,0.0,0.05,1.956521739,0,0
381,Benny Benassi,Fade to Black,Fade to Black,single,Benny Benassi x Astrality - Fade To Black,Selected.,Spotify,0.652,0.725,-8.663,0.0402,0.167,0.00398,0.139,0.039,123.958,176.1,Angry/Intense,137677,3984,80,2544920,0.029518,0.028937,0.08,5.215827338,1,1
382,Pierce The Veil,Hold On Till May,Collide With The Sky,album,Pierce The Veil - Hold On Till May (Track 12),Fearless Records,Spotify,0.46,0.91,-3.71,0.0525,0.000585,0.00155,0.0735,0.327,73.019,278.6,Angry/Intense,8098615,74138,6319,60951211,0.009935,0.009154,1.8,12.38095238,0,0
383,Rise Against,Hero Of War,Appeal To Reason,album,Rise Against - Hero Of War (Official Video),RiseAgainstVEVO,Spotify,0.645,0.417,-7.022,0.029,0.543,0.0,0.0982,0.256,77.054,253.1,Sad/Mellow,52771717,295387,51574,160682674,0.006575,0.005597,4.74,4.246435845,1,1
384,Lil Jon,Live The Night,Live The Night,single,W&W & Hardwell & Lil Jon - Live The Night (Official Audio),Scorpio Music,Spotify,0.805,0.968,-3.909,0.227,0.00707,0.00091,0.368,0.211,127.984,133.1,Angry/Intense,2526998,22407,303,58705100,0.008987,0.008867,1.73,2.630434783,0,0
385,The Notorious B.I.G.,Gimme the Loot - 2005 Remaster,Ready to Die (The Remaster),album,The Notorious B.I.G. - Gimme the Loot (Official Audio),The Notorious B.I.G.,Spotify,0.721,0.662,-8.136,0.403,0.0888,0.0,0.178,0.68,94.191,285.9,Happy/Energetic,12960794,132704,3865,113010757,0.010537,0.010239,3.34,3.719101124,1,1
386,City Girls,BILLS PAID (feat. Latto & City Girls),GOD DID,album,"DJ Khaled - BILLS PAID (Official Audio) ft. Latto, City Girls",DJKhaledVEVO,Spotify,0.74,0.687,-7.193,0.218,0.00828,0.0,0.352,0.63,105.034,208.9,Happy/Energetic,647899,15831,965,8930963,0.025924,0.024434,0.26,1.951704545,1,1
387,Michael Bublé,Feeling Good,It's Time,album,Michael Bublé - Feeling Good [Official 4K Remastered Music Video],Michael Bublé,Spotify,0.535,0.548,-6.51,0.037,0.533,1.48e-06,0.123,0.477,115.144,237.3,Angry/Intense,214770112,2476009,45630,356178499,0.011741,0.011529,10.52,4.455284553,1,1
388,Glass Animals,Life Itself,How To Be A Human Being,album,Glass Animals - Life Itself (Official Video),GlassAnimalsVEVO,Spotify,0.699,0.67,-6.219,0.0347,0.0147,0.22,0.356,0.556,111.988,281.4,Happy/Energetic,18038223,134840,2468,114742103,0.007612,0.007475,3.39,1.882022472,1,1
389,Bibi Blocksberg,Kapitel 16: Der Hexenbesenausflug (Folge 146),Folge 146: Der Hexenbesenausflug,album,Bibi Blocksberg - Der Hexenbesenausflug (Folge 146) | EXTRALANGE Hörprobe,Bibi Blocksberg TV,Spotify,0.656,0.322,-19.688,0.947,0.63,0.0,0.608,0.646,94.016,96.2,Calm/Positive,12010,177,44,284208,0.018401,0.014738,0.01,0.529605263,1,1
390,Grupo Niche,Se Pareció Tanto a Ti,The Best,compilation,Se Pareció Tanto a Ti,Grupo Niche - Topic,Youtube,0.559,0.778,-10.517,0.0392,0.512,0.000941,0.112,0.545,175.772,328.1,Happy/Energetic,147164586,342913,1862,19991375,0.002343,0.00233,0.59,6.946428571,1,1
391,Aya Nakamura,Djadja,NAKAMURA,album,Aya Nakamura - Djadja (Clip officiel),Aya Nakamura,Youtube,0.811,0.797,-5.428,0.165,0.0617,0.0,0.112,0.541,97.988,171.1,Happy/Energetic,905019832,5398329,140516,390077882,0.00612,0.005965,11.52,7.116071429,1,1
392,PXNDX,Usted,Sangre Fría,album,Panda (PXNDX) - Usted,PandaVEVO,Youtube,0.464,0.95,-4.555,0.0677,0.0589,2.61e-05,0.305,0.37,141.983,218.4,Angry/Intense,35428804,184347,7669,30059201,0.00542,0.005203,0.89,3.114754098,1,1
393,The Neighbourhood,Pretty Boy,Chip Chrome & The Mono-Tones,album,The Neighbourhood - Pretty Boy (Official Video),TheNeighbourhoodVEVO,Spotify,0.578,0.386,-11.464,0.0278,0.208,0.0453,0.307,0.569,154.902,234.1,Calm/Positive,9366853,390284,8625,121193351,0.042587,0.041667,3.58,1.25732899,1,1
394,Central Cee,LA Leakers Freestyle,LA Leakers Freestyle,single,Central Cee Spits Bars Over Original Beat In Debut L.A. Leakers Freestyle 149,Power 106 Los Angeles,Spotify,0.797,0.832,-6.084,0.226,0.0248,5e-06,0.593,0.906,142.001,178.0,Happy/Energetic,4973150,153973,5064,27406417,0.031979,0.030961,0.81,1.403035413,0,0
395,Anderson .Paak,Smokin Out The Window,An Evening With Silk Sonic,album,"Bruno Mars, Anderson .Paak, Silk Sonic - Smokin Out The Window [Official Music Video]",Bruno Mars,Spotify,0.627,0.618,-8.529,0.0437,0.0558,0.0,0.351,0.848,82.03,197.4,Happy/Energetic,151531108,2221643,60693,331055439,0.015062,0.014661,9.78,1.760683761,1,1
396,Thomas Karallus,Drachenzähmen leicht gemacht 3 - Teil 3,Drachenzähmen leicht gemacht 3 (Das Original-Hörspiel zum Kinofilm),album,Drachenzähmen Leicht Gemacht 3 - Die geheime Welt ( 2019 ) Teil 3 [ Deutsch/German ],Dragons 285,Youtube,0.577,0.463,-14.468,0.925,0.721,0.0,0.789,0.573,84.473,187.8,Calm/Positive,7344,55,0,0,0.007489,0.007489,0.0,0.586818758,0,0
397,Idina Menzel,Take Me or Leave Me,RENT (Original Motion Picture Soundtrack),compilation,Rent - Take me or leave me (HD),dudescolded,Spotify,0.457,0.763,-3.459,0.255,0.318,0.0,0.0322,0.87,175.043,231.4,Happy/Energetic,8006145,44885,2112,43671189,0.00587,0.005606,1.29,23.69565217,0,0
398,$uicideboy$,For the Last Time,For the Last Time,single,$UICIDEBOY$ - FOR THE LAST TIME,$uicideboy$,Spotify,0.844,0.533,-9.612,0.552,0.0735,3.46e-06,0.0953,0.23,140.078,156.1,Angry/Intense,91771038,930133,18345,174167162,0.010335,0.010135,5.14,5.592864638,1,1
399,Gregory Alan Isakov,Dandelion Wine,This Empty Northern Hemisphere,album,Gregory Alan Isakov - Dandelion Wine,Matt Tucker,Spotify,0.413,0.1,-16.349,0.0332,0.784,0.381,0.0819,0.186,110.696,184.9,Sad/Mellow,418492,0,148,29513487,0.000354,0.0,0.87,1.221001221,0,0
400,Fuerza Regida,Me Tocó Morir,Sigan Hablando,album,Fuerza Regida y Alfredo Olivas - Me Toco Morir [Video Oficial],FUERZA REGIDA,Youtube,0.723,0.617,-3.69,0.0497,0.421,0.0,0.109,0.973,150.075,144.6,Happy/Energetic,13101620,225730,2588,6913349,0.017427,0.017229,0.2,5.660550459,0,0
401,P!nk,True Love (feat. Lily Allen),The Truth About Love,album,P!nk - True Love (Official Video) ft. Lily Allen,PinkVEVO,Spotify,0.457,0.823,-4.76,0.311,0.00144,0.0,0.108,0.578,192.205,230.7,Happy/Energetic,149977268,938718,31361,170002964,0.006468,0.006259,5.02,7.62037037,1,1
402,Capo,Komm wir chillen (feat. Yonii & Bausa),Alles auf Rot,album,CAPO - KOMM WIR CHILLEN feat. YONII & BAUSA (prod. von Zeeko) [Official Audio],Capo TV,Spotify,0.716,0.769,-6.025,0.232,0.0161,0.0,0.0983,0.572,102.007,290.0,Happy/Energetic,21779234,123398,2249,34663482,0.005769,0.005666,1.02,7.822990844,1,1
403,Quavo,FLIP THE SWITCH (feat. Drake),QUAVO HUNCHO,album,Quavo - FLIP THE SWITCH (Feat. Drake),GFHXsounds,Spotify,0.853,0.637,-5.924,0.331,0.129,0.0,0.267,0.496,86.048,156.2,Angry/Intense,1526127,23524,352,153082683,0.015645,0.015414,4.52,2.38576779,0,0
404,Brandi Carlile,The Joke,"By The Way, I Forgive You",album,Brandi Carlile - The Joke (Official Video),Brandi Carlile,Spotify,0.236,0.578,-5.477,0.0404,0.327,0.00015,0.206,0.227,75.367,279.4,Angry/Intense,9198502,115314,5294,39809540,0.013112,0.012536,1.18,2.805825243,1,1
405,Cher,After All (Love Theme From Chances Are),Heart Of Stone,album,??  Peter Cetera and Cher ~  After All  ??,ACER LEE,Spotify,0.517,0.335,-13.104,0.0324,0.561,0.0,0.0876,0.163,138.096,244.4,Sad/Mellow,6970146,58999,2789,63031732,0.008865,0.008465,1.86,3.824200913,0,0
406,Calvin Harris,I'm Not Here To Make Friends,Gloria,album,Sam Smith - I'm Not Here To Make Friends,SamSmithVEVO,Spotify,0.698,0.895,-4.439,0.0628,0.172,1.45e-05,0.409,0.838,114.914,229.6,Happy/Energetic,4847763,157036,29859,7259295,0.038553,0.032393,0.21,2.188264059,1,1
407,Mabel,I Wish (feat. Mabel),I Wish (feat. Mabel),single,Joel Corry - I Wish (feat. Mabel) [Official Video],Joel Corry,Spotify,0.686,0.856,-2.717,0.0426,0.0896,0.0,0.0648,0.733,123.997,181.7,Happy/Energetic,9243457,57715,1110,90350958,0.006364,0.006244,2.67,13.20987654,1,1
408,Luciano Pavarotti,We Are The World - Live,Spirito Italiano,compilation,Luciano Pavarotti & Friends - We Are The World (LIVE) HD,Andranik Azizbekyan,Spotify,0.328,0.681,-6.388,0.0426,0.386,0.0,0.73,0.269,134.032,350.9,Angry/Intense,790642,9727,530,48806476,0.012973,0.012303,1.44,0.932876712,0,0
409,Steve Miller Band,Swingtown,Greatest Hits 1974-78,compilation,Steve Miller Band-Swing Town,ScooterGuys,Spotify,0.671,0.671,-11.894,0.0558,0.00589,0.00676,0.277,0.707,131.329,209.8,Happy/Energetic,1449753,8872,475,19453350,0.006447,0.00612,0.57,2.422382671,0,0
410,Madlib,Crime Pays,Bandana,album,Freddie Gibbs & Madlib - Crime Pays (Official),Freddie Gibbs,Spotify,0.608,0.699,-8.267,0.114,0.139,0.0,0.242,0.784,146.941,182.7,Happy/Energetic,4595161,109040,5644,34217385,0.024958,0.023729,1.01,2.888429752,0,1
411,M.I.A.,Bad Girls,Matangi,album,"M.I.A. - ""Bad Girls"" (Official Video)",Noisey,Spotify,0.639,0.912,-2.621,0.0615,0.00107,0.0,0.097,0.343,143.448,227.5,Angry/Intense,142190760,1098712,77499,282120411,0.008272,0.007727,8.33,9.402061856,0,0
412,The Cramps,I Was A Teenage Werewolf - Remastered,Songs The Lord Taught Us,album,I Was A Teenage Werewolf (Remastered),The Cramps - Topic,Spotify,0.412,0.601,-10.493,0.0536,0.000866,0.0466,0.321,0.49,114.537,183.9,Angry/Intense,719082,12917,55,15148212,0.01804,0.017963,0.45,1.872274143,1,1
413,Kelly Rowland,Work - Freemasons Radio Edit,Playlist: The Very Best Of Kelly Rowland,compilation,Work (Freemasons Radio Edit),Kelly Rowland - Topic,Spotify,0.754,0.86,-6.73,0.0382,0.0521,0.000945,0.372,0.848,102.808,191.0,Happy/Energetic,5635238,35492,129,39791393,0.006321,0.006298,1.17,2.311827957,1,1
414,Daniel Hope,Summer 3 - 2012,"Recomposed By Max Richter: Vivaldi, The Four Seasons",album,0,0,Spotify,0.307,0.502,-13.366,0.0364,0.625,0.839,0.0933,0.283,142.681,300.9,Angry/Intense,0,0,0,10017753,0.0,0.0,0.3,5.380493033,0,0
415,Maiara & Maraisa,A Culpa É Nossa - Ao Vivo,"Identidade, Ep. 1 (Ao Vivo)",single,Maiara e Maraisa - A Culpa É Nossa - DVD Identidade,Maiara e Maraisa,Youtube,0.596,0.85,-4.528,0.0523,0.608,0.0,0.41,0.531,138.057,165.0,Happy/Energetic,27857282,139766,3718,26819970,0.005151,0.005017,0.79,2.073170732,1,1
416,Outkast,Player's Ball,Southernplayalisticadillacmuzik,album,Outkast - Player's Ball (Official HD Video),OutkastVEVO,Spotify,0.857,0.764,-6.304,0.246,0.0398,0.0,0.425,0.578,93.071,261.3,Happy/Energetic,9750595,105443,3143,41610291,0.011136,0.010814,1.23,1.797647059,1,1
417,Zé Felipe,Revoada No Colchão,Revoada No Colchão,single,Zé Felipe e Marcynho Sensação - Revoada No Colchão (Videoclipe Oficial),Zé Felipe,Youtube,0.704,0.936,-2.714,0.058,0.231,0.0,0.192,0.96,170.063,153.4,Happy/Energetic,171480427,1397071,14569,146857647,0.008232,0.008147,4.34,4.875,1,1
418,Meghan Trainor,Dear Future Husband,Title (Deluxe),album,Meghan Trainor - Dear Future Husband (Official Video),MeghanTrainorVEVO,Youtube,0.655,0.782,-4.789,0.185,0.375,0.0,0.317,0.832,79.427,184.2,Happy/Energetic,621943386,3241212,140633,433250229,0.005438,0.005211,12.79,2.466876972,1,1
419,Luvli,So Gone,So Gone,single,So Gone (Official Video) LuvLi,The Real LuvLi*,Youtube,0.391,0.852,-3.56,0.463,0.0463,0.0,0.329,0.336,170.865,222.4,Angry/Intense,700,16,0,0,0.022857,0.022857,0.0,2.589665653,0,0
420,Blueface,Bleed It,Dirt Bag,album,Blueface - Bleed It (Official Video),BluefaceVEVO,Spotify,0.845,0.76,-6.008,0.362,0.209,0.0,0.105,0.516,101.91,145.5,Happy/Energetic,14650649,183453,5523,127098247,0.012899,0.012522,3.75,7.238095238,1,1
421,Thomas Rhett,Crash and Burn,Tangled Up,album,Thomas Rhett - Crash and Burn,ThomasRhettVEVO,Spotify,0.69,0.781,-5.101,0.0305,0.0873,2.28e-06,0.164,0.841,130.02,190.7,Happy/Energetic,69617548,293041,8328,170495895,0.004329,0.004209,5.03,4.762195122,1,1
422,Daniel Hope,Experience,In A Time Lapse,album,Experience - Ludovico Einaudi & Daniel Hope,Transzcendence Realm,Spotify,0.447,0.449,-10.634,0.0376,0.934,0.961,0.0697,0.036,92.468,315.4,Sad/Mellow,1319468,36490,526,304049897,0.028054,0.027655,8.98,6.441893831,0,0
423,Hoobastank,Crawling In The Dark,Hoobastank (20th Anniversary Edition),album,Hoobastank - Crawling In The Dark (Official Music Video),HoobastankVEVO,Spotify,0.588,0.927,-4.776,0.113,0.000305,3.83e-05,0.195,0.652,93.571,175.2,Happy/Energetic,26234869,147253,5622,103430597,0.005827,0.005613,3.05,4.753846154,1,1
424,Nando Reis,N,Sim E Não,album,Nando Reis e Anavitória - N (ao vivo nos ensaios para a turnê),Nando Reis,Youtube,0.62,0.638,-6.928,0.0283,0.503,0.0,0.261,0.603,76.022,213.9,Happy/Energetic,34327589,248491,5074,11294314,0.007387,0.007239,0.33,2.444444444,1,1
425,Rick Ross,Money In The Grave (Drake ft. Rick Ross),The Best In The World Pack,single,Drake - Money In The Grave ft. Rick Ross,DrakeVEVO,Spotify,0.831,0.502,-4.045,0.046,0.101,0.0,0.122,0.101,100.541,205.4,Angry/Intense,56794890,791588,18268,826816158,0.014259,0.013938,24.41,4.114754098,1,1
426,Laura Pausini,En cambio no,Primavera anticipada,album,Laura Pausini - En Cambio No (Official Music Video),Warner Música,Youtube,0.536,0.378,-6.702,0.0266,0.53,0.0,0.115,0.147,133.858,237.4,Sad/Mellow,174834547,837998,22622,109836364,0.004922,0.004793,3.24,3.286956522,1,1
427,Iggy Azalea,Started,In My Defense,album,Iggy Azalea - Started (Official Music Video),iggyazaleamusicVEVO,Youtube,0.861,0.693,-6.052,0.313,0.082,0.0,0.07,0.772,165.036,186.6,Happy/Energetic,108931156,1559385,67288,96000072,0.014933,0.014315,2.83,9.9,1,1
428,Eraserheads,Magasin,Circus: The Bernie Grundman Remaster 2022,album,Magasin - Eraserheads ( Official Music Video ),MarcoVicento,Spotify,0.412,0.768,-10.031,0.107,0.126,1.58e-06,0.12,0.59,110.305,251.5,Happy/Energetic,48107,199,35,38463967,0.004864,0.004137,1.14,6.4,0,0
429,Noriel,Diablita (feat. Anuel AA & Baby Rasta),Trap Capos: Season 1,album,"Trap Capos, Noriel - Diablita ft. Anuel AA, Baby Rasta (Official Video)",NorielVEVO,Spotify,0.807,0.631,-4.883,0.111,0.407,0.0,0.117,0.126,129.902,213.6,Angry/Intense,49704435,413290,9594,57850884,0.008508,0.008315,1.71,5.393162393,1,1
430,Jesús Adrián Romero,Te Dejo Ganar,Soplando Vida,album,Jesús Adrián Romero - Te Dejo Ganar (Video Oficial) - #SoplandoVida,Jesus Adrian Romero,Youtube,0.654,0.545,-5.148,0.0259,0.607,0.0,0.118,0.396,147.979,201.9,Angry/Intense,92169982,312891,9021,40823895,0.003493,0.003395,1.21,4.618644068,1,1
431,Taylor Swift,Blank Space,1989,album,Taylor Swift - Blank Space,TaylorSwiftVEVO,Youtube,0.753,0.678,-5.421,0.0644,0.085,1.64e-06,0.13,0.583,96.006,231.8,Happy/Energetic,3096802224,14114951,628442,1068961957,0.004761,0.004558,31.57,5.215384615,1,1
432,Sean Paul,UP,UP,single,INNA x Sean Paul - Up (Official Video),INNA,Youtube,0.812,0.712,-5.993,0.0452,0.01,0.0,0.108,0.85,98.029,148.9,Happy/Energetic,81787112,668740,12932,47517159,0.008335,0.008177,1.4,6.592592593,1,1
433,Dave,Location (feat. Burna Boy),PSYCHODRAMA,album,Dave - Location (ft. Burna Boy),Santan Dave,Spotify,0.812,0.496,-5.969,0.297,0.271,0.0,0.0955,0.55,109.979,241.3,Calm/Positive,181387206,935007,15390,393279498,0.00524,0.005155,11.61,5.193717277,0,0
434,Michael Bublé,Sway,Michael Bublé,album,Michael Bublé - Sway (Official Lyric Video),Michael Bublé,Spotify,0.713,0.639,-5.529,0.0313,0.753,0.0,0.0878,0.737,125.959,188.1,Happy/Energetic,2071641,40336,631,171153752,0.019775,0.019471,5.05,7.277904328,1,1
435,DIVINE,Sitara,Gunehgar,album,DIVINE - Sitara feat. Jonita Gandhi | Prod. by Karan Kanchan | Official Audio,DIVINE,Spotify,0.832,0.622,-4.312,0.113,0.114,0.0,0.0436,0.648,96.959,179.7,Happy/Energetic,3060429,129374,3744,4759516,0.043497,0.042273,0.14,14.26605505,1,1
436,(G)I-DLE,MY BAG,I NEVER DIE,album,(??)???((G)I-DLE) - 'MY BAG' (Choreography Practice Video),(G)I-DLE (??)??? (Official YouTube Channel),Spotify,0.838,0.823,-3.929,0.164,0.0864,7.12e-05,0.156,0.759,94.024,160.5,Happy/Energetic,58677526,951862,15988,65079854,0.016494,0.016222,1.92,5.275641026,1,1
437,Erik Satie,Satie / Orch. Ducros: Gymnopédie No. 1,Emotions,album,Erik Satie - Gymnopédie No.1,DistantMirrors,Youtube,0.0921,0.0183,-31.858,0.0513,0.942,0.94,0.195,0.039,166.979,172.1,Sad/Mellow,40003899,691633,39823,29384597,0.018285,0.017289,0.87,0.093846154,0,0
438,Belinda,Luz Sin Gravedad,Utopia 2,album,Belinda - Luz Sin Gravedad,belindavevo,Youtube,0.535,0.563,-3.521,0.0315,0.28,0.0,0.152,0.172,137.79,241.9,Angry/Intense,79670207,436350,20245,51802765,0.005731,0.005477,1.53,3.703947368,1,1
439,SCH,Fusil,A7,album,SCH - Fusil,SCHVEVO,Youtube,0.87,0.464,-7.44,0.357,0.474,0.00122,0.094,0.0929,100.011,252.1,Sad/Mellow,128230886,542895,22094,53495250,0.004406,0.004234,1.58,4.936170213,1,1
440,No Doubt,Bathwater,Return Of Saturn,album,No Doubt - Bathwater,NoDoubtVEVO,Spotify,0.624,0.732,-4.931,0.0543,0.412,0.0,0.33,0.619,145.929,242.8,Happy/Energetic,15580875,69945,2505,17522905,0.00465,0.004489,0.52,2.218181818,1,1
441,Young Cister,DEBI LLEVARTE FLORES,THE LIFE OF XULO,single,"Young Cister, Taiko - DEBI LLEVARTE FLORES (Video Oficial)",YOUNG CISTER,Spotify,0.86,0.654,-4.639,0.0472,0.12,1.42e-05,0.464,0.183,110.031,200.6,Angry/Intense,1992298,28836,871,8469907,0.014911,0.014474,0.25,1.409482759,0,0
442,Fetty Wap,679 (feat. Remy Boyz),679 (feat. Remy Boyz),single,"Fetty Wap ""679"" feat. Remy Boyz [Official Video]",Harlem Fetty,Youtube,0.618,0.717,-5.738,0.318,0.00256,0.0,0.625,0.603,190.05,196.7,Happy/Energetic,449447425,2652633,104493,0,0.006134,0.005902,0.0,1.1472,1,1
443,Silvestre Dangond,Las Locuras Mías,Las Locuras Mías,album,Silvestre Dangond - Las Locuras Mías (Official Video),SilvestreDangondVEVO,Youtube,0.794,0.836,-2.655,0.0511,0.382,0.0,0.161,0.966,155.925,222.0,Happy/Energetic,145318442,723970,19266,55441105,0.005115,0.004982,1.64,5.192546584,1,1
444,Tom Petty and the Heartbreakers,Into The Great Wide Open,Into The Great Wide Open,album,Tom Petty And The Heartbreakers - Into The Great Wide Open (Official Music Video),TomPettyVEVO,Spotify,0.608,0.583,-9.727,0.0235,0.188,0.0,0.129,0.714,82.227,223.3,Happy/Energetic,16654676,95226,5319,36933648,0.006037,0.005718,1.09,4.519379845,1,1
445,Richard Marx,Right Here Waiting,Repeat Offender,album,Richard Marx - Right Here Waiting (Official Music Video),RichardMarxVEVO,Youtube,0.395,0.252,-13.589,0.0301,0.8,0.0,0.101,0.126,177.679,264.3,Sad/Mellow,437359004,2590271,70430,348551423,0.006084,0.005923,10.29,2.495049505,1,1
446,ENHYPEN,Blessed-Cursed,DIMENSION : ANSWER,album,ENHYPEN (????) 'Blessed-Cursed' Official MV,HYBE LABELS,Spotify,0.604,0.886,-3.523,0.061,0.0925,0.0,0.596,0.401,127.098,170.8,Angry/Intense,46950188,2194596,160543,62865218,0.050163,0.046743,1.86,1.486577181,1,1
447,Joji,Glimpse of Us,SMITHEREENS,album,Joji - Glimpse of Us (Official Video),Joji,Spotify,0.44,0.317,-9.258,0.0531,0.891,4.78e-06,0.141,0.268,169.914,233.5,Sad/Mellow,41751204,1757819,51965,769993739,0.043347,0.042102,22.74,2.24822695,1,1
448,Sezen Aksu,Kaybolan Y?llar,Serçe,album,Sezen Aksu - Kaybolan Y?llar (Official Audio),Sezen Aksu,Spotify,0.304,0.659,-6.091,0.0347,0.0286,1.46e-05,0.189,0.599,113.021,187.7,Happy/Energetic,11818107,85156,4629,27022396,0.007597,0.007206,0.8,3.486772487,1,1
449,Avenged Sevenfold,So Far Away,Nightmare,album,Avenged Sevenfold - So Far Away [Official Music Video],Avenged Sevenfold,Youtube,0.286,0.703,-4.491,0.0348,0.00847,7.39e-05,0.142,0.259,151.297,326.8,Angry/Intense,313781731,1752208,121826,145446807,0.005972,0.005584,4.29,4.950704225,0,1
450,Carly Simon,Mockingbird,Hotcakes,album,Mockingbird - Carly Simon & James Taylor,Carly Simon,Spotify,0.716,0.753,-12.407,0.0368,0.0532,0.000619,0.183,0.952,113.404,254.2,Happy/Energetic,6092296,33018,2841,10637181,0.005886,0.00542,0.31,4.114754098,0,1
451,KISS,Forever,Hot In The Shade,album,Kiss - Forever,KissVEVO,Youtube,0.435,0.666,-10.596,0.031,0.254,1.4e-05,0.0541,0.566,176.431,232.6,Happy/Energetic,78425730,453653,16359,53994510,0.005993,0.005784,1.59,12.31053604,1,1
452,The Score,The Fear,Pressure,single,The Score - The Fear (Audio),TheScoreVEVO,Spotify,0.498,0.628,-5.709,0.0317,0.00686,0.0,0.362,0.218,138.099,183.9,Angry/Intense,18690901,179916,3969,54415511,0.009838,0.009626,1.61,1.73480663,1,1
453,Beret,Vuelve,Prisma,album,"Sebastián Yatra, Beret - Vuelve",SebastianYatraVEVO,Youtube,0.706,0.478,-6.962,0.154,0.609,0.0,0.115,0.33,78.528,153.0,Sad/Mellow,386064829,2740799,75858,92889214,0.007296,0.007099,2.74,4.156521739,1,1
454,Sam Cooke,(What A) Wonderful World,The Best of Sam Cooke,compilation,Sam Cooke - What A Wonderful World (Official Lyric Video),SamCookeVEVO,Youtube,0.771,0.522,-12.193,0.0368,0.571,0.0,0.145,0.94,128.641,129.1,Happy/Energetic,22465233,194774,4695,0,0.008879,0.00867,0.0,3.6,1,1
455,K.Flay,It's Been So Long,It's Been So Long,single,K.Flay - It's Been So Long (Official Music Video),K.Flay,Spotify,0.734,0.736,-6.944,0.0399,0.07,0.000798,0.16,0.708,111.994,192.5,Happy/Energetic,447096,5112,465,976610,0.012474,0.011434,0.03,4.6,0,1
456,Fernandinho,Venha o Teu Reino,Venha o Teu Reino,single,Fernandinho | Venha O Teu Reino (Música Inédita),Fernandinho Ministério Faz Chover,Youtube,0.432,0.829,-5.746,0.0517,0.00746,4.01e-06,0.112,0.225,140.094,448.0,Angry/Intense,1171320,34088,1065,1153732,0.030011,0.029102,0.03,7.401785714,1,1
457,My Chemical Romance,The Ghost of You,Three Cheers for Sweet Revenge,album,My Chemical Romance - The Ghost Of You [Official Music Video],My Chemical Romance,Spotify,0.202,0.886,-3.805,0.0816,0.0286,0.0,0.643,0.192,145.781,194.3,Angry/Intense,115137893,963815,61264,125095204,0.008903,0.008371,3.69,1.377916019,1,1
458,Fonseca,Color Esperanza 2020,Color Esperanza 2020,single,Color Esperanza 2020 - Various Artists (Official Video),Latin Waves,Spotify,0.591,0.785,-7.768,0.161,0.161,0.0,0.126,0.785,106.002,217.5,Happy/Energetic,24706325,557111,17598,89466323,0.023262,0.022549,2.64,6.23015873,0,0
459,Estelle,Come Over,Shine,album,Estelle - Come Over (feat. Sean Paul) [Official Video],Atlantic Records,Youtube,0.683,0.747,-3.465,0.113,0.0261,2e-05,0.261,0.722,81.997,221.0,Happy/Energetic,12600343,77566,1806,10117804,0.006299,0.006156,0.3,2.862068966,1,1
460,Tems,Essence (feat. Tems),Made In Lagos,album,Wizkid - Essence (Official Video) ft. Tems,WizkidVEVO,Spotify,0.849,0.707,-6.002,0.113,0.0266,8.58e-06,0.618,0.602,104.027,248.0,Happy/Energetic,127324120,955574,35658,155642244,0.007785,0.007505,4.6,1.144012945,1,1
461,Jon Pardi,Last Night Lonely,Mr. Saturday Night,album,Jon Pardi - Last Night Lonely (Official Music Video),JonPardiVEVO,Spotify,0.652,0.813,-2.842,0.0268,0.00544,0.0,0.101,0.851,102.987,182.2,Happy/Energetic,5089948,26154,953,59689951,0.005326,0.005138,1.76,8.04950495,1,1
462,Boney M.,Gotta Go Home,Oceans Of Fantasy,album,Boney M. - Gotta Go Home (Sopot Festival 1979),BoneyMVEVO,Youtube,0.781,0.936,-5.843,0.0293,0.286,0.0522,0.303,0.98,131.659,225.6,Happy/Energetic,68250778,360042,7502,34541846,0.005385,0.005275,1.02,3.089108911,1,1
463,Rush,Tom Sawyer,Moving Pictures (2011 Remaster),album,Rush - Tom Sawyer,RushVEVO,Spotify,0.536,0.901,-7.211,0.0374,0.00145,0.0186,0.06,0.666,87.559,276.9,Happy/Energetic,66337465,506298,27312,254851357,0.008044,0.007632,7.53,15.01666667,1,1
464,Kyla,Like I Do,Like I Do,single,Designer Doubt - Like I Do Featuring Kyla,Designer Doubt,Spotify,0.692,0.755,-5.821,0.134,0.000125,2.16e-05,0.106,0.576,125.076,172.8,Happy/Energetic,238215,3479,279,466834,0.015776,0.014604,0.01,7.122641509,0,1
465,Cem Adrian,Keskin,Keskin,single,Cem Adrian - Keskin (Official Audio),Cem Adrian,Spotify,0.59,0.631,-6.187,0.0391,0.013,0.0,0.464,0.411,124.95,201.9,Angry/Intense,8140178,80647,2235,8899388,0.010182,0.009907,0.26,1.359913793,0,1
466,Jhené Aiko,Never Call Me,Trip,album,Jhené Aiko feat. Kurupt -Never Call Me (Slauson Hills Edition),Jhené Aiko,Spotify,0.48,0.309,-10.238,0.225,0.874,1.28e-06,0.101,0.131,99.136,270.5,Sad/Mellow,67387515,445923,9915,81585162,0.006764,0.006617,2.41,3.059405941,0,1
467,Rich The Kid,Feelin' Like Tunechi,Trust Fund Babies,album,"Lil Wayne, Rich The Kid - Feelin' Like Tunechi",LilWayneVEVO,Spotify,0.559,0.532,-7.679,0.353,0.174,0.0,0.136,0.529,85.843,186.1,Happy/Energetic,5136776,158665,6712,28079061,0.032195,0.030888,0.83,3.911764706,1,1
468,Matuê,Sem Dó,Sem Dó,single,Matuê feat. L7nnon - Inveja Verde/Sem Dó (Official Music Video),Bruno Souza,Spotify,0.612,0.661,-5.175,0.133,0.163,0.0,0.103,0.659,172.467,267.1,Happy/Energetic,906150,32734,457,79599896,0.036629,0.036124,2.35,6.417475728,0,0
469,Aleman,Tantas Veces,Eclipse,album,Alemán ft Yung Sarria & Fntxy - Tantas Veces (Prod. Taxi Dee) [Video Oficial],Alemán,Youtube,0.789,0.719,-6.099,0.373,0.463,0.0,0.308,0.663,81.003,273.5,Happy/Energetic,257879588,1342952,30090,91779317,0.005324,0.005208,2.71,2.334415584,0,1
470,Shubh,We Rollin,We Rollin,single,We Rollin (Official Video) - Shubh | Rubbal GTR,SHUBH,Youtube,0.82,0.504,-9.113,0.141,0.261,7e-06,0.104,0.275,85.016,199.2,Angry/Intense,77646481,1046565,19599,0,0.013731,0.013479,0.0,4.846153846,1,1
471,Mithoon,Jo Tum Saath Ho,Salaam Venky (Original Motion Picture Soundtrack),album,"Jo Tum Saath Ho Duet - Full | Salaam Venky | Kajol, Aamir Khan | Arijit Singh,Shreya Ghoshal,Mithoon",Zee Music Company,Spotify,0.392,0.376,-9.89,0.0306,0.87,0.000876,0.108,0.18,147.606,348.9,Sad/Mellow,283700,4110,157,2591581,0.015041,0.014487,0.08,3.481481481,1,1
472,Billy Talent,Viking Death March,HITS,album,Billy Talent - Viking Death March - Official Video,Billy Talent,Spotify,0.371,0.963,-2.85,0.125,0.00319,0.0,0.448,0.371,108.724,243.0,Angry/Intense,16263590,98325,5062,44590531,0.006357,0.006046,1.32,2.149553571,1,1
473,Ñengo Flow,Cochinae (Remix),Cochinae (Remix),single,"Cochinae Remix - Julianno Sosa, King Savagge, Ñengo Flow, Ryan Castro",MundoUrbano,Spotify,0.834,0.814,-5.624,0.0522,0.0314,0.00014,0.31,0.963,97.987,303.7,Happy/Energetic,5652,160,6,1445818,0.02937,0.028309,0.04,2.625806452,0,0
474,Adolescent's Orquesta,Anhelo,Reclamando Nuestro Espacio,album,Adolescent's Orquesta - Anhelo (Letra Oficial),Adolescent's Orquesta,Spotify,0.739,0.521,-13.858,0.0471,0.404,4.09e-06,0.0727,0.807,91.095,248.6,Happy/Energetic,18861356,0,473,88486734,2.5e-05,0.0,2.61,7.166437414,1,1
475,Cavetown,Talk to Me,Dear.,single,Talk To Me (Original Song),cavetown,Spotify,0.626,0.323,-9.607,0.0339,0.667,0.0,0.0605,0.234,130.082,277.3,Sad/Mellow,3690222,123157,5022,76651656,0.034735,0.033374,2.26,5.338842975,0,0
476,Parokya Ni Edgar,Harana,Buruguduystunstugudunstuy,album,Parokya ni Edgar - Harana (Official Music Video),Universal Records Philippines,Spotify,0.583,0.164,-22.101,0.057,0.788,1.42e-06,0.109,0.47,150.77,182.2,Sad/Mellow,1506244,11361,367,58960164,0.007786,0.007543,1.74,1.504587156,1,1
477,Piso 21,Te Amo,Te Amo,single,Piso 21 ft. Paulo Londra - Te Amo (Video Oficial),Piso 21,Youtube,0.849,0.724,-4.139,0.0665,0.0204,5.98e-06,0.235,0.63,98.005,201.1,Happy/Energetic,793064338,3377015,92792,394285855,0.004375,0.004258,11.64,3.080851064,1,1
478,Vasco Rossi,Come Nelle Favole,VASCONONSTOP,compilation,Vasco Rossi - Come Nelle Favole,VascoRossiVEVO,Youtube,0.576,0.748,-4.798,0.0381,0.0398,0.0,0.369,0.437,110.056,253.7,Angry/Intense,77666166,278537,6872,40349241,0.003675,0.003586,1.19,2.027100271,1,1
479,Moira Dela Torre,Before It Sinks In,Malaya,album,Moira Dela Torre - Before It Sinks In (PBB Otso OST) Lyrics,Lyrics Sonics,Spotify,0.542,0.392,-8.135,0.0355,0.605,0.0,0.0798,0.185,140.006,263.7,Sad/Mellow,11078675,79463,1713,49917829,0.007327,0.007173,1.47,4.912280702,0,0
480,Yuvan Shankar Raja,"Kanja Poovu Kannala (From ""Viruman"")","Kanja Poovu Kannala (From ""Viruman"")",single,"Viruman - Kanja Poovu Kannala Video | Karthi, Aditi Shankar | Yuvan Shankar Raja | Muthaiya",Sony Music South,Youtube,0.72,0.692,-6.354,0.0894,0.291,0.0,0.177,0.52,110.011,237.6,Happy/Energetic,38523572,259135,3072,35093727,0.006806,0.006727,1.04,3.90960452,1,1
481,Frank Ocean,Lost,channel ORANGE,album,Frank Ocean - Lost (Lyrics),TheGoodVibe,Spotify,0.913,0.603,-4.892,0.226,0.0272,0.000503,0.167,0.497,123.061,234.1,Angry/Intense,3863609,42117,610,697252311,0.011059,0.010901,20.59,3.610778443,0,0
482,Pouya,Void,FIVE FIVE,album,Pouya - Void [OFFICIAL MUSIC VIDEO],ALL BUT 6,Spotify,0.767,0.854,-4.57,0.0675,0.169,0.000529,0.175,0.519,109.943,230.5,Happy/Energetic,11640071,208440,7192,60077822,0.018525,0.017907,1.77,4.88,0,0
483,The Cure,Pictures of You - 2010 Remaster,Disintegration (Deluxe Edition),album,The Cure - Pictures Of You,TheCureVEVO,Youtube,0.484,0.776,-6.48,0.0312,0.00371,0.109,0.131,0.495,171.935,448.5,Angry/Intense,88742178,377508,13132,0,0.004402,0.004254,0.0,5.923664122,1,1
484,Death Cab for Cutie,Crooked Teeth,Plans,album,Crooked Teeth (VIDEO) Album Version,Death Cab for Cutie,Spotify,0.579,0.662,-6.885,0.0245,0.000625,3.89e-06,0.117,0.574,102.951,203.7,Happy/Energetic,1588723,9415,504,39378045,0.006243,0.005926,1.16,5.658119658,1,1
485,Birdy,Wings (feat. sped up nightcore) [Sped Up Version],Wings (feat. sped up nightcore) [Sped Up Version],single,sped up nightcore - Wings (Birdy) [Sped Up Version],sped up nightcore,Spotify,0.502,0.741,-4.23,0.0258,0.172,9.25e-06,0.214,0.318,99.016,211.8,Angry/Intense,236338,3985,57,3803285,0.017103,0.016861,0.11,3.462616822,1,1
486,Meryl Streep,Super Trouper,Mamma Mia! Here We Go Again (Original Motion Picture Soundtrack),album,Mamma Mia - Super trouper,chantal litchfield,Spotify,0.681,0.655,-8.642,0.0257,0.0425,0.0,0.0699,0.901,124.996,231.5,Happy/Energetic,311653,3123,34,64000309,0.01013,0.010021,1.89,9.370529328,0,0
487,Juanes,Fotografía,Un Día Normal,album,"Juanes, Nelly Furtado - Fotografía (Official Music Video)",JuanesVEVO,Spotify,0.486,0.715,-4.417,0.0519,0.292,0.0,0.195,0.637,84.092,238.1,Happy/Energetic,95611453,373586,10534,143679291,0.004018,0.003907,4.24,3.666666667,1,1
488,Majestic,Losing My Mind,Losing My Mind,single,"Majestic, Nightcrawlers - Losing My Mind (Official Video)",majesticonlineVEVO,Spotify,0.601,0.881,-3.834,0.0291,0.0317,0.0364,0.441,0.86,125.026,204.8,Happy/Energetic,644127,5058,75,11672623,0.007969,0.007852,0.34,1.997732426,1,1
489,Gryffin,Body Back (feat. Maia Wright),Gravity,album,Gryffin - Body Back ft. Maia Wright (Official Music Video),GryffinVEVO,Spotify,0.687,0.832,-4.434,0.0366,0.0931,1.32e-06,0.183,0.448,123.036,214.5,Angry/Intense,40344672,418537,3309,165112042,0.010456,0.010374,4.88,4.546448087,1,1
490,Maelo Ruiz,Si Supieras,Exitos Originales,album,Si SUPIERAS ??  - Maelo Ruiz [Video Oficial],JN Music Group,Spotify,0.748,0.512,-9.809,0.0371,0.345,0.000254,0.269,0.868,91.49,311.0,Happy/Energetic,10243667,35207,641,38917660,0.0035,0.003437,1.15,1.903345725,0,0
491,DJ Alex,Ya No Más,Ya No Más,single,"YA NO MAS - VETE x FER PALACIO ft DJ ALEX, SANTIAGO SAEZ",Fer Palacio,Spotify,0.795,0.676,-6.429,0.0589,0.138,0.00373,0.0734,0.882,100.045,158.4,Happy/Energetic,38403169,160142,2011,105974874,0.004222,0.00417,3.13,9.209809264,0,0
492,Clairo,4EVER,4EVER,single,Clairo - 4EVER,Claire Cottrill,Spotify,0.75,0.585,-7.576,0.0285,0.049,0.00552,0.155,0.584,102.331,159.6,Happy/Energetic,18714755,525266,11117,191844554,0.028661,0.028067,5.66,3.774193548,0,0
493,ATEEZ,Answer,TREASURE EPILOGUE : Action To Answer,single,ATEEZ(????) - 'Answer' Official MV,KQ ENTERTAINMENT,Youtube,0.565,0.903,-1.918,0.0499,0.0746,0.0,0.359,0.54,97.968,219.8,Happy/Energetic,81711780,1366689,144450,75074355,0.018494,0.016726,2.22,2.515320334,0,0
494,Lil Uzi Vert,Erase Your Social,The Perfect LUV Tape,album,Lil Uzi Vert - Erase Your Social (Music Video),Orangensaft Records,Spotify,0.705,0.609,-5.728,0.0729,0.694,0.0,0.234,0.718,140.058,200.0,Happy/Energetic,34021,466,19,390958831,0.014256,0.013697,11.54,2.602564103,0,0
495,Rae Sremmurd,Come Get Her,SremmLife,album,Rae Sremmurd - Come Get Her (Explicit) (Official Video),RaeSremmurdVEVO,Spotify,0.689,0.564,-6.226,0.136,0.187,0.0,0.0721,0.123,185.023,212.9,Angry/Intense,111176540,1149178,33508,527118153,0.010638,0.010337,15.57,7.822468793,1,1
496,John Legend,Minefields,CITIZENS,album,Faouzia & John Legend - Minefields (Official Music Video),Faouzia,Youtube,0.476,0.686,-5.019,0.11,0.183,0.0,0.0997,0.243,152.617,190.6,Angry/Intense,127075249,1229504,21559,108429302,0.009845,0.009675,3.2,6.880641926,1,1
497,Jaani,"Coka 2.0 (From ""Liger (Telugu)"")","Coka 2.0 [From ""Liger (Telugu)""]",single,"Coka 2.0 | Liger (Telugu) | Official Music Video | Vijay Deverakonda, Ananya Panday",Sony Music South,Youtube,0.802,0.929,-2.036,0.118,0.608,4.81e-06,0.157,0.828,96.969,166.4,Happy/Energetic,15028676,178007,3422,6621272,0.012072,0.011844,0.2,5.917197452,1,1
498,Pepe Aguilar,No Me Hablen de Amor,A la Medida,album,Pepe Aguilar & Intocable - No Me Hablen de Amor (Video Oficial),Pepe Aguilar,Spotify,0.482,0.823,-3.159,0.141,0.281,4.47e-05,0.178,0.882,190.178,189.7,Happy/Energetic,8789165,68103,1757,14593381,0.007948,0.007749,0.43,4.623595506,1,1
499,Bonobo,Cirrus,The North Borders,album,Bonobo - Cirrus (Official Video),Bonobo,Spotify,0.64,0.844,-8.412,0.0374,0.395,0.933,0.0827,0.364,119.042,352.2,Angry/Intense,17637346,151117,4223,74091758,0.008807,0.008568,2.19,10.20556227,0,1
500,blackbear,idfc,deadroses,album,Blackbear - idfc,Just Some Videos,Spotify,0.63,0.5,-8.755,0.0611,0.611,4.04e-05,0.114,0.315,144.871,245.2,Angry/Intense,332110,11141,276,629558434,0.034377,0.033546,18.59,4.385964912,0,0
501,Sam Hunt,House Party,Montevallo,album,Sam Hunt - House Party (Official Music Video),SamHuntVEVO,Spotify,0.747,0.861,-5.251,0.0514,0.113,0.0,0.026,0.859,103.966,190.2,Happy/Energetic,33300071,151005,3723,350309216,0.004646,0.004535,10.34,33.11538462,1,1
502,Jaymes Young,Infinity (PRETTY YOUNG Remix),Infinity (PRETTY YOUNG Remix),single,Jaymes Young - Infinity (PRETTY YOUNG Remix) [Official Audio],Jaymes Young,Spotify,0.543,0.595,-8.61,0.0477,0.0432,0.000247,0.101,0.338,122.052,210.5,Angry/Intense,3440730,50129,444,25142932,0.014698,0.014569,0.74,5.891089109,1,1
503,21 Savage,Niagara Falls (Foot or 2) [with Travis Scott & 21 Savage],HEROES & VILLAINS,album,"Metro Boomin, Travis Scott, 21 Savage - Niagara Falls (Foot or 2) (Visualizer)",MetroBoominVEVO,Spotify,0.671,0.658,-5.567,0.309,0.189,8.66e-05,0.147,0.257,87.933,207.3,Angry/Intense,5384334,96598,1286,81603704,0.018179,0.017941,2.41,4.476190476,1,1
504,Diana Krall,Let's Fall In Love,When I Look In Your Eyes,album,Diana Krall - Let's Fall In Love -,Giovanni Paradiso,Spotify,0.615,0.177,-16.925,0.0465,0.82,0.000186,0.135,0.383,124.558,259.0,Sad/Mellow,766523,4427,79,57141080,0.005878,0.005775,1.69,1.311111111,0,0
505,Jax Jones,You Don't Know Me (feat. RAYE),Snacks,album,Jax Jones - You Don't Know Me (Official Video) ft. RAYE,JaxJonesVEVO,Spotify,0.879,0.665,-6.082,0.145,0.164,0.0,0.319,0.672,123.977,212.6,Happy/Energetic,85098398,916958,8793,567155050,0.010879,0.010775,16.75,2.084639498,1,1
506,Chris Rea,Looking for the Summer,Auberge,album,Chris Rea - Looking For The Summer  HD 720,filmsmusicru,Youtube,0.565,0.67,-13.777,0.032,0.0808,0.466,0.0518,0.253,95.027,303.6,Angry/Intense,27732714,140857,4962,20398820,0.005258,0.005079,0.6,12.93436293,0,0
507,Los Panchos,Historia de un Amor,Canta En Español Con Los Panchos,album,Los Panchos - Historia de un amor,INDIE WONDER,Spotify,0.61,0.336,-11.797,0.0327,0.843,0.0,0.0677,0.622,100.735,150.9,Calm/Positive,144911,3642,55,22910729,0.025512,0.025133,0.68,4.963072378,0,0
508,Bear McCreary,God of War Ragnarök (feat. Eivør),God of War Ragnarök (Original Soundtrack),album,Bear McCreary - God of War Ragnarök | God of War Ragnarök (Original Soundtrack) ft. Eivør,SonySoundtracksVEVO,Spotify,0.234,0.346,-10.975,0.0309,0.555,0.744,0.11,0.0994,76.387,274.7,Sad/Mellow,3761987,82849,3528,5071369,0.02296,0.022023,0.15,3.145454545,1,1
509,Hombres G,Visite nuestro bar,La Cagaste... Burt Lancaster,album,HOMBRES G - Visite nuestro bar (TVE 86),Manu Guinarte,Spotify,0.67,0.922,-4.496,0.0779,0.138,0.00643,0.0544,0.964,77.677,201.4,Happy/Energetic,4625811,24508,556,35744541,0.005418,0.005298,1.06,16.94852941,0,0
510,Twista,Girl Tonite (feat. Trey Songz),The Day After,album,Twista - Girl Tonite (feat. Trey Songz) [Official Video],Atlantic Records,Spotify,0.668,0.724,-5.953,0.0536,0.00551,0.0,0.218,0.318,148.522,221.4,Angry/Intense,3593448,41102,1157,9213284,0.01176,0.011438,0.27,3.321100917,1,1
511,NCT 127,Cherry Bomb,NCT #127 CHERRY BOMB– The 3rd Mini Album,album,NCT 127 ??? 127 'Cherry Bomb' MV,SMTOWN,Youtube,0.713,0.603,-4.896,0.287,0.000759,5.51e-06,0.0453,0.799,78.027,236.7,Happy/Energetic,158490662,2802501,114995,113795407,0.018408,0.017682,3.36,13.31125828,1,1
512,Slipknot,Wait and Bleed,Slipknot,album,Slipknot - Wait And Bleed [OFFICIAL VIDEO] [HD],Slipknot,Spotify,0.382,0.996,-4.119,0.104,0.00208,0.0,0.417,0.327,93.345,147.8,Angry/Intense,132263461,696184,30426,297647780,0.005494,0.005264,8.79,2.388489209,1,1
513,Travis Barker,t r a n s p a r e n t s o u l feat. Travis Barker,lately I feel EVERYTHING,album,WILLOW -  t r a n s p a r e n t s o u l ft. Travis Barker (Official Music Video),willowsmith,Spotify,0.374,0.83,-5.203,0.0584,0.00213,0.0,0.15,0.204,90.19,168.4,Angry/Intense,12209111,452139,11796,234311950,0.037999,0.037033,6.92,5.533333333,0,0
514,ATEEZ,INCEPTION,ZERO : FEVER Part.1,album,ATEEZ(????) - 'INCEPTION' Official MV,KQ ENTERTAINMENT,Youtube,0.607,0.886,-3.77,0.0847,0.108,0.0,0.31,0.616,149.941,210.8,Happy/Energetic,76769142,1430974,292411,54277642,0.022449,0.01864,1.6,2.858064516,0,0
515,Kaskade,On Your Mind,On Your Mind,single,'On Your Mind' | Kaskade | Official Video,Kaskade,Spotify,0.835,0.828,-4.512,0.0949,0.00235,0.743,0.0602,0.178,107.995,320.3,Angry/Intense,30484512,304832,3174,48713002,0.010104,0.01,1.44,13.75415282,0,1
516,Silambarasan TR,"Yaaraiyum Ivlo Azhaga - From ""Sulthan""","Yaaraiyum Ivlo Azhaga (From ""Sulthan"")",single,"Yaaraiyum Ivlo Azhaga - Video | Sulthan | Karthi, Rashmika | Silambarasan TR | Vivek - Mervin | 4K",Dream Warrior Pictures,Spotify,0.684,0.593,-6.267,0.0321,0.375,1.21e-05,0.0998,0.372,89.994,298.7,Angry/Intense,19709342,271171,6898,20552723,0.014108,0.013759,0.61,5.941883768,1,1
517,Jeezy,Put The Minks Down (feat. 42 Dugg),SNOFALL,album,Jeezy - Put The Minks Down (Official Video) ft. 42 Dugg,JEEZY,Spotify,0.794,0.811,-5.215,0.367,0.00824,0.0,0.558,0.588,98.511,116.9,Happy/Energetic,2180653,38256,1461,3513820,0.018213,0.017543,0.1,1.453405018,0,0
518,Los Prisioneros,Tren Al Sur,Corazones,album,Los Prisioneros - Tren Al Sur,Daniel Salazar,Spotify,0.675,0.67,-7.218,0.0514,0.00565,0.00673,0.0805,0.726,90.23,336.9,Happy/Energetic,67402678,386475,12267,144683398,0.005916,0.005734,4.27,8.322981366,0,0
519,The Beach Boys,Wouldn't It Be Nice - Remastered 2000 / Stereo Mix,Pet Sounds (Original Mono & Stereo Mix Versions),album,Wouldn't It Be Nice (Remastered 2000 / Stereo Mix),The Beach Boys - Topic,Spotify,0.392,0.629,-7.056,0.0335,0.718,3.76e-06,0.129,0.72,124.511,153.2,Happy/Energetic,1328586,19486,90,427568977,0.014734,0.014667,12.63,4.875968992,1,1
520,Dave Matthews Band,So Much to Say,Crash,album,Dave Matthews Band - So Much To Say (from The Central Park Concert),davematthewsbandVEVO,Spotify,0.715,0.78,-6.688,0.0327,0.0109,0.0017,0.119,0.838,115.897,246.6,Happy/Energetic,645156,3479,134,26359656,0.0056,0.005392,0.78,6.554621849,1,1
521,Dimitri Vegas & Like Mike,Instagram,Instagram,single,Dimitri Vegas & Like Mike | Live At Tomorrowland 2022 Mainstage (FULL SET HD),Dimitri Vegas & Like Mike,Spotify,0.765,0.906,-2.097,0.0965,0.125,0.0,0.423,0.95,96.071,184.6,Happy/Energetic,3877674,50981,1627,280789051,0.013567,0.013147,8.29,2.141843972,0,1
522,London Philharmonic Orchestra,Adiemus,Adiemus - Songs Of Sanctuary,album,Adiemus - Adiemus (HD) (Official Song) (Feat. London Philharmonic Orchestra) (Songs of Sanctuary),Heroes Of The 80s,Spotify,0.295,0.408,-16.632,0.0693,0.804,0.148,0.165,0.164,150.454,237.4,Sad/Mellow,207852,3870,123,50101776,0.019211,0.018619,1.48,2.472727273,0,0
523,Jota Quest,Fácil,De Volta Ao Planeta,album,Jota Quest - Fácil (Acústico),JotaQuestVEVO,Spotify,0.655,0.903,-3.938,0.0306,0.143,1.2e-05,0.0553,0.624,101.93,318.6,Happy/Energetic,7907886,36426,783,29777116,0.004705,0.004606,0.88,16.32911392,1,1
524,Shakin' Stevens,A Rockin' Good Way (to Mess Around and Fall in Love),The Bop Won't Stop,album,"Shakin' Stevens, Bonnie Tyler - Rockin' Good Way (To Mess Around And Fall In Love)",bonnietylerVEVO,Spotify,0.768,0.802,-4.026,0.0292,0.566,0.0,0.108,0.949,129.109,178.0,Happy/Energetic,3347801,18346,442,7415941,0.005612,0.00548,0.22,7.425925926,1,1
525,Miley Cyrus,Nothing Breaks Like a Heart (feat. Miley Cyrus),Late Night Feelings,album,Mark Ronson - Nothing Breaks Like a Heart (Official Video) ft. Miley Cyrus,MarkRonsonVEVO,Spotify,0.601,0.794,-5.844,0.0671,0.00987,1.36e-06,0.418,0.244,114.066,217.1,Angry/Intense,322683243,3798746,94493,713211866,0.012065,0.011772,21.06,1.899521531,1,1
526,Mc Lipi,Set Wesley Alemão,Set Wesley Alemão,single,"SET WESLEY ALEMÃO - Lipi, Paulin da Capital, Lemos, Gabb, Paiva, Lele, Piedro e Ryan (GM e Oldilla)",Love Funk,Youtube,0.689,0.535,-8.537,0.357,0.314,0.0,0.0847,0.569,120.105,576.7,Happy/Energetic,58805157,725028,13521,28976830,0.012559,0.012329,0.86,6.316410862,1,1
527,Metro Boomin,Niagara Falls (Foot or 2) [with Travis Scott & 21 Savage],HEROES & VILLAINS,album,"Metro Boomin, Travis Scott, 21 Savage - Niagara Falls (Foot or 2) (Visualizer)",MetroBoominVEVO,Spotify,0.671,0.658,-5.567,0.309,0.189,8.66e-05,0.147,0.257,87.933,207.3,Angry/Intense,5385507,96617,1286,81603704,0.018179,0.01794,2.41,4.476190476,1,1
528,Pezet,Pierwszy Cz?owiek Na Ksi??ycu,Muzyka Komercyjna (Deluxe),album,Pezet - Pierwszy Cz?owiek Na Ksi??ycu (prod. Auer),Koka Beats,Spotify,0.568,0.492,-7.899,0.186,0.153,0.0213,0.111,0.125,82.731,173.5,Sad/Mellow,468786,10844,324,873155,0.023823,0.023132,0.03,4.432432432,1,1
529,Gera MX,Los No Tan Tristes,Los No Tan Tristes,album,Nanpa Básico & Gera MX & Charles Ans - Los No Tan Tristes (Video Oficial),Nanpa Basico Oficial,Spotify,0.603,0.508,-9.437,0.217,0.114,0.0,0.14,0.301,86.723,246.0,Angry/Intense,37287946,444007,10014,48898931,0.012176,0.011908,1.44,3.628571429,1,1
530,Sting,If I Ever Lose My Faith In You,Ten Summoner's Tales,album,Sting - If I Ever Lose My Faith In You,StingVEVO,Spotify,0.575,0.727,-9.539,0.0281,0.00952,0.00754,0.054,0.504,97.995,270.5,Happy/Energetic,15518237,56641,2614,42343592,0.003818,0.00365,1.25,13.46296296,1,1
531,Tom Petty and the Heartbreakers,Don't Do Me Like That,Damn The Torpedoes (Deluxe Edition),album,Tom Petty And The Heartbreakers - Don't Do Me Like That (Live),TomPettyVEVO,Spotify,0.758,0.805,-4.243,0.0279,0.211,1.53e-05,0.0982,0.961,116.543,161.8,Happy/Energetic,258271,2822,119,62172371,0.011387,0.010927,1.84,8.197556008,1,1
532,Disturbed,Decadence,Ten Thousand Fists,album,Disturbed Decadence Music Video,JAMESPF12314,Spotify,0.528,0.968,-3.457,0.145,5.67e-05,0.0916,0.0668,0.305,91.934,204.8,Angry/Intense,4613,70,2,49338455,0.015608,0.015175,1.46,14.49101796,0,0
533,Mc Don Juan,Set dos Casados,Set dos Casados,single,"Set dos Casados - MC Kevin, Davi, Hariel, Don Juan, Kapela, Marks, G15, Ryan SP, Gaab (GR6 Explode)",GR6 EXPLODE,Spotify,0.581,0.384,-7.618,0.295,0.325,0.0,0.0953,0.149,199.884,643.2,Sad/Mellow,99945150,876612,8093,109094189,0.008852,0.008771,3.22,4.029380902,1,1
534,DJ Khaled,EVERY CHANCE I GET (feat. Lil Baby & Lil Durk),KHALED KHALED,album,"DJ Khaled - EVERY CHANCE I GET (Official Music Video) ft. Lil Baby, Lil Durk",DJKhaledVEVO,Spotify,0.477,0.727,-4.053,0.286,0.000866,0.0,0.108,0.227,150.062,236.5,Angry/Intense,164632047,1162360,34010,228348319,0.007267,0.00706,6.74,6.731481481,1,1
535,Bombay Jayashri,Zara Zara - LoFi Chill,Hindi Lofi Vibe,compilation,Zara Zara Lofi | Chill Mix | Harrlin | Bombay Jayashri | Rehna Hai Tere Dil Mein,Saregama Music,Spotify,0.583,0.308,-18.303,0.0465,0.581,0.0106,0.257,0.241,118.226,387.7,Sad/Mellow,238924,4700,78,6811213,0.019998,0.019672,0.2,1.19844358,1,1
536,The Mamas & The Papas,Blueberries For Breakfast,People Like Us,album,The Mamas & The Papas - California Dreamin',Folk Experience,Youtube,0.656,0.397,-14.565,0.0375,0.545,0.0,0.122,0.879,145.732,180.2,Calm/Positive,312226510,1678392,64523,6737837,0.005582,0.005376,0.2,3.254098361,0,0
537,The Who,Pinball Wizard,Tommy,album,The Who - Pinball Wizard (Music Video),Moregano,Spotify,0.543,0.715,-8.89,0.0356,0.0192,0.0,0.256,0.468,124.011,180.9,Angry/Intense,158710,857,46,169245733,0.00569,0.0054,5.0,2.79296875,0,0
538,Vanesa Martín,Quién lo diría,Placeres y pecados,album,Vanesa Martín - Quién lo diría (Videoclip Oficial),Vanesa Martín,Spotify,0.5,0.698,-5.079,0.0474,0.0655,0.0,0.102,0.463,100.06,190.1,Angry/Intense,1754314,15577,771,2246006,0.009319,0.008879,0.07,6.843137255,1,1
539,Aaron Smith,Just a Kiss - Horacio & Aaron Smith Remix,Just a Kiss (Horacio & Aaron Smith Remix),single,Just a Kiss,Aaron Smith - Topic,Spotify,0.868,0.492,-8.237,0.0545,0.00084,0.754,0.112,0.519,126.003,321.0,Calm/Positive,35403,363,1,184165,0.010282,0.010253,0.01,4.392857143,1,1
540,Tony Bennett,Winter Wonderland,Snowfall: The Tony Bennett Christmas Album,album,Tony Bennett - Winter Wonderland (Official Audio),tonybennettVEVO,Spotify,0.453,0.453,-9.354,0.0395,0.871,0.0,0.218,0.586,116.098,133.2,Calm/Positive,2764258,8318,179,170390234,0.003074,0.003009,5.03,2.077981651,1,1
541,Celia Cruz,La Vida Es Un Carnaval,Para La Eternidad,album,La Vida Es Un Carnaval - Celia Cruz,09SourApple,Spotify,0.813,0.701,-6.508,0.0701,0.489,0.00116,0.294,0.855,104.019,278.9,Happy/Energetic,85760711,508329,12499,164271709,0.006073,0.005927,4.85,2.384353741,0,0
542,Zé Ramalho,Chão de Giz,Antologia Acústica,album,Zé Ramalho - Chão de Giz (Ao Vivo 2005) (Clipe Oficial),ZeRamalhoVEVO,Youtube,0.666,0.44,-9.32,0.0333,0.836,0.00133,0.198,0.341,143.853,271.2,Sad/Mellow,223596260,1196853,32395,81670359,0.005498,0.005353,2.41,2.222222222,1,1
543,YoungBoy Never Broke Again,To The Bone (feat. YoungBoy Never Broke Again),Only Built For Infinity Links,album,Quavo & Takeoff - To The Bone feat. YoungBoy Never Broke Again (Official visualizer),Quavo Huncho,Spotify,0.899,0.582,-7.275,0.264,0.0395,0.0,0.1,0.505,149.973,283.2,Happy/Energetic,9175194,172625,4197,36808984,0.019272,0.018814,1.09,5.82,0,0
544,Sleepy Hallow,2055,Still Sleep?,album,Sleepy Hallow - 2055 (Official Video),SleepyHallowVEVO,Spotify,0.829,0.512,-5.865,0.187,0.492,0.0,0.12,0.638,80.511,124.0,Happy/Energetic,115473862,1032472,18714,531964152,0.009103,0.008941,15.71,4.266666667,1,1
545,The Alchemist,I Hate Everything (feat. Action Bronson),The Food Villain,album,"The Alchemist - ""I Hate Everything"" feat. Action Bronson",Al Chemist,Spotify,0.508,0.6,-9.632,0.338,0.451,0.00043,0.357,0.337,153.022,82.1,Angry/Intense,125894,5404,257,14535407,0.044966,0.042925,0.43,1.680672269,0,0
546,RM,All Day (with Tablo),Indigo,album,All Day (with Tablo),RM - Topic,Spotify,0.756,0.692,-4.434,0.122,0.103,0.0,0.283,0.553,115.067,186.2,Happy/Energetic,1683589,112803,0,15837380,0.067002,0.067002,0.47,2.445229682,1,1
547,Metallica,The Unforgiven (Remastered),Metallica (Remastered),album,Metallica - The Unforgiven (Official Music Video),Warner Records Vault,Youtube,0.531,0.583,-9.47,0.0256,0.0184,0.00624,0.255,0.207,139.503,387.2,Angry/Intense,426125708,1781690,46392,0,0.00429,0.004181,0.0,2.28627451,0,0
548,Feid,Normal,FELIZ CUMPLEAÑOS FERXXO TE PIRATEAMOS EL ÁLBUM,album,Feid - Normal (Official Video),FeidVEVO,Spotify,0.709,0.56,-4.867,0.171,0.034,0.0,0.315,0.541,170.082,171.9,Happy/Energetic,148030141,984103,16862,228262848,0.006762,0.006648,6.74,1.777777778,1,1
549,Shaggy,Mad Mad World (feat. Sizzla Kalonji & Collie Buddz),Intoxication,album,SHAGGY - MAD MAD WOLRD Feat. SiZZLA & COLLiE BUDDZ [ADMSXT],Wilfried Villain,Youtube,0.901,0.531,-5.365,0.0853,0.0768,0.0,0.101,0.563,100.016,231.9,Happy/Energetic,62909517,685014,16108,42371793,0.011145,0.010889,1.25,5.257425743,0,0
550,Shawn Mendes,There's Nothing Holdin' Me Back,Illuminate (Deluxe),album,Shawn Mendes - There's Nothing Holdin' Me Back (Official Music Video),ShawnMendesVEVO,Spotify,0.866,0.813,-4.063,0.0554,0.38,0.0,0.0779,0.969,121.998,199.4,Happy/Energetic,1168946145,8771309,209203,1546722489,0.007683,0.007504,45.67,10.436457,1,1
551,Kendo Kaponi,Delincuente,Gangalee,album,"Farruko, Anuel AA, Kendo Kaponi - Delincuente (Official Video)",FARRUKOVEVO,Youtube,0.655,0.858,-5.607,0.315,0.53,0.0,0.344,0.65,83.489,396.1,Happy/Energetic,296152037,2087949,54162,148862273,0.007233,0.00705,4.4,2.494186047,1,1
552,Nakash Aziz,Eyy Bidda Idhi Naa Adda,Pushpa - The Rise,single,"Eyy Bidda Idhi Naa Adda Full Video Song |Pushpa Songs Telugu |Allu Arjun, Rashmika |DSP |Nakash Aziz",Aditya Music,Youtube,0.728,0.861,-5.852,0.165,0.2,0.00106,0.0256,0.662,87.467,236.1,Happy/Energetic,84080266,532805,6909,21321741,0.006419,0.006337,0.63,33.6328125,1,1
553,REO Speedwagon,Keep on Loving You,Hi Infidelity (30th Anniversary Edition),album,REO Speedwagon - Keep on Loving You (Video Version),RSpwagonVEVO,Spotify,0.306,0.722,-5.963,0.034,0.0519,0.0,0.117,0.41,174.732,200.3,Angry/Intense,57070842,373887,13476,245359052,0.006787,0.006551,7.25,6.170940171,1,1
554,Connor Price,Spinnin,Spin The Globe,album,Connor price & Bens - SPINNIN (Official video),Bens,Spotify,0.765,0.572,-6.153,0.128,0.226,0.0,0.192,0.475,140.013,110.9,Angry/Intense,752665,35143,631,44236433,0.04753,0.046691,1.31,2.979166667,0,1
555,Disclosure,Unholy (feat. Kim Petras) - Disclosure Remix,Unholy (feat. Kim Petras) [ACRAZE Remix],single,"Sam Smith, Kim Petras - Unholy (Disclosure Remix)",SamSmithVEVO,Spotify,0.742,0.778,-6.762,0.0505,0.00495,0.00754,0.343,0.171,128.014,234.4,Angry/Intense,1562936,26023,485,11437614,0.01696,0.01665,0.34,2.268221574,1,1
556,Murda,Imdat (feat. Hadise),Imdat (feat. Hadise),single,Murda & Hadise - Imdat (prod. Spanker),Murda,Youtube,0.964,0.337,-9.294,0.131,0.457,2.29e-05,0.0636,0.96,130.009,194.6,Calm/Positive,39996368,229607,10831,35660508,0.006011,0.005741,1.05,5.298742138,0,1
557,Kelsea Ballerini,LOVE IS A COWBOY,SUBJECT TO CHANGE,album,Kelsea Ballerini - LOVE IS A COWBOY,Kelsea Ballerini,Spotify,0.533,0.434,-7.469,0.0277,0.674,0.0,0.0776,0.226,95.938,163.5,Sad/Mellow,1059352,13818,341,8507722,0.013366,0.013044,0.25,5.592783505,1,1
558,Tinashe,Naturally,333 (Deluxe),album,Tinashe - Naturally,TinasheOfficialVEVO,Spotify,0.62,0.63,-5.578,0.198,0.171,0.0,0.0824,0.543,85.42,194.8,Happy/Energetic,2089837,50247,3446,9701786,0.025692,0.024044,0.29,7.645631068,1,1
559,Soulja Boy,Sneaky Link 2.0,Sneaky Link 2.0,single,"Hxllywood x Soulja Boy x Kayla Nicole ""Sneaky Link 2.0"" (Official Music Video)",Hxllywood Official,Spotify,0.841,0.653,-6.978,0.375,0.212,0.0,0.0821,0.603,77.039,152.8,Happy/Energetic,11239262,273137,7541,20288060,0.024973,0.024302,0.6,7.953714982,1,1
560,Lifehouse,First Time,Who We Are,album,Lifehouse - First Time (Official Video),LifehouseVEVO,Spotify,0.442,0.952,-2.214,0.0541,2.41e-05,0.0,0.205,0.505,130.682,203.6,Happy/Energetic,9847175,55359,2056,15494576,0.005831,0.005622,0.46,4.643902439,1,1
561,Ray Dalton,If You Fall,If You Fall,single,"Ray Dalton - ""If You Fall"" (Official Music Video)",Ray Dalton,Spotify,0.693,0.808,-5.909,0.0492,0.0996,4.79e-06,0.148,0.487,125.975,187.4,Angry/Intense,2020959,14821,343,33373682,0.007503,0.007334,0.99,5.459459459,1,1
562,Billy Ray Cyrus,"Ready, Set, Don't Go",Home At Last,album,"Billy Ray Cyrus - Ready, Set, Don't Go (Official Music Video)",BillyRayCyrusVEVO,Spotify,0.466,0.721,-5.45,0.0358,0.285,0.0,0.148,0.425,76.988,228.5,Angry/Intense,4900724,49355,2744,12408618,0.010631,0.010071,0.37,4.871621622,1,1
563,Vishal-Shekhar,Ishq Wala Love,Student of the Year (Original Motion Picture Soundtrack),album,"Ishq Wala Love Full Video - SOTY|Alia Bhatt,Sidharth Malhotra,Varun Dhawan|Neeti Mohan",SonyMusicIndiaVEVO,Youtube,0.711,0.295,-12.377,0.0334,0.534,4.51e-05,0.0782,0.694,135.041,258.0,Calm/Positive,90390410,763688,18065,69441819,0.008649,0.008449,2.05,3.772378517,1,1
564,Gym Class Heroes,Cookie Jar (feat. The-Dream),The Quilt,album,Gym Class Heroes: Cookie Jar ft. The-Dream [OFFICIAL VIDEO],Fueled By Ramen,Spotify,0.687,0.668,-4.061,0.0282,0.0253,0.0,0.744,0.418,113.053,216.3,Angry/Intense,38563715,173843,13161,43358465,0.004849,0.004508,1.28,0.897849462,1,1
565,My Chemical Romance,Teenagers,The Black Parade,album,My Chemical Romance - Teenagers [Official Music Video] [4K],My Chemical Romance,Spotify,0.463,0.857,-3.063,0.0632,0.0506,0.0,0.184,0.856,111.647,161.9,Happy/Energetic,164340753,1180619,76497,684511925,0.007649,0.007184,20.21,4.657608696,1,1
566,Ricky Martin,El Ultimo Adiós - Varios Artistas Version,El Ultimo Adiós,single,Varios Artistas Latinos - EL Ultimo Adios,Catheleya R,Spotify,0.276,0.572,-7.818,0.0377,0.641,0.0,0.2,0.285,77.986,237.5,Angry/Intense,764831,5730,472,169769959,0.008109,0.007492,5.01,2.86,0,0
567,Elvis Presley,In the Ghetto,From Elvis in Memphis,album,Elvis Presley - In The Ghetto (Music Video) (1969),gaaronpresley,Spotify,0.404,0.266,-16.688,0.0334,0.716,0.133,0.107,0.491,88.916,167.4,Sad/Mellow,8647838,0,2484,138978979,0.000287,0.0,4.1,2.485981308,0,0
568,Method Man,Got To Have It,4:21...The Day After,album,Method Man - Got To Have It,HustlerX900,Spotify,0.596,0.541,-8.026,0.418,0.102,0.0,0.145,0.851,95.752,253.8,Happy/Energetic,14214317,126072,1199,28648716,0.008954,0.008869,0.85,3.731034483,0,0
569,accelerate,he's mine (sped up) - you may of had him once,he's mine (sped up) - you may of had him once,single,he's mine (sped up) - you may of had him once,accelerate - Topic,Youtube,0.536,0.803,-4.655,0.0643,0.316,0.146,0.252,0.417,81.871,208.1,Angry/Intense,6687694,72216,0,3003881,0.010798,0.010798,0.09,3.186507937,1,1
570,Fernandinho,Uma Nova Histo?ria - Acústico,Acústico,album,UMA NOVA HISTÓRIA - FERNANDINHO [CLIPE OFICIAL],Fernandinho Ministério Faz Chover,Youtube,0.527,0.791,-4.195,0.0278,0.00731,0.0,0.252,0.506,147.043,278.0,Happy/Energetic,93119315,821888,15946,26278595,0.008997,0.008826,0.78,3.138888889,1,1
571,Megan Thee Stallion,"SG (with Ozuna, Megan Thee Stallion & LISA of BLACKPINK)","SG (with Ozuna, Megan Thee Stallion & LISA of BLACKPINK)",single,"DJ Snake, Ozuna, Megan Thee Stallion, LISA of BLACKPINK - SG (Official Music Video)",DJSnakeVEVO,Spotify,0.8,0.837,-2.807,0.0491,0.00406,0.00313,0.0904,0.702,100.015,225.6,Happy/Energetic,189936873,4965979,339120,200709786,0.027931,0.026145,5.93,9.258849558,1,1
572,La Adictiva,M En El Radar,M En El Radar,single,La Adictiva & Gerardo Ortíz - M En El Radar (Video Oficial),La Adictiva,Spotify,0.794,0.599,-4.696,0.0447,0.493,4.73e-06,0.0417,0.967,115.418,140.5,Happy/Energetic,1874279,28592,327,4502135,0.015429,0.015255,0.13,14.36450839,0,1
573,Los Auténticos Decadentes,Corazón - Remasterized 2001,Originales - 20 Exitos,album,Los Auténticos Decadentes - Corazón (Videoclip),LOSDECADENTESVEVO,Youtube,0.7,0.807,-5.947,0.0401,0.671,0.0,0.0966,0.918,90.411,283.1,Happy/Energetic,14462591,98687,2432,0,0.006992,0.006824,0.0,8.354037267,1,1
574,Willie Nelson,American Remains,Highwayman 2,album,The Highwaymen - American Remains,phoenixkelser,Spotify,0.684,0.495,-13.877,0.0422,0.47,6.98e-05,0.157,0.528,101.999,247.0,Calm/Positive,5249473,28501,168,36940149,0.005461,0.005429,1.09,3.152866242,0,0
575,The Pointer Sisters,He's so Shy,Special Things (Bonus Track Version),album,The Pointer Sisters - He's So Shy,PointerSistersVEVO,Spotify,0.871,0.736,-7.896,0.0675,0.22,0.000725,0.0894,0.967,115.149,218.3,Happy/Energetic,480307,4657,185,13515840,0.010081,0.009696,0.4,8.232662192,1,1
576,Himesh Reshammiya,"52 Non Stop Dilbar Dilbar Remix(Remix By Kedrock,Sd Style)",52 Non Stop Dilbar Dilbar Remix,compilation,"52 Non Stop Dilbar Dilbar Remix By Kedrock, SD Style Super Hit Songs Collection 2018 | T-Series",Pop Chartbusters,Spotify,0.521,0.837,-4.501,0.0794,0.0593,1.28e-05,0.157,0.48,106.001,4581.5,Angry/Intense,8053055,62411,1257,23128326,0.007906,0.00775,0.68,5.331210191,1,1
577,Vijay Prakash,Hosanna - Lofi Flip,Hosanna (Lofi Flip),single,Hosanna (Lofi Flip),Leon D'souza - Topic,Spotify,0.315,0.338,-13.75,0.0314,0.647,0.00338,0.5,0.105,75.052,256.1,Sad/Mellow,496159,12038,0,5502686,0.024262,0.024262,0.16,0.676,1,1
578,Elliott Smith,Pitseleh,XO,album,Elliott Smith - Pitseleh,Jake Slavik,Spotify,0.447,0.208,-18.663,0.0337,0.883,0.153,0.105,0.511,105.669,202.5,Calm/Positive,806138,4680,183,15010821,0.006032,0.005805,0.44,1.980952381,0,0
579,Alec Benjamin,If I Killed Someone For You,Narrated For You,album,Alec Benjamin - If I Killed Someone For You [Official Music Video],Alec Benjamin,Spotify,0.514,0.605,-5.363,0.0337,0.774,2.91e-06,0.121,0.409,120.894,185.1,Angry/Intense,14761686,379842,9673,146791543,0.026387,0.025732,4.33,5.0,1,1
580,Jonas Blue,Always Be There,Always Be There,single,"Jonas Blue, Louisa Johnson - Always Be There (Official Video)",JonasBlueVEVO,Spotify,0.702,0.759,-3.292,0.0381,0.16,0.0,0.062,0.761,123.999,198.4,Happy/Energetic,739162,16345,258,8554958,0.022462,0.022113,0.25,12.24193548,1,1
581,Queens of the Stone Age,The Way You Used To Do,Villains,album,Queens Of The Stone Age - The Way You Used To Do,QueensStoneAgeVEVO,Spotify,0.482,0.843,-5.909,0.288,0.0103,0.103,0.362,0.433,97.907,274.3,Angry/Intense,11426494,89340,4541,110615704,0.008216,0.007819,3.27,2.328729282,1,1
582,IU,Palette (feat. G-DRAGON),Palette,album,[MV] IU(???) _ Palette(???) (Feat. G-DRAGON),1theK (????),Youtube,0.804,0.68,-3.81,0.2,0.458,0.0,0.102,0.62,102.013,217.4,Happy/Energetic,189396644,1740866,56759,104607440,0.009491,0.009192,3.09,6.666666667,1,1
583,Chris Brown,With You,Exclusive (Expanded Edition),album,Chris Brown - With You (Official Video),ChrisBrownVEVO,Youtube,0.662,0.693,-4.298,0.0698,0.134,0.0,0.145,0.655,86.009,252.1,Happy/Energetic,595358298,2639677,96771,327435679,0.004596,0.004434,9.67,4.779310345,1,1
584,KK,"Tu Hi Yaar Mera (From ""Pati Patni Aur Woh"")","Tu Hi Yaar Mera (From ""Pati Patni Aur Woh"")",single,"Full Video:Tu Hi Yaar Mera | Pati Patni Aur Woh | Kartik A,Bhumi P,Ananya P| Rochak,Arijit S,Neha K",T-Series,Youtube,0.718,0.382,-8.237,0.0466,0.585,0.0,0.128,0.499,87.029,201.0,Sad/Mellow,216579390,1671436,23164,113790392,0.007824,0.007717,3.36,2.984375,1,1
585,Rekha Bhardwaj,Aise Kyun - Ghazal Version,Mismatched: Season 2 (Music from the Netflix Series),album,"Aise Kyun Official Lyric Video | Rekha Bhardwaj, Anurag Saikia, Raj Shekhar | Mismatched Season 2",Netflix India,Spotify,0.395,0.378,-9.743,0.0443,0.88,0.0879,0.105,0.286,152.204,329.1,Sad/Mellow,9258013,177620,2024,28104503,0.019404,0.019186,0.83,3.6,1,1
586,Paul Simon,You Can Call Me Al,Graceland (25th Anniversary Deluxe Edition),album,Paul Simon - You Can Call Me Al (Official Video),PaulSimonVEVO,Spotify,0.776,0.763,-8.124,0.0534,0.182,0.00647,0.077,0.82,128.433,280.0,Happy/Energetic,112032846,549621,28895,488959947,0.005164,0.004906,14.44,9.909090909,1,1
587,League of Legends,RISE,RISE,single,"RISE (ft. The Glitch Mob, Mako, and The Word Alive) | Worlds 2018 - League of Legends",League of Legends,Youtube,0.459,0.663,-5.939,0.1,0.0169,0.0,0.0621,0.412,176.791,192.9,Angry/Intense,331372270,2965042,95968,244556803,0.009237,0.008948,7.22,10.6763285,1,1
588,James Newton Howard,London,Blood Diamond (Original Motion Picture Soundtrack),album,Blood Diamond - James Newton Howard - London,MovieSounds,Spotify,0.443,0.165,-20.735,0.0307,0.658,0.927,0.358,0.106,78.882,158.6,Sad/Mellow,526467,2815,134,19200392,0.005601,0.005347,0.57,0.460893855,0,0
589,Kumaar,Teri Khair Mangdi,Baar Baar Dekho (Original Motion Picture Soundtrack),single,Teri Khair Mangdi - Lyrical | Baar Baar Dekho | Sidharth Malhotra & Katrina Kaif | Bilal Saeed,Zee Music Company,Spotify,0.718,0.58,-5.149,0.028,0.602,0.0,0.196,0.31,97.979,225.3,Angry/Intense,17573326,187364,3753,38593139,0.010875,0.010662,1.14,2.959183673,1,1
590,Nanpa Básico,Los No Tan Tristes,Los No Tan Tristes,album,Nanpa Básico & Gera MX & Charles Ans - Los No Tan Tristes (Video Oficial),Nanpa Basico Oficial,Spotify,0.603,0.508,-9.437,0.217,0.114,0.0,0.14,0.301,86.723,246.0,Angry/Intense,37287915,444007,10014,48843290,0.012176,0.011908,1.44,3.628571429,1,1
591,Ana Gabriel,El Ultimo Adiós - Varios Artistas Version,El Ultimo Adiós,single,Ana gabriel el ultimo Adios (JM),J3ko Blogs,Spotify,0.276,0.572,-7.818,0.0377,0.641,0.0,0.2,0.285,77.986,237.5,Angry/Intense,1437797,6786,109,169769959,0.004796,0.00472,5.01,2.86,0,0
592,Lazza,NESSUNO (feat. Geolier),SIRIO,album,"Lazza, Geolier - NESSUNO (Visual)",LazzaVEVO,Spotify,0.609,0.652,-4.925,0.258,0.0477,0.0,0.125,0.129,134.595,148.5,Angry/Intense,6809366,33418,335,25774715,0.004957,0.004908,0.76,5.216,1,1
593,Lil Durk,3 Headed Goat (feat. Lil Baby & Polo G),Just Cause Y'all Waited 2,album,Lil Durk - 3 Headed Goat ft. Lil Baby & Polo G (Directed by Cole Bennett),Lyrical Lemonade,Spotify,0.846,0.48,-8.618,0.359,0.269,0.0,0.0989,0.419,143.029,169.5,Sad/Mellow,71502040,981615,33330,261188543,0.014195,0.013728,7.71,4.85338726,0,0
594,Adam Levine,Lifestyle (feat. Adam Levine),Lifestyle (feat. Adam Levine),single,Jason Derulo - Lifestyle (feat. Adam Levine) [Official Music Video],Jason Derulo,Spotify,0.749,0.674,-5.128,0.0366,0.0209,0.0,0.169,0.711,123.055,153.9,Happy/Energetic,22947274,302504,7866,176673668,0.013525,0.013183,5.22,3.98816568,1,1
595,MIKA,Lollipop,Life in Cartoon Motion,album,MIKA - Lollipop (Official Music Video),MIKAVEVO,Spotify,0.711,0.594,-5.335,0.0658,0.0326,9.15e-06,0.114,0.857,96.001,183.5,Happy/Energetic,69547157,483477,25681,85719399,0.007321,0.006952,2.53,5.210526316,1,1
596,"Tyler, The Creator",See You Again (feat. Kali Uchis),Flower Boy,album,SEE YOU AGAIN featuring Kali Uchis,"Tyler, The Creator",Spotify,0.558,0.559,-9.222,0.0959,0.371,7.49e-06,0.109,0.62,78.558,180.4,Happy/Energetic,92712467,1701541,43935,735335457,0.018827,0.018353,21.71,5.128440367,0,1
597,Robert Schumann,"Kinderszenen, Op. 15: 7. Träumerei",Schumann: Kreisleriana; Kinderszenen; Fantasiestücke,album,"Schumann: Kinderszenen Op.15 No.7, Träumerei (Horowitz)",Ashish Xiangyi Kumar,Spotify,0.404,0.0151,-35.799,0.0652,0.996,0.916,0.0946,0.282,134.935,150.6,Sad/Mellow,415188,5252,102,8683089,0.012895,0.01265,0.26,0.15961945,0,0
598,(G)I-DLE,TOMBOY,I NEVER DIE,album,(??)???((G)I-DLE) - 'TOMBOY' Official Music Video,(G)I-DLE (??)??? (Official YouTube Channel),Youtube,0.755,0.87,-2.414,0.0936,0.00988,0.0,0.0917,0.645,124.032,174.4,Happy/Energetic,204797335,3023589,211850,148391828,0.015798,0.014764,4.38,9.487459106,1,1
599,Tyler Childers,All Your'n,Country Squire,album,Tyler Childers - All Your'n (Official Video),TylerChildersVEVO,Spotify,0.585,0.55,-7.342,0.0255,0.408,3.97e-05,0.115,0.839,78.176,218.3,Happy/Energetic,19441959,115317,2812,154468718,0.006076,0.005931,4.56,4.782608696,1,1
600,Booba,Scarface,Autopsie 0,album,Booba - Scarface (Clip Officiel),B20baOfficiel,Youtube,0.65,0.731,-6.753,0.0387,0.465,0.0222,0.323,0.478,137.99,253.6,Angry/Intense,44533542,172829,16993,36048454,0.004262,0.003881,1.06,2.263157895,0,0
601,Rich The Kid,Motion,Motion,single,Rich The Kid - Motion (Official Video),RichTheKidVEVO,Spotify,0.859,0.461,-8.033,0.404,0.074,0.0,0.111,0.337,83.992,127.2,Sad/Mellow,856689,23985,1156,2867395,0.029347,0.027997,0.08,4.153153153,1,1
602,Anuel AA,¿Qué Nos Pasó?,¿Qué Nos Pasó?,single,Anuel AA - ¿Qué Nos Pasó? (Video Oficial),Anuel AA,Youtube,0.703,0.694,-4.808,0.0607,0.436,5.8e-06,0.12,0.298,95.0,245.7,Angry/Intense,74728841,659765,29193,62100918,0.009219,0.008829,1.83,5.783333333,1,1
603,Alejandra Guzman,Día De Suerte,Alejandra Guzmán 20 Años De Éxitos En Vivo Con Moderatto,album,Alejandra Guzmán - Día De Suerte (En Vivo Desde Arena Ciudad De México),VersusVEVO,Spotify,0.487,0.676,-5.886,0.0324,0.385,0.0,0.117,0.175,159.944,212.6,Angry/Intense,15420860,66451,1373,34725262,0.004398,0.004309,1.03,5.777777778,1,1
604,Skillet,The Resistance,Unleashed,album,"Skillet - ""The Resistance"" [Official Lyric Video]",Skillet,Spotify,0.483,0.941,-3.598,0.0575,0.000526,3.5e-06,0.31,0.503,156.033,232.1,Happy/Energetic,88125160,881519,21668,144886273,0.010249,0.010003,4.28,3.035483871,1,1
605,Joyner Lucas,Your Heart,Your Heart,single,Joyner Lucas & J. Cole - Your Heart (Official Video),Joyner Lucas,Spotify,0.861,0.637,-7.701,0.133,0.392,0.0,0.0929,0.754,87.006,198.6,Happy/Energetic,44681290,816079,26344,79597750,0.018854,0.018264,2.35,6.856835307,1,1
606,Diomedes Diaz,Amarte Mas No Pude,Orgullosa,single,"Amarte Más No Pude, Diomedes Díaz - Video Show De Las Estrellas",Diomedes Díaz Oficial,Spotify,0.611,0.569,-10.075,0.0765,0.343,0.0,0.0817,0.961,156.998,289.4,Happy/Energetic,3163108,12423,411,27692702,0.004057,0.003927,0.82,6.964504284,1,1
607,Manuel Carrasco,Que Nadie,Inercia,album,"Manuel Carrasco, Malu - Que Nadie",ManuelCarrascoVEVO,Spotify,0.671,0.569,-5.518,0.0249,0.419,0.0,0.113,0.452,104.941,237.0,Angry/Intense,28466190,103183,1925,45379938,0.003692,0.003625,1.34,5.03539823,1,1
608,Cali Y El Dandee,#NAME?,11 RAZONES,album,Cali Y El Dandee - La Estrategia (Video Oficial),CaliyElDandeeVEVO,Youtube,0.561,0.678,-4.23,0.0324,0.0996,0.0,0.125,0.662,160.042,219.4,Happy/Energetic,433771826,1694530,61232,151740161,0.004048,0.003907,4.48,5.424,1,1
609,Reik,Amigos Con Derechos,Ahora,album,"Reik, Maluma - Amigos Con Derechos",reikVEVO,Youtube,0.678,0.806,-3.334,0.0648,0.0464,0.0,0.0673,0.614,183.984,227.5,Happy/Energetic,630479293,1824815,39660,436965160,0.002957,0.002894,12.9,11.97622585,1,1
610,Ray Charles,"Hallelujah, I Love Her So","Ray Charles (aka: Hallelujah, I Love Her So)",album,Ray Charles - Hallelujah I Love Her So,Jelle van de Wall,Spotify,0.696,0.547,-5.954,0.169,0.792,0.0,0.155,0.623,73.203,155.5,Happy/Energetic,4104192,31644,719,93155404,0.007885,0.00771,2.75,3.529032258,0,0
611,Metro Boomin,Trance (with Travis Scott & Young Thug),HEROES & VILLAINS,album,"Metro Boomin, Travis Scott, Young Thug - Trance (Visualizer)",MetroBoominVEVO,Spotify,0.571,0.549,-7.38,0.404,0.18,0.0,0.168,0.447,119.497,194.8,Angry/Intense,3348409,64132,1378,46615880,0.019565,0.019153,1.38,3.267857143,1,1
612,iann dior,Pretty Girls,I'm Gone,album,iann dior - Pretty Girls (Official Music Video),iann dior,Spotify,0.732,0.511,-6.779,0.0541,0.276,0.0,0.0916,0.62,96.946,133.6,Happy/Energetic,21485999,420738,8047,97633499,0.019956,0.019582,2.88,5.57860262,0,1
613,Die drei !!!,81 - Geheimnis im Spukhotel - Teil 08,Folge 81: Geheimnis im Spukhotel,album,Die drei !!! - Folge 81: Geheimnis im Spukhotel | Hörspiel,EUROPA Hörspiele,Spotify,0.736,0.646,-11.376,0.929,0.483,0.0,0.604,0.604,89.647,181.3,Happy/Energetic,6639,32,0,312787,0.00482,0.00482,0.01,1.069536424,0,0
614,Dean Lewis,Lost Without You (with Dean Lewis),Thrill Of The Chase,album,"Kygo, Dean Lewis - Lost Without You (with Dean Lewis) (Official Video)",KygoOfficialVEVO,Spotify,0.632,0.574,-6.247,0.0508,0.272,0.0,0.0948,0.385,117.901,203.6,Angry/Intense,17047578,215435,2590,35376747,0.012789,0.012637,1.04,6.054852321,1,1
615,SCH,FADE UP,FADE UP,single,ZEG P Ft. Hamza & SCH - Fade Up (Official Visualizer),Zeg P,Spotify,0.758,0.599,-5.99,0.0877,0.57,1.13e-06,0.129,0.557,129.96,219.2,Happy/Energetic,34920629,233986,2493,73985187,0.006772,0.006701,2.18,4.643410853,1,1
616,Lvbel C5,GELMEZSEN GELME,C5MODE,album,LVBEL C5 - GELMEZSEN GELME,LVBELC5,Spotify,0.76,0.555,-12.659,0.0599,0.185,0.000255,0.0916,0.269,120.003,93.0,Angry/Intense,30231542,170702,4939,69873621,0.00581,0.005646,2.06,6.058951965,0,0
617,Ghostface Killah,Back Like That,Fishscale (Expanded Edition),album,Ghostface Killah - Back Like That ft. Ne-Yo,GhostfaceKillahVEVO,Spotify,0.718,0.663,-5.154,0.19,0.013,0.0,0.0631,0.488,95.728,242.0,Angry/Intense,6407991,59830,2328,10474726,0.0097,0.009337,0.31,10.50713154,1,1
618,Neo Beats,A Cara do Crime (Nós Incomoda),A Cara do Crime (Nós Incomoda),single,"A Cara do Crime ""NÓS INCOMODA""- MC Poze do Rodo | Bielzin | PL Quest | MC Cabelinho (prod. Neobeats)",Mainstreet Records,Youtube,0.623,0.656,-3.662,0.229,0.288,0.0,0.105,0.576,112.823,302.1,Happy/Energetic,299133335,2651893,44212,130793069,0.009013,0.008865,3.86,6.247619048,1,1
619,Westside Gunn,No Vacancy,Pray for Paris,album,Westside Gunn - No Vacancy (Audio),Griselda Records,Spotify,0.519,0.706,-6.983,0.214,0.605,0.0,0.175,0.61,135.831,95.3,Happy/Energetic,270533,4253,224,4633504,0.016549,0.015721,0.14,4.034285714,0,0
620,Keane,Is It Any Wonder?,Under The Iron Sea,album,Keane - Is It Any Wonder?,KeaneVEVO,Spotify,0.489,0.955,-2.771,0.0363,3.82e-05,0.000178,0.334,0.816,129.352,186.2,Happy/Energetic,20374221,90460,3156,49028878,0.004595,0.00444,1.45,2.859281437,1,1
621,Mc Paiva ZS,Final do Ano,Final do Ano,single,MC Don Juan e MC Paiva - Final Do Ano (GR6 Explode) DJ Yuri Martins,GR6 EXPLODE,Youtube,0.866,0.801,-2.754,0.216,0.247,1.23e-05,0.0907,0.901,130.027,199.4,Happy/Energetic,17870453,206854,2207,10985735,0.011699,0.011575,0.32,8.831312018,0,0
622,Mac DeMarco,Chamber Of Reflection,Salad Days,album,Mac DeMarco - Chamber Of Reflection (Official Video),Mac DeMarco,Spotify,0.538,0.557,-8.678,0.0914,0.262,0.914,0.102,0.506,131.03,231.7,Happy/Energetic,3351128,92347,3287,444487936,0.028538,0.027557,13.13,5.460784314,0,1
623,MAX,Savage (feat. Flux Pavilion & MAX),Savage (feat. Flux Pavilion & MAX),single,Whethan - Savage (feat. Flux Pavilion & MAX),Trap Nation,Spotify,0.679,0.662,-5.861,0.0773,0.151,0.0,0.376,0.365,90.054,205.3,Angry/Intense,33060366,318024,6548,122204461,0.009818,0.009619,3.61,1.760638298,0,0
624,Roxette,Fading Like A Flower,ROX RMX Vol. 1 (Remixes From The Roxette Vaults),album,Roxette - Fading Like A Flower,Roxette,Youtube,0.701,0.901,-4.34,0.046,0.018,1.08e-06,0.0665,0.908,121.022,145.8,Happy/Energetic,87926763,324573,11967,16236271,0.003828,0.003691,0.48,13.54887218,1,1
625,Racionais MC's,Jesus Chorou,"Nada Como um Dia Após o Outro Dia, Vol. 1 & 2",album,Racionais-jesus chorou clip (oficial),kuma comico,Spotify,0.796,0.824,-5.448,0.355,0.155,2.47e-05,0.355,0.75,167.926,471.3,Happy/Energetic,66483,1016,37,64926545,0.015839,0.015282,1.92,2.321126761,0,0
626,H.E.R.,Slide,Back of My Mind,album,H.E.R. - Slide (Official Video) ft. YG,HERMusicVEVO,Spotify,0.823,0.487,-8.416,0.347,0.086,2.85e-05,0.172,0.172,96.997,236.3,Sad/Mellow,134475889,930611,11050,197633963,0.007002,0.00692,5.84,2.831395349,1,1
627,Kenshi Yonezu,LOSER,BOOTLEG,album,"???? - LOSER , Kenshi Yonezu",Kenshi Yonezu  ????,Youtube,0.679,0.931,-3.74,0.0474,0.00466,0.0,0.0652,0.962,121.001,243.8,Happy/Energetic,309412652,1223362,65870,37940178,0.004167,0.003954,1.12,14.2791411,1,1
628,Jovanotti,Baciami Ancora,Backup 1987 - 2012,compilation,Baciami Ancora,Lorenzo Jovanotti Cherubini,Youtube,0.304,0.688,-5.053,0.0461,0.0542,0.0,0.0951,0.433,109.487,278.2,Angry/Intense,39808751,105132,3456,0,0.002728,0.002641,0.0,7.234490011,1,1
629,Chalino Sanchez,El Crimen De Culiacán,Nieves de Enero,album,El crimen de culiacan - chalino sanches,corridos alterados,Spotify,0.728,0.618,-7.197,0.0368,0.708,0.000492,0.0715,0.91,97.278,190.5,Happy/Energetic,23246957,117272,2189,50782267,0.005139,0.005045,1.5,8.643356643,0,0
630,The Lumineers,WHERE WE ARE,BRIGHTSIDE,album,The Lumineers - WHERE WE ARE,LumineersVEVO,Spotify,0.573,0.507,-8.084,0.0342,0.759,1.37e-06,0.377,0.363,123.183,172.8,Angry/Intense,1553115,29433,589,41867680,0.01933,0.018951,1.24,1.344827586,1,1
631,Zara Larsson,Can't Tame Her,Can't Tame Her,single,Zara Larsson - Can't Tame Her (Official Music Video),ZaraLarssonMusicVEVO,Spotify,0.584,0.915,-3.199,0.11,0.00686,0.000155,0.098,0.57,181.882,196.9,Happy/Energetic,1959870,82669,3002,2283487,0.043713,0.042181,0.07,9.336734694,1,1
632,Blessd,Ziploc (Blessd Version),Siempre Blessd,album,BLESSD ? PIRLO | ZIPLOC ?? ( Video Oficial ),BLESSD EL BENDITO ??,Youtube,0.756,0.606,-6.095,0.298,0.71,0.0,0.127,0.557,92.143,236.1,Happy/Energetic,22155168,239263,6254,9453640,0.011082,0.010799,0.28,4.771653543,0,0
633,DJ Snake,Turn Down for What,Turn Down for What,single,"DJ Snake, Lil Jon - Turn Down for What",DJSnakeVEVO,Youtube,0.818,0.799,-4.1,0.156,0.00107,0.128,0.057,0.0815,100.014,213.7,Angry/Intense,1144905841,10125760,400600,486837929,0.009194,0.008844,14.38,14.01754386,1,1
634,Kenia OS,La Invitación,K23,album,Kenia OS - La Invitación (Video Oficial),KeniaOSVEVO,Spotify,0.63,0.612,-7.119,0.237,0.4,0.0,0.129,0.505,169.649,149.1,Happy/Energetic,6496912,136850,11095,12986188,0.022772,0.021064,0.38,4.744186047,1,1
635,Darlene Love,A Marshmallow World,"Christmas (Baby, Please Come Home)",album,Darlene Love - Marshmallow World (Official Audio),DarleneLoveVEVO,Spotify,0.316,0.78,-6.988,0.0517,0.748,2.18e-05,0.317,0.653,154.636,143.1,Happy/Energetic,210072,1733,79,31042109,0.008626,0.00825,0.92,2.460567823,1,1
636,Bonnie Tyler,Holding Out for a Hero - Single Version,The Very Best of Bonnie Tyler,compilation,Bonnie Tyler - Holding Out For A Hero (Official HD Video),bonnietylerVEVO,Youtube,0.549,0.89,-7.973,0.0613,0.0057,0.00053,0.128,0.84,149.092,261.3,Happy/Energetic,140646077,1119649,41103,25252784,0.008253,0.007961,0.75,6.953125,1,1
637,Grupo Bryndis,Amor Prohibido,Por El Amor,album,Grupo Bryndis - Amor Prohibido,GrupoBryndisVEVO,Spotify,0.724,0.777,-6.036,0.0446,0.337,0.00162,0.314,0.909,163.903,229.7,Happy/Energetic,18200155,66678,1208,99210912,0.00373,0.003664,2.93,2.474522293,1,1
638,Bryant Myers,Como Panas,Bendecido,album,Como Panas - Bryant Myers  (Video oficial),MUSIC LYRICS,Spotify,0.638,0.609,-5.929,0.214,0.407,0.0,0.146,0.377,157.947,199.0,Angry/Intense,746085,10170,72,64837989,0.013728,0.013631,1.91,4.171232877,0,0
639,Pop Smoke,Invincible,Meet The Woo 2,album,POP SMOKE - INVINCIBLE (Official Lyric Video),POP SMOKE,Spotify,0.548,0.732,-5.652,0.336,0.125,0.0,0.269,0.612,142.791,127.5,Happy/Energetic,63678133,967862,14564,377994826,0.015428,0.015199,11.16,2.721189591,0,1
640,La Factoria,Dame una Oportunidad,Demphra,album,La Factoria Ft Makano Dame Una Oportunidad ?ReggaetoOn 2009?,dieguitotuidolo,Spotify,0.756,0.762,-6.411,0.0411,0.13,0.0,0.131,0.4,91.977,201.5,Angry/Intense,2219204,7111,327,3183577,0.003352,0.003204,0.09,5.816793893,0,0
641,Timmy Trumpet,Sweet Caroline,Sweet Caroline,single,Dimitri Vegas & Like Mike x Timmy Trumpet x Brennan Heart - Sweet Caroline (Visualizer),Smash The House,Spotify,0.302,0.8,-4.032,0.0376,0.00596,5.16e-05,0.142,0.328,149.939,214.5,Angry/Intense,183242,3698,93,4096818,0.020688,0.020181,0.12,5.633802817,1,1
642,Macklemore,CHANT (feat. Tones And I),CHANT (feat. Tones And I),single,MACKLEMORE - CHANT FEATURING TONES AND I (OFFICIAL MUSIC VIDEO),Macklemore,Spotify,0.698,0.782,-5.347,0.0853,0.213,0.0,0.181,0.506,112.176,270.6,Happy/Energetic,4424117,107423,3089,16109019,0.024979,0.024281,0.48,4.320441989,1,1
643,Smino,Scenic Drive (feat. Ari Lennox & Smino),Scenic Drive (The Tape),album,"Khalid - Scenic Drive (Lyric Video) ft. Ari Lennox, Smino",KhalidVEVO,Spotify,0.367,0.552,-9.109,0.0504,0.0258,0.000217,0.154,0.0778,93.467,249.8,Angry/Intense,2443785,36123,572,33136031,0.015016,0.014782,0.98,3.584415584,1,1
644,YSY A,Pintao,Desde el Fin del Mundo,album,"DUKI - Pintao ft. Rei, YSY A.",Duki,Spotify,0.735,0.797,-5.328,0.0638,0.143,0.0,0.0823,0.471,105.765,167.3,Angry/Intense,47829073,495465,7768,70488270,0.010521,0.010359,2.08,9.684082625,1,1
645,Imanbek,Ocean Of Tears,Ocean Of Tears,single,"Imanbek, DVBBS - Ocean Of Tears",ImanbekVEVO,Spotify,0.726,0.823,-6.789,0.0571,0.111,0.00193,0.0813,0.151,120.99,184.5,Angry/Intense,309749,4604,60,6793540,0.015057,0.014864,0.2,10.12300123,1,1
646,Cults,TV Dream,Static,album,TV Dream,Cults - Topic,Spotify,0.179,0.437,-7.464,0.0316,0.601,0.000991,0.357,0.175,80.041,62.5,Sad/Mellow,47352,1002,10,4199381,0.021372,0.021161,0.12,1.224089636,1,1
647,Hector & Tito,Noche De Loba,A La Reconquista,album,0,0,Spotify,0.815,0.838,-7.08,0.0641,0.0514,0.0133,0.0896,0.819,89.995,153.4,Happy/Energetic,0,0,0,2011482,0.0,0.0,0.06,9.352678571,0,0
648,Simone Sommerland,La-Le-Lu,Die 30 besten Schlaflieder für Kinder,album,"La-Le-Lu - Singen, Tanzen und Bewegen || Kinderlieder",Kinderlieder zum Mitsingen und Bewegen,Spotify,0.512,0.268,-10.52,0.0317,0.208,0.00223,0.156,0.368,120.052,176.2,Sad/Mellow,956413,2290,0,43051555,0.002394,0.002394,1.27,1.717948718,1,1
649,Lil Jon,Act A Fool,Act A Fool - Single,single,Lil Jon ft. Three 6 Mafia - Act a Fool (Anbroski Remix),TrapMusicHDTV,Youtube,0.849,0.887,-3.083,0.285,0.00739,0.0,0.375,0.814,149.956,281.1,Happy/Energetic,148825368,1412004,11749,11783832,0.009567,0.009488,0.35,2.365333333,0,0
650,Whitesnake,Too Many Tears - 2021 Remaster,Restless Heart (25th Anniversary Edition),album,Whitesnake - Too Many Tears (HD Video Edit) - Restless Heart 2021 (Official Music Video),Whitesnake TV,Spotify,0.599,0.633,-9.331,0.0304,0.325,0.000429,0.104,0.574,92.084,345.8,Happy/Energetic,2889750,31199,712,4344984,0.011043,0.010796,0.13,6.086538462,1,1
651,Major Lazer,Cold Water,Cold Water,single,Major Lazer - Cold Water (feat. Justin Bieber & MØ) (Official Dance Video),Major Lazer Official,Youtube,0.608,0.798,-5.092,0.0432,0.0736,0.0,0.156,0.501,92.943,185.4,Happy/Energetic,287941509,2376728,32342,0,0.008367,0.008254,0.0,5.115384615,0,0
652,Timbiriche,Con Todos Menos Conmigo,Timbiriche 7,album,Timbiriche - Con todos menos conmigo (Video Original),Betitoti13 Video Clasic,Spotify,0.731,0.392,-13.478,0.0385,0.564,0.0,0.0851,0.789,114.179,184.9,Calm/Positive,782820,6701,275,171334435,0.008911,0.00856,5.06,4.606345476,0,0
653,Ronnie Flex,100 SMSjes,100 SMSjes,single,Sigourney K ft. Ronnie Flex - 100 SMSjes (prod. Project Money),Sigourney K,Spotify,0.785,0.656,-5.719,0.0798,0.0299,0.0,0.237,0.652,130.009,151.0,Happy/Energetic,949920,4310,194,13299263,0.004741,0.004537,0.39,2.767932489,0,1
654,Third Eye Blind,Losing a Whole Year,Third Eye Blind,album,Third Eye Blind - Losing A Whole Year (Official Music Video),Third Eye Blind Videos,Spotify,0.421,0.848,-6.3,0.0347,3.37e-05,0.000159,0.0775,0.658,175.665,200.6,Happy/Energetic,1020929,8882,539,19608545,0.009228,0.0087,0.58,10.94193548,1,1
655,Joyner Lucas,Dreams Unfold,Dreams Unfold,single,Joyner Lucas & Lil Tjay - Dreams Unfold (Official audio),Joyner Lucas,Spotify,0.869,0.62,-5.308,0.191,0.36,0.0,0.103,0.961,148.041,201.1,Happy/Energetic,3757534,55855,1813,45144855,0.015347,0.014865,1.33,6.019417476,1,1
656,ARASHI,Monster,Boku No Miteiru Fuukei,album,? - Monster [Official Music Video],ARASHI,Youtube,0.656,0.939,-4.042,0.0792,0.192,0.0,0.373,0.744,134.946,267.5,Happy/Energetic,44929107,0,24436,15557954,0.000544,0.0,0.46,2.517426273,1,1
657,Peter Fox,Zucker (feat. Vanessa Mason),Stadtaffe,album,Zucker (feat. Vanessa Mason),Peter Fox - Topic,Spotify,0.804,0.68,-6.884,0.32,0.389,0.0,0.0652,0.755,145.523,192.5,Happy/Energetic,3100212,16339,78,23825950,0.005295,0.00527,0.7,10.42944785,1,1
658,Death Cab for Cutie,I Will Follow You into the Dark,Plans,album,Death Cab for Cutie - I Will Follow You into the Dark (Official Music Video),Death Cab for Cutie,Spotify,0.517,0.206,-12.233,0.0421,0.924,0.0,0.118,0.489,80.401,189.2,Sad/Mellow,2578897,44268,1849,266231847,0.017882,0.017165,7.86,1.745762712,1,1
659,1nonly,Step Back!,Step Back!,single,1nonly & SXMPRA - Step Back! (Official Music Video),1nonly,Spotify,0.783,0.89,-5.995,0.2,0.185,0.00417,0.0969,0.437,127.996,150.7,Angry/Intense,1383310,38300,886,37403178,0.028328,0.027687,1.1,9.184726522,1,1
660,Tim McGraw,Where The Green Grass Grows,Everywhere,album,Tim McGraw   Where The Green Grass Grows,?????? ??????,Spotify,0.479,0.698,-7.914,0.0277,0.198,0.0,0.126,0.673,159.699,201.6,Happy/Energetic,52945,558,34,96030260,0.011181,0.010539,2.84,5.53968254,0,0
661,Jack Johnson,Sunsets For Somebody Else,All The Light Above It Too,album,Jack Johnson - Sunsets For Somebody Else (Official Audio),JackJohnsonVEVO,Spotify,0.696,0.229,-7.911,0.0331,0.828,1.34e-05,0.152,0.603,113.273,210.5,Calm/Positive,2998713,17074,421,98935792,0.005834,0.005694,2.92,1.506578947,1,1
662,Rod Wave,Street Runner,SoulFly,album,Rod Wave - Street Runner (Official Video),RodWave,Youtube,0.599,0.61,-8.633,0.24,0.213,0.000414,0.151,0.434,159.933,252.0,Angry/Intense,156735339,951524,32929,94015840,0.006281,0.006071,2.78,4.039735099,0,0
663,Grupo Niche,Busca Por Dentro,The Best,compilation,Busca por Dentro - Grupo Niche - Video Oficial Hd,Dj Anfran Morán Toro,Spotify,0.69,0.666,-10.211,0.0348,0.213,0.000373,0.309,0.842,86.039,354.1,Happy/Energetic,1217260,15069,543,64424320,0.012826,0.012379,1.9,2.155339806,0,0
664,Elefante,Contigo,Elefante,album,Elefante - Contigo (Official Video),ELEFANTE,Spotify,0.661,0.793,-5.35,0.0305,0.0155,2.45e-06,0.0774,0.643,129.973,212.3,Happy/Energetic,12121195,77512,2499,18046083,0.006601,0.006395,0.53,10.24547804,1,1
665,UZI,PAPARAZZI,PAPARAZZI,single,UZI - PAPARAZZI,UZI,Spotify,0.854,0.796,-5.871,0.216,0.464,1.21e-06,0.0684,0.382,109.995,164.0,Angry/Intense,90189871,401640,10433,108406380,0.004569,0.004453,3.2,11.6374269,0,1
666,El Barrio,El Licenciao,Atemporal,album,El Licenciao,El Barrio - Topic,Spotify,0.65,0.89,-3.93,0.201,0.156,0.0,0.235,0.793,167.008,288.1,Happy/Energetic,702427,3859,21,812562,0.005524,0.005494,0.02,3.787234043,1,1
667,La Mosca Tse-Tse,Baila Para Mi,Visperas De Carnaval,album,La Mosca Tse-Tse - Baila Para Mi,LaMoscaTseTseVEVO,Spotify,0.758,0.913,-4.182,0.0421,0.0794,0.00106,0.289,0.968,152.629,205.4,Happy/Energetic,6431717,16124,588,13418498,0.002598,0.002507,0.4,3.15916955,1,1
668,Zé Ramalho,Admirável Gado Novo,A Peleja do Diabo com o Dono do Céu (Versão com Faixas Bônus),album,Zé Ramalho - Admirável Gado Novo (Ao Vivo 2005) (Clipe Oficial),ZeRamalhoVEVO,Youtube,0.384,0.754,-10.339,0.0481,0.349,8.04e-06,0.108,0.808,87.275,294.0,Happy/Energetic,49372171,297216,16067,14270750,0.006345,0.00602,0.42,6.981481481,1,1
669,Massive Attack,Dissolved Girl,Mezzanine,album,Massive Attack - Dissolved girl,tubinho79,Spotify,0.646,0.602,-11.316,0.0281,0.0351,0.819,0.0635,0.662,131.994,366.9,Happy/Energetic,5259849,32475,1482,19345420,0.006456,0.006174,0.57,9.480314961,0,0
670,JAY-Z,Run This Town,The Blueprint 3,album,Jay z ft Rihanna and Kanye west - Run this town,Kayser926,Spotify,0.632,0.924,-1.802,0.29,0.281,0.0,0.263,0.441,86.844,267.5,Angry/Intense,17001975,138161,5585,296375103,0.008455,0.008126,8.75,3.513307985,0,0
671,Rihanna,Only Girl (In The World),Loud (Japan Version),album,Rihanna - Only Girl (In The World),RihannaVEVO,Youtube,0.789,0.706,-4.233,0.0429,0.112,1.71e-05,0.0586,0.638,125.911,235.5,Happy/Energetic,885996970,3015922,131749,648916568,0.003553,0.003404,19.16,12.04778157,1,1
672,The Kid LAROI,Thousand Miles,Thousand Miles,single,The Kid LAROI - Thousand Miles (Official Video),TheKidLAROIVEVO,Spotify,0.376,0.657,-4.658,0.0768,0.0858,0.0,0.0884,0.203,80.565,164.8,Angry/Intense,33368877,518662,19499,190384128,0.016128,0.015543,5.62,7.432126697,1,1
673,Karsten Glück,Meine Hände sind verschwunden,Die 30 besten Spiel- Und Bewegungslieder,album,"Meine Hände sind verschwunden - Singen, Tanzen und Bewegen || Kinderlieder",Kinderlieder zum Mitsingen und Bewegen,Youtube,0.836,0.354,-4.923,0.0455,0.757,1.88e-06,0.0761,0.593,132.1,104.0,Calm/Positive,21605544,31497,0,13133505,0.001458,0.001458,0.39,4.651773982,1,1
674,Maite Perroni,Este Corazón,Nuestro Amor,album,"Maite Perroni - ""Loca"" (Feat. Cali & El Dandee) [Video Oficial]",Maite Perroni,Youtube,0.497,0.619,-4.811,0.0322,0.47,0.0,0.0708,0.756,159.996,210.4,Happy/Energetic,361100364,1664052,56720,69778344,0.004765,0.004608,2.06,8.742937853,1,1
675,Duelo,Sentimientos De Cartón,Necesito Más De Ti,album,Sentimientos de Carton  Grupo Duelo  HD,eolicospublicidad,Spotify,0.765,0.504,-10.304,0.0532,0.457,0.0,0.0326,0.74,154.45,183.7,Happy/Energetic,13123711,29946,507,82718800,0.00232,0.002282,2.44,15.4601227,0,0
676,Lamp,For Lovers,For Lovers,album,Lamp????????????,nigatsufilms,Spotify,0.565,0.0522,-17.892,0.0447,0.975,0.833,0.116,0.586,73.582,75.1,Calm/Positive,753011,49872,554,19973959,0.066966,0.06623,0.59,0.45,1,1
677,Ricardo Arjona,Fuiste Tú (feat. Gaby Moreno),Independiente + Demos,album,Ricardo Arjona - Fuiste tú feat. Gaby Moreno (Video Oficial),Ricardo Arjona,Youtube,0.591,0.672,-3.515,0.0375,0.622,0.0,0.112,0.267,139.939,265.3,Angry/Intense,1094037499,2448579,81497,332284501,0.002313,0.002238,9.81,6.0,1,1
678,Juan Gabriel,Querida,Recuerdos II,album,Juan Gabriel - Querida,Antología Musical,Spotify,0.528,0.383,-11.17,0.0258,0.376,0.0,0.11,0.46,89.089,328.3,Sad/Mellow,2429389,14535,274,120079122,0.006096,0.005983,3.55,3.481818182,0,0
679,Roddy Ricch,4 Da Gang (with Roddy Ricch),Free Dem Boyz,album,"42 Dugg, Roddy Ricch - 4 Da Gang (Official Music Video)",42DuggVEVO,Spotify,0.87,0.561,-10.388,0.186,0.0124,0.0,0.103,0.691,100.458,156.4,Happy/Energetic,14657443,237302,5956,152069816,0.016596,0.01619,4.49,5.446601942,1,1
680,Fifth Harmony,Sledgehammer,Reflection (Deluxe),album,Fifth Harmony - Sledgehammer (Official Video),FifthHarmonyVEVO,Youtube,0.671,0.777,-4.322,0.046,0.0057,0.0011,0.0783,0.289,99.98,230.9,Angry/Intense,193208949,1466434,59116,186698178,0.007896,0.00759,5.51,9.923371648,1,1
681,Daniel Barenboim,"Suite bergamasque, L. 75: III. Clair de lune",Claude Debussy,album,"Debussy: Suite bergamasque, L. 75 - III. Clair de lune",Daniel Barenboim - Topic,Spotify,0.268,0.0119,-28.673,0.0432,0.994,0.9,0.0916,0.0689,66.098,259.7,Sad/Mellow,261835,2938,23,3507415,0.011309,0.011221,0.1,0.129912664,1,1
682,Juan Gabriel,Abrázame Muy Fuerte,Abrázame Muy Fuerte,album,"Juan Gabriel - Abrázame Muy Fuerte (En Vivo Desde Bellas Artes, México/ 2013)",JuanGabrielVEVO,Youtube,0.515,0.387,-7.343,0.0567,0.689,0.0,0.126,0.312,135.739,239.4,Sad/Mellow,419259791,1115398,40499,232428040,0.002757,0.00266,6.86,3.071428571,1,1
683,Udo Lindenberg,Horizont,Phönix (Remastered),album,Udo Lindenberg - Horizont,udolindenbergVEVO,Spotify,0.732,0.584,-7.644,0.0235,0.674,0.000353,0.155,0.495,108.437,245.9,Angry/Intense,530393,4098,139,3777598,0.007988,0.007726,0.11,3.767741935,1,1
684,IU,Celebrity,IU 5th Album 'LILAC',album,[MV] IU(???) _ Celebrity,1theK (????),Youtube,0.73,0.784,-2.62,0.0691,0.191,0.0,0.0956,0.673,99.995,195.5,Happy/Energetic,148236822,3252201,133211,122631830,0.022838,0.021939,3.62,8.20083682,1,1
685,A Tribe Called Quest,The Hop,"Beats, Rhymes & Life",album,A Tribe Called Quest - The Hop,Real Hip Hop,Spotify,0.927,0.517,-6.489,0.361,0.0679,0.0,0.174,0.616,95.525,207.5,Happy/Energetic,103209,1489,82,33250039,0.015222,0.014427,0.98,2.971264368,0,0
686,Paramore,Misery Business,Riot!,album,Paramore: Misery Business [OFFICIAL VIDEO],Paramore,Spotify,0.517,0.906,-3.677,0.0735,0.00272,9.26e-06,0.113,0.731,172.977,211.5,Happy/Energetic,255069350,1570688,87847,593116852,0.006502,0.006158,17.51,8.017699115,1,1
687,Rema,Dumebi,Rema,single,Rema - Dumebi ( Official Music Video ),Rema,Spotify,0.923,0.657,-5.173,0.0605,0.199,0.00407,0.108,0.734,110.015,179.8,Happy/Energetic,62439173,632923,13129,81827572,0.010347,0.010137,2.42,6.083333333,0,1
688,Waylon Jennings,I'm a Ramblin' Man,The Ramblin' Man,album,Waylon Jennings - I'm a Ramblin' Man,Mike,Spotify,0.724,0.735,-8.262,0.0286,0.147,0.00131,0.0899,0.839,109.281,167.0,Happy/Energetic,6549983,26377,900,38220998,0.004164,0.004027,1.13,8.175750834,0,0
689,Lisa Gerrard,The Battle,Gladiator: 20th Anniversary Edition,album,Lisa Gerrard - Now We Are Free - ORIGINAL Music Video (Gladiator),knightu2b,Spotify,0.401,0.377,-14.317,0.0387,0.664,0.913,0.117,0.103,84.332,602.2,Sad/Mellow,6895420,74790,3888,23064044,0.01141,0.010846,0.68,3.222222222,0,0
690,Parokya Ni Edgar,Pangarap Lang Kita,Middle-Aged Juvenile Novelty Pop Rockers,album,Pangarap Lang Kita - Parokya Ni Edgar feat. Hapee Sy  - Narrative V1,Avid Liongoren,Spotify,0.731,0.332,-10.751,0.033,0.513,8.15e-06,0.115,0.364,118.042,194.9,Sad/Mellow,31930068,78865,6949,41176764,0.002688,0.00247,1.22,2.886956522,0,0
691,Banda Los Recoditos,No Le Hago Falta,Los Gustos Que Me Doy,album,Banda Los Recoditos - No Le Hago Falta (Video Oficial),BandaLosRecoditosVEVO,Youtube,0.742,0.4,-5.754,0.0357,0.334,1.56e-05,0.105,0.705,125.854,166.8,Calm/Positive,211994791,608830,8170,92984802,0.00291,0.002872,2.75,3.80952381,1,1
692,Flo Rida,My House,My House,album,Flo Rida - My House [Official Video],Flo Rida,Spotify,0.688,0.702,-4.792,0.0499,0.0215,0.0,0.128,0.74,94.006,192.2,Happy/Energetic,328556896,2273731,75127,914935742,0.007149,0.00692,27.02,5.484375,0,1
693,Noah Kahan,False Confidence,Busyhead,album,Noah Kahan - False Confidence,NoahKahanVEVO,Spotify,0.414,0.663,-7.77,0.0456,0.163,0.0,0.138,0.33,108.98,223.4,Angry/Intense,4854377,122823,1513,154946123,0.025613,0.025301,4.58,4.804347826,1,1
694,Lady Gaga,Judas,Born This Way,album,Lady Gaga - Judas (Official Music Video),LadyGagaVEVO,Youtube,0.661,0.937,-3.83,0.0744,0.000967,1.59e-05,0.355,0.535,131.001,249.1,Happy/Energetic,439580527,2488793,349613,278948888,0.006457,0.005662,8.24,2.63943662,1,1
695,BIA,CAN'T TOUCH THIS - R3HAB Remix,CAN'T TOUCH THIS (R3HAB Remix),single,BIA - CAN'T TOUCH THIS (R3HAB Remix - Official Lyric Video),BIAVEVO,Spotify,0.782,0.951,-5.809,0.139,0.0854,0.000126,0.268,0.694,125.953,123.2,Happy/Energetic,241472,6223,199,7201061,0.026595,0.025771,0.21,3.548507463,1,1
696,Sara Bareilles,Winter Song,Snowfall,single,Winter Song - Sara Bareilles/Ingrid Michaelson- Music Video,CapnTink13,Spotify,0.573,0.138,-14.238,0.036,0.964,3.41e-05,0.133,0.23,81.14,267.3,Sad/Mellow,4556319,16238,1180,40439058,0.003823,0.003564,1.19,1.037593985,0,0
697,DJ Drama,"Ain't No Way Around It Remix feat. Future, Big Boi & Young Jeezy","Ain't No Way Around It Remix feat. Future, Big Boi & Young Jeezy",single,"DJ Drama - Ain't No Way Around It Remix ft. Future, T.I., and Big Boi",KOCHRECORDS,Spotify,0.508,0.528,-9.456,0.0741,0.00553,0.0,0.291,0.0969,130.924,278.5,Angry/Intense,4741031,56437,954,9854157,0.012105,0.011904,0.29,1.81443299,1,1
698,Montell Fish,Call U Tomorrow,Call U Tomorrow,single,Montell Fish - Call U Tomorrow (Official Video),Montell Fish,Spotify,0.379,0.291,-12.529,0.0334,0.913,0.0159,0.0961,0.167,107.97,186.7,Sad/Mellow,496301,20530,483,21967327,0.042339,0.041366,0.65,3.028095734,0,1
699,Falling In Reverse,ZOMBIFIED,ZOMBIFIED,single,"Falling In Reverse - ""ZOMBIFIED""",Epitaph Records,Spotify,0.544,0.911,-3.681,0.0422,0.000141,8.89e-06,0.333,0.558,91.033,218.5,Happy/Energetic,21922471,342370,17844,51392627,0.016431,0.015617,1.52,2.735735736,1,1
700,Los Fabulosos Cadillacs,El Matador,Solo Para Fanáticos,album,Los Fabulosos Cadillacs - Matador (Official Video),LFCVEVO,Youtube,0.56,0.913,-9.478,0.0775,0.0295,0.0286,0.0516,0.641,193.202,278.7,Happy/Energetic,128091494,452459,12252,0,0.003628,0.003532,0.0,17.69379845,1,1
701,Motionless In White,Thoughts & Prayers,Disguise,album,Motionless In White - Thoughts & Prayers [OFFICIAL VIDEO],Motionless In White,Spotify,0.321,0.962,-3.364,0.161,6.78e-06,0.0,0.396,0.473,200.142,240.4,Angry/Intense,3561100,139709,6663,19917714,0.041103,0.039232,0.59,2.429292929,1,1
702,Judas Priest,Painkiller,Painkiller,album,Judas Priest - Painkiller,JudasPriestVEVO,Spotify,0.435,0.987,-4.667,0.16,0.000195,0.0847,0.268,0.101,103.16,365.8,Angry/Intense,74684767,514835,30884,104480046,0.007307,0.006893,3.09,3.682835821,1,1
703,R3HAB,One Last Time (with R3HAB) (feat. Enny-Mae),One Last Time (with R3HAB) (feat. Enny-Mae),single,VIZE & R3HAB - One Last Time feat. Enny-Mae (Official Lyric Video),VIZE,Spotify,0.923,0.531,-7.525,0.0481,0.64,0.0174,0.121,0.858,119.985,155.1,Happy/Energetic,1062974,22585,144,12884781,0.021382,0.021247,0.38,4.388429752,1,1
704,Jesús Adrián Romero,"Ven, Te Necesito",Vuelve a Casa,album,"Ven, Te Necesito (Feat. Jesús Adrián Romero)",Lilly Goodman - Topic,Spotify,0.671,0.671,-7.846,0.0314,0.407,0.0,0.105,0.597,129.915,343.7,Happy/Energetic,24744833,106791,832,35048525,0.004349,0.004316,1.03,6.39047619,1,1
705,Marca MP,Tu,Flores,single,Tu - Marca MP (Video Letra),Marca MP,Spotify,0.518,0.409,-8.781,0.0492,0.444,0.0,0.194,0.764,72.338,153.5,Calm/Positive,8869194,80711,357,28161758,0.00914,0.0091,0.83,2.108247423,0,1
706,Maren Morris,My Church,HERO (Deluxe Edition),album,Maren Morris - My Church (Official Music Video),MarenMorrisVEVO,Spotify,0.517,0.743,-4.336,0.0363,0.243,3.36e-06,0.107,0.664,76.979,197.9,Happy/Energetic,79575119,436568,9864,166267215,0.00561,0.005486,4.91,6.943925234,1,1
707,Claudio Abbado,"Requiem in D Minor, K. 626: 1. Introitus: Requiem - Live",Mozart: Requiem,album,Berliner Philharmoniker & Claudio Abbado – Mozart: Requiem In D Minor: Sequentia: Lacrimosa,Deutsche Grammophon - DG,Spotify,0.2,0.194,-18.541,0.0364,0.977,0.869,0.362,0.0634,95.47,271.5,Sad/Mellow,42365,1511,48,5968854,0.036799,0.035666,0.18,0.535911602,0,0
708,LE SSERAFIM,ANTIFRAGILE,ANTIFRAGILE,single,LE SSERAFIM (????) 'ANTIFRAGILE' OFFICIAL M/V,HYBE LABELS,Spotify,0.882,0.797,-3.299,0.0819,0.0821,0.0,0.113,0.824,105.025,184.4,Happy/Energetic,113923304,2306375,82591,151225874,0.02097,0.020245,4.47,7.053097345,1,1
709,Vybz Kartel,Fever,King Of The Dancehall,album,Vybz Kartel - Fever,VybzKartelVEVO,Spotify,0.891,0.62,-7.463,0.244,0.139,1.61e-05,0.0805,0.404,98.094,204.5,Angry/Intense,27956567,188891,7066,74436164,0.007009,0.006757,2.2,7.701863354,1,1
710,Shouse,Won't Forget You (Edit),Won't Forget You,single,SHOUSE - Won't Forget You,SHOUSE,Spotify,0.656,0.655,-6.766,0.024,0.02,0.00816,0.103,0.555,127.001,230.9,Happy/Energetic,27354472,209375,1964,84845480,0.007726,0.007654,2.51,6.359223301,1,1
711,Busta Rhymes,Touch It,The Big Bang,album,Touch It (Remix),BustaRhymesVEVO,Youtube,0.658,0.551,-6.62,0.37,0.0043,0.000108,0.197,0.442,138.335,215.0,Angry/Intense,73500123,547052,20151,41668859,0.007717,0.007443,1.23,2.796954315,1,1
712,Bryson Tiller,Right My Wrongs,T R A P S O U L,album,Bryson Tiller - Right My Wrongs (Official Video),BrysonTillerVEVO,Spotify,0.543,0.449,-8.065,0.0463,0.345,0.0,0.157,0.29,132.609,249.3,Sad/Mellow,49532600,418880,11962,321943309,0.008698,0.008457,9.51,2.859872611,1,1
713,Bibi und Tina,"No Risk, no Fun (feat. Lina Larissa Strahl, Emilio Moutaoukkil)",Bibi und Tina: VOLL VERHEXT! (Der Original-Soundtrack zum Kinofilm),album,0,0,Spotify,0.815,0.593,-7.739,0.0388,0.00452,0.0,0.292,0.707,110.004,159.2,Happy/Energetic,0,0,0,12000361,0.0,0.0,0.35,2.030821918,0,0
714,Diego Torres,Penelope,Luna Nueva,album,Diego Torres - Penelope,diegotorressonymusic,Spotify,0.641,0.408,-9.829,0.0275,0.242,0.0,0.0755,0.393,99.025,319.1,Sad/Mellow,12064857,71725,3788,38502583,0.006259,0.005945,1.14,5.40397351,0,0
715,Vance Joy,Like Gold,Nation of Two,album,Vance Joy - Like Gold (from the Hallowed Halls) [Live Performance],Vance Joy,Spotify,0.477,0.712,-6.759,0.0653,0.224,8.36e-06,0.118,0.407,109.965,224.4,Angry/Intense,698916,11285,372,108134173,0.016679,0.016146,3.19,6.033898305,1,1
716,Wisin,Te Gusta,Resistencia,album,"Yandel, Wisin -  Te Gusta (Video Oficial) | Resistencia",Yandel,Youtube,0.747,0.882,-2.649,0.0422,0.0501,3.06e-05,0.0926,0.692,93.003,200.5,Happy/Energetic,5741380,70375,2469,4019994,0.012688,0.012258,0.12,9.524838013,1,1
717,Central Cee,Obsessed With You,23,album,Central Cee - Obsessed With You (Official Video),Central Cee,Spotify,0.746,0.825,-4.457,0.0435,0.192,0.0,0.365,0.904,143.062,108.7,Happy/Energetic,82354366,1233455,12223,213944257,0.015126,0.014977,6.32,2.260273973,1,1
718,Miranda Lambert,Bluebird,Wildcard,album,Miranda Lambert - Bluebird (Official Video),mirandalambertVEVO,Spotify,0.661,0.633,-5.986,0.0348,0.038,2.75e-06,0.124,0.613,81.984,209.8,Happy/Energetic,23238672,140683,5545,136497255,0.006292,0.006054,4.03,5.10483871,1,1
719,Super Simple Songs,Head Shoulders Knees & Toes (Sing It),The Bath Song & More Kids Songs,album,Head Shoulders Knees And Toes (2019) | Noodle & Pals | Super Simple Songs,Super Simple Songs - Kids Songs,Youtube,0.905,0.607,-10.677,0.293,0.74,0.0,0.968,0.969,99.99,56.4,Happy/Energetic,65739710,81312,0,15395326,0.001237,0.001237,0.45,0.627066116,1,1
720,Ozzy Osbourne,Bark at the Moon,Bark At The Moon (Expanded Edition),album,Ozzy Osbourne - Bark at the Moon (Official Music Video),Ozzy Osbourne,Spotify,0.303,0.961,-5.333,0.243,0.00253,6.2e-05,0.132,0.305,146.591,257.1,Angry/Intense,1019839,27848,1372,105062298,0.028652,0.027306,3.1,7.28030303,0,1
721,TAEYANG,Wedding Dress,Solar,album,TAEYANG - WEDDING DRESS M/V [HD],YG ENTERTAINMENT,Youtube,0.729,0.669,-4.73,0.0347,0.122,0.0,0.129,0.707,133.943,242.7,Happy/Energetic,72453804,500450,38544,42325809,0.007439,0.006907,1.25,5.186046512,1,1
722,Chris Isaak,Wicked Game,Heart Shaped World,album,Wicked Game - Single Edit - Official Music Video,Chris Isaak,Spotify,0.663,0.296,-18.09,0.0294,0.68,0.00837,0.0879,0.359,112.306,289.1,Sad/Mellow,34668369,350164,7003,394548991,0.010302,0.0101,11.65,3.367463026,0,1
723,Naresh Iyer,Roobaroo,Rang De Basanti (Original Motion Picture Soundtrack),album,A.R. Rahman - Roobaroo Best Video|Rang De Basanti|Aamir Khan|Siddharth|Sharman|Naresh,SonyMusicIndiaVEVO,Spotify,0.675,0.582,-8.891,0.0277,0.661,5.56e-06,0.0854,0.538,120.991,283.0,Happy/Energetic,12270130,85227,1757,20822240,0.007089,0.006946,0.61,6.81498829,1,1
724,Eminem,Godzilla (feat. Juice WRLD),Music To Be Murdered By,album,Eminem - Godzilla ft. Juice WRLD (Directed by Cole Bennett),Lyrical Lemonade,Spotify,0.808,0.745,-5.26,0.342,0.145,0.0,0.292,0.829,165.995,210.8,Happy/Energetic,547039623,9287567,398333,1072650382,0.017706,0.016978,31.67,2.551369863,0,0
725,Julio Iglesias,De Niña a Mujer,De Nina A Mujer,album,Julio Iglesias - De Niña a Mujer (Original Video Clip) (1981),MASTER MUSIC BOX,Spotify,0.43,0.25,-17.067,0.029,0.702,0.0,0.383,0.413,104.387,198.2,Sad/Mellow,61609,1021,41,23617633,0.017238,0.016572,0.7,0.652741514,0,0
726,MGMT,When You Die,Little Dark Age,album,MGMT - When You Die,MGMTVEVO,Spotify,0.645,0.938,-4.557,0.0391,0.0946,0.0226,0.159,0.495,140.886,263.9,Angry/Intense,30234027,461260,17895,115180668,0.015848,0.015256,3.4,5.899371069,1,1
727,Major Lazer,ALREADY,The Lion King: The Gift,album,"Beyoncé, Shatta Wale, Major Lazer – ALREADY (Official Video)",Beyoncé,Spotify,0.647,0.732,-5.846,0.0891,0.0846,0.0,0.597,0.548,67.295,222.5,Happy/Energetic,59501982,1426023,69134,117635919,0.025128,0.023966,3.47,1.226130653,1,1
728,Arcade Fire,Rebellion (Lies),Funeral,album,Arcade Fire - Rebellion (Lies) (Official Remastered Video),ArcadeFireVEVO,Spotify,0.401,0.933,-5.682,0.0344,0.00744,0.627,0.318,0.734,127.193,310.9,Happy/Energetic,4759895,31145,1019,100156046,0.006757,0.006543,2.96,2.933962264,1,1
729,Frank Ocean,Pink + White,Blonde,album,Frank Ocean – Pink + White (music video),Mikhail Mutskyi,Spotify,0.545,0.545,-7.362,0.107,0.667,5.48e-05,0.417,0.549,159.94,184.5,Happy/Energetic,2303749,30990,542,626750108,0.013687,0.013452,18.51,1.306954436,0,0
730,Bee Gees,I Started A Joke,Idea (Deluxe Edition),album,"THE BEE GEES  ""I STARTED A JOKE""   1968   HQ AUDIO",GreatPerformers1,Spotify,0.31,0.464,-8.755,0.0275,0.156,8.94e-06,0.132,0.431,144.775,188.3,Sad/Mellow,3424501,37440,2387,102310593,0.01163,0.010933,3.02,3.515151515,0,0
731,Boyce Avenue,Beautiful Soul,"Cover Sessions, Vol. 4",album,Beautiful Soul -  Jesse McCartney (Boyce Avenue acoustic cover) on Spotify & Apple,Boyce Avenue,Spotify,0.483,0.506,-6.058,0.0347,0.394,0.0,0.0946,0.705,87.337,216.6,Happy/Energetic,25069709,155218,3048,88024513,0.006313,0.006191,2.6,5.348837209,1,1
732,Young Cister,40 GRADOS EN LA CIUDAD,THE LIFE OF XULO,single,Young Cister - 40 GRADOS EN LA CIUDAD (Visualizer),YOUNG CISTER,Spotify,0.655,0.702,-4.73,0.101,0.0575,0.0,0.199,0.446,193.829,124.3,Angry/Intense,335073,4624,118,2626997,0.014152,0.0138,0.08,3.527638191,0,0
733,Jubin Nautiyal,Lut Gaye,Mumbai Saga,single,"Lut Gaye (Full Song) Emraan Hashmi, Yukti | Jubin N, Tanishk B, Manoj M | Bhushan K | Radhika-Vinay",T-Series,Youtube,0.638,0.785,-2.612,0.044,0.185,0.0,0.245,0.515,91.101,228.0,Happy/Energetic,1285535009,10481546,340080,115195304,0.008418,0.008153,3.4,3.204081633,1,1
734,Alphaville,Big in Japan - Single Version; 2019 Remaster,Forever Young (Super Deluxe Edition; 2019 Remaster),album,Alphaville - Big In Japan (Official Music Video),RHINO,Spotify,0.773,0.608,-8.606,0.049,0.146,0.00307,0.13,0.334,97.82,234.7,Angry/Intense,40422548,294869,5375,81325428,0.007428,0.007295,2.4,4.676923077,1,1
735,Los Yonic's,Frente A Frente,A Tu Recuerdo,album,Los Yonics - Frente a Frente (Video Clip Remasterizado)  [1989],MASTER MUSIC BOX,Youtube,0.682,0.694,-4.634,0.0249,0.558,1.91e-06,0.229,0.714,105.065,211.6,Happy/Energetic,18616068,53863,1717,10758193,0.002986,0.002893,0.32,3.030567686,0,0
736,Taio Cruz,Troublemaker,TY.O (International Version),album,Taio Cruz - Troublemaker,TaioCruzVEVO,Spotify,0.688,0.714,-4.48,0.0712,0.141,0.0,0.214,0.449,125.028,220.3,Angry/Intense,21107632,85232,4680,23729402,0.00426,0.004038,0.7,3.336448598,1,1
737,Niro,Loi de la calle,Loi de la calle,single,"Loi de la calle - Lacrim, Alonzo, Mister You, JuL, Niro, Kofs, Le Rat Luciano, DA Uzi  // Clip //",DORETDEPLATINE,Spotify,0.718,0.797,-6.17,0.455,0.514,0.0,0.194,0.643,94.709,344.7,Happy/Energetic,25772137,229488,8846,31710562,0.009248,0.008905,0.94,4.108247423,1,1
738,Los Caligaris,Todos Locos,Circología,album,Los Caligaris - Todos locos (video oficial) [HD],Los Caligaris,Spotify,0.743,0.821,-4.229,0.0412,0.253,1.32e-05,0.0247,0.888,89.984,142.2,Happy/Energetic,11528294,69328,1439,28132677,0.006139,0.006014,0.83,33.2388664,1,1
739,Jesse & Joy,¡Corre!,¿Con Quién Se Queda El Perro?,album,0,0,Spotify,0.479,0.477,-6.886,0.0363,0.127,0.0,0.15,0.127,151.97,288.9,Sad/Mellow,0,0,0,239911962,0.0,0.0,7.08,3.18,0,0
740,ENHYPEN,Drunk-Dazed,BORDER : CARNIVAL,single,ENHYPEN (????) 'Drunk-Dazed' Official MV,HYBE LABELS,Spotify,0.599,0.869,-5.174,0.0618,0.000707,0.0,0.0911,0.453,132.889,193.3,Angry/Intense,99088923,3725153,441523,169511209,0.04205,0.037594,5.01,9.538968167,1,1
741,Otis Redding,(Sittin' On) the Dock of the Bay,The Dock of the Bay (Mono),album,Otis Redding - (Sittin' On) The Dock Of The Bay (Official Music Video),RHINO,Spotify,0.769,0.367,-11.226,0.0312,0.684,1.62e-05,0.081,0.535,103.621,163.8,Calm/Positive,104559525,664808,13550,515616223,0.006488,0.006358,15.23,4.530864198,1,1
742,Vybz Kartel,Ride It,Ride It,single,"Shaneil Muir, Vybz Kartel - Ride It (Official Video)",ShaneilMuirVEVO,Youtube,0.628,0.587,-5.19,0.0891,0.359,0.0,0.0943,0.48,103.062,137.5,Angry/Intense,8668596,118411,4669,1859206,0.014198,0.01366,0.05,6.224814422,1,1
743,Sadhana Sargam,Vennelave Vennelave,Merupu Kalalu,album,Vennelave Vennelave Song | Sadhana Sargam & Performance | Samajavaragamana | 27th September 2020,etvteluguindia,Spotify,0.665,0.19,-17.811,0.0339,0.497,1.1e-06,0.158,0.54,91.077,359.8,Calm/Positive,103254,1283,82,8368426,0.01322,0.012426,0.25,1.202531646,1,1
744,Nelly Furtado,I'm Like A Bird,"Whoa, Nelly! (Expanded Edition)",album,Nelly Furtado - I'm Like A Bird (Official Music Video),NellyFurtadoVEVO,Spotify,0.623,0.607,-5.113,0.0353,0.147,3.29e-06,0.227,0.614,89.654,243.2,Happy/Energetic,130698003,718071,26998,246315676,0.005701,0.005494,7.27,2.674008811,1,1
745,Janis Joplin,Maybe,I Got Dem Ol' Kozmic Blues Again Mama!,album,Janis Joplin - Maybe (Official Audio),JanisJoplinVEVO,Spotify,0.4,0.35,-11.401,0.0345,0.227,0.0397,0.103,0.328,83.389,219.1,Sad/Mellow,5720909,61397,855,43173872,0.010881,0.010732,1.27,3.398058252,1,1
746,Fünf Freunde,152 - und das Geheimnis der Kelly Brüder - Teil 11,Folge 152: und das Geheimnis der Kelly Brüder,album,Fünf Freunde - Folge 152: und das Geheimnis der Kelly Brüder | Hörspiel,EUROPA Hörspiele,Spotify,0.498,0.447,-17.535,0.916,0.491,0.0,0.527,0.625,89.241,182.2,Calm/Positive,552,12,0,39403,0.021739,0.021739,0.0,0.848197343,0,0
747,Ryan Castro,Wasa Wasa,Wasa Wasa,single,Ryan Castro - Wasa Wasa (Video Oficial),Ryan Castro,Youtube,0.853,0.523,-4.463,0.0998,0.016,0.000128,0.149,0.629,93.992,145.5,Happy/Energetic,115121545,761203,17238,96300795,0.006762,0.006612,2.84,3.510067114,1,1
748,112,It's Over Now,Part III,album,112 - It's Over Now (Official Music Video),Bad Boy Entertainment,Spotify,0.66,0.71,-4.541,0.0409,0.0106,7.01e-06,0.0736,0.233,97.988,264.9,Angry/Intense,17438949,115026,3487,40400843,0.006796,0.006596,1.19,9.64673913,1,1
749,Mc Lipi,Apontei pro Céu,Apontei pro Céu,single,MC Lipi - Apontei Pro Céu (Love Funk) DJ GM,Love Funk,Youtube,0.591,0.62,-4.036,0.262,0.47,0.0,0.0894,0.546,199.808,240.6,Happy/Energetic,39396217,473506,4944,11062085,0.012145,0.012019,0.33,6.935123043,1,1
750,Billy Ray Cyrus,Love That Lets Go,Hannah Montana Forever,album,Hannah Montana Forever - Love That Let's Go (Official Music Video) ft. Billy Ray Cyrus,Miley Cyrus Nation,Spotify,0.547,0.547,-3.419,0.0282,0.271,0.0,0.0875,0.186,135.983,187.0,Angry/Intense,23143,464,19,12823142,0.02087,0.020049,0.38,6.251428571,0,0
751,L7NNON,Corte Americano,Imaterial (Deluxe),album,Filipe Ret - Corte Americano part. L7NNON,Filipe Ret,Spotify,0.728,0.665,-5.519,0.0595,0.555,0.0,0.14,0.473,129.055,139.5,Angry/Intense,91989221,878337,11034,108986343,0.009668,0.009548,3.22,4.75,1,1
752,Yung Gravy,Welcome to Chilis,Baby Gravy 2,album,Yung Gravy & bbno$ - Welcome to Chilis prod. Y2K (Official Music Video),Yung Gravy,Spotify,0.839,0.454,-9.09,0.157,0.359,0.0,0.0755,0.804,159.987,157.5,Calm/Positive,20207057,435248,8629,119423321,0.021966,0.021539,3.53,6.013245033,0,1
753,Anahí,Nuestro Amor,Nuestro Amor,album,"Moderatto, Anahí - Nuestro Amor",ModerattoVEVO,Spotify,0.541,0.769,-6.253,0.0339,0.0556,1.54e-05,0.17,0.382,129.971,215.7,Angry/Intense,3582138,40722,4014,32196256,0.012489,0.011368,0.95,4.523529412,1,1
754,Yelawolf,You and Me,Ghetto Cowboy,album,Yelawolf - You and Me (Official Video),Yelawolf,Youtube,0.598,0.448,-8.525,0.0342,0.109,0.00105,0.123,0.0727,140.97,242.0,Sad/Mellow,84094705,543338,9919,35221808,0.006579,0.006461,1.04,3.642276423,1,1
755,Nikhita Gandhi,Love Mashup 2019,Love Mashup 2019,single,Love Mashup 2019 | DJ YOGII | Best Hindi Romantic Songs |  Hindi Love Songs | T-Series,T-Series,Spotify,0.607,0.515,-9.401,0.0299,0.216,0.000265,0.314,0.283,97.947,265.8,Angry/Intense,21605968,298017,3600,34948080,0.01396,0.013793,1.03,1.640127389,1,1
756,DJ Nelson,Me Enamoré,Platónico,album,0,0,Spotify,0.495,0.357,-7.555,0.0439,0.968,0.00104,0.118,0.456,179.74,253.8,Sad/Mellow,0,0,0,89200492,0.0,0.0,2.63,3.025423729,0,0
757,Chelsea Cutler,Men On The Moon,Men On The Moon,single,Chelsea Cutler - Men On The Moon (Lyric Video),ChelseaCutlerVEVO,Spotify,0.552,0.517,-7.906,0.0245,0.0211,0.00612,0.152,0.105,79.512,220.8,Angry/Intense,146432,3757,161,15376156,0.026756,0.025657,0.45,3.401315789,1,1
758,John Travolta,I Thought I Lost You - Soundtrack,Bolt,compilation,Miley Cyrus ft John Travolta : I though i lost you [Official Video + HQ + Download + Lyrics],toXXaSlideS,Spotify,0.631,0.799,-7.495,0.0295,0.00385,0.0,0.0977,0.629,103.014,216.0,Happy/Energetic,254854,1816,131,6305737,0.00764,0.007126,0.19,8.178096213,0,0
759,Boston,More Than a Feeling,Boston,album,Boston - More Than a Feeling (Official HD Video),BostonVEVO,Spotify,0.377,0.681,-8.039,0.0298,0.00088,0.0023,0.0504,0.285,108.789,285.1,Angry/Intense,26111453,239717,9748,632278059,0.009554,0.009181,18.67,13.51190476,1,1
760,Akhil,Deewana,Deewana,single,Deewana - Akhil | Pav Dharia | Desi Routz | Anshul Garg | Punjabi  Song 2020,Desi Music Factory,Youtube,0.544,0.531,-6.899,0.0397,0.761,0.0,0.115,0.471,79.993,221.0,Angry/Intense,33622757,655435,14964,12478646,0.019939,0.019494,0.37,4.617391304,1,1
761,DJ Nelson,"Ayer 2 (feat. Dj Nelson, J Balvin, Nicky Jam, Cosculluela)","Ayer 2 (feat. Dj Nelson, J Balvin, Nicky Jam, Cosculluela)",single,"Anuel AA - Ayer 2 (Official Lyric Video) ft. J Balvin, Nicky Jam, Cosculluela, DJ Nelson",AnuelVEVO,Youtube,0.813,0.771,-4.395,0.0718,0.142,0.00325,0.0984,0.785,91.998,342.0,Happy/Energetic,132365098,813613,19356,102429049,0.006293,0.006147,3.02,7.835365854,1,1
762,Faith Hill,The Way You Love Me,Breathe,album,"Faith Hill - ""The Way You Love Me"" (Official Video)",Faith Hill,Spotify,0.627,0.716,-7.175,0.0352,0.127,0.0,0.0344,0.734,101.99,186.1,Happy/Energetic,16087985,87750,2851,37364121,0.005632,0.005454,1.1,20.81395349,1,1
763,The Mamas & The Papas,Snowqueen Of Texas,People Like Us,album,The Mamas & The Papas - California Dreamin',Folk Experience,Youtube,0.663,0.288,-15.323,0.0338,0.71,0.0,0.131,0.716,78.239,158.5,Calm/Positive,312226510,1678392,64523,11949535,0.005582,0.005376,0.35,2.198473282,0,0
764,Simon & Garfunkel,America,Bookends,album,0,0,Spotify,0.259,0.241,-15.955,0.042,0.554,6.62e-06,0.0849,0.275,178.453,215.3,Sad/Mellow,0,0,0,98084504,0.0,0.0,2.9,2.838633687,0,0
765,NIKI,La La Lost You - Acoustic Version,NIKI Acoustic Sessions: Head In The Clouds II,single,NIKI - La La Lost You (Live) | Acoustic Sessions,NIKI,Spotify,0.606,0.196,-11.652,0.0553,0.908,0.0,0.348,0.391,100.873,208.5,Sad/Mellow,21939400,260184,4503,127490954,0.012064,0.011859,3.76,0.563218391,1,1
766,Jay Sean,Days Like This,Days Like This,single,Martin Jensen & Jay Sean - Days Like This (Lyric Video),DJ Martin Jensen,Spotify,0.744,0.854,-5.906,0.0588,0.205,2.37e-05,0.085,0.553,120.955,146.9,Happy/Energetic,7185,409,25,1009300,0.060404,0.056924,0.03,10.04705882,0,0
767,IU,Through the Night,Palette,album,[MV] IU(???) _ Through the Night(???),1theK (????),Youtube,0.428,0.313,-7.327,0.0391,0.757,0.0,0.309,0.284,78.723,253.3,Sad/Mellow,104516292,812258,29783,90658611,0.008057,0.007772,2.68,1.012944984,1,1
768,Karsten Glück,Aramsamsam,Die 30 besten Spiel- Und Bewegungslieder,album,0,0,Spotify,0.604,0.365,-5.011,0.0966,0.381,0.0,0.108,0.766,70.463,93.9,Calm/Positive,0,0,0,45380468,0.0,0.0,1.34,3.37962963,0,0
769,Ludacris,Blueberry Yum Yum,The Red Light District,album,Ludacris - Blueberry Yum Yum BEST QUALITY,zNazaretu,Spotify,0.962,0.637,-5.553,0.106,0.0368,0.022,0.156,0.311,126.707,235.1,Angry/Intense,2384490,29675,688,54189956,0.012734,0.012445,1.6,4.083333333,0,0
770,Patricio Rey y sus Redonditos de Ricota,Un Poco de Amor Francés,La Mosca y la Sopa,album,Un poco de amor francés - Estadio Único de La Plata - Indio en Concierto [2008] Full HD,Indio Solari Oficial,Spotify,0.532,0.776,-7.873,0.03,0.024,0.000419,0.358,0.667,137.736,206.2,Happy/Energetic,8626670,34777,527,56682638,0.004092,0.004031,1.67,2.167597765,1,1
771,Skank,Ainda Gosto Dela,Estandarte,album,Skank - Ainda gosto dela,SkankVEVO,Spotify,0.693,0.761,-6.71,0.0265,0.0496,3.11e-06,0.0928,0.718,122.002,313.1,Happy/Energetic,18312585,221311,6063,52355183,0.012416,0.012085,1.55,8.200431034,1,1
772,The Black Keys,Tighten Up,Brothers,album,The Black Keys - Tighten Up [Official Music Video],The Black Keys,Spotify,0.504,0.705,-6.179,0.0665,0.00121,4.12e-06,0.453,0.567,108.965,211.1,Happy/Energetic,87509756,534928,8990,203458451,0.006216,0.006113,6.01,1.556291391,1,1
773,Joey Bada$$,"327 (feat. Tyler, The Creator & Billie Essco)",Pray for Paris,album,"Westside Gunn & Joey Bada$$ - 327 (ft. Tyler, The Creator & Billie Essco) (Audio)",Griselda Records,Spotify,0.42,0.701,-7.582,0.339,0.832,0.0,0.103,0.671,79.716,349.0,Happy/Energetic,2115740,65159,2844,50741191,0.032141,0.030797,1.5,6.805825243,0,0
774,Héctor Lavoe,Periódico De Ayer,De Ti Depende,album,Hector Lavoe - Periodico De Ayer,Fania Records,Spotify,0.442,0.634,-7.683,0.0307,0.0129,0.867,0.0953,0.578,98.093,409.1,Happy/Energetic,35666649,132395,4429,45944711,0.003836,0.003712,1.36,6.652675761,0,0
775,Modern Talking,You Can Win If You Want,The First & Second Album (30th Anniversary Edition),album,Modern Talking - You Can Win If You Want [HD],Modern Talking Fan Club,Spotify,0.792,0.842,-7.589,0.03,0.181,0.000185,0.0582,0.761,108.01,230.0,Happy/Energetic,10249840,60843,2115,23784530,0.006142,0.005936,0.7,14.46735395,0,0
776,Russ,BEST ON EARTH (feat. BIA) - Bonus,SHAKE THE SNOW GLOBE,album,Russ - BEST ON EARTH (Feat. BIA) (Official Video) ft. BIA,RussVEVO,Spotify,0.846,0.748,-3.512,0.078,0.188,0.0,0.093,0.597,90.006,160.7,Happy/Energetic,42789456,558524,12399,201752935,0.013343,0.013053,5.96,8.043010753,1,1
777,Kato,Sadness and Sorrow (Naruto),Sleep Anime Lofi Beats,album,Naruto Vibes - Sadness and Sorrow (Kato Cover),Kato,Spotify,0.476,0.0792,-28.425,0.0304,0.707,0.862,0.343,0.138,56.997,77.8,Sad/Mellow,109319,2690,102,8638487,0.02554,0.024607,0.26,0.23090379,1,1
778,Shekhar Ravjiani,Firecracker,Jayeshbhai Jordaar,single,Firecracker | Jayeshbhai Jordaar | Ranveer Singh | Vishal & Sheykhar | New Song | Laal Rangi Chola,YRF,Youtube,0.838,0.63,-5.609,0.171,0.242,0.0,0.0719,0.64,100.986,166.6,Happy/Energetic,87843632,623252,20830,18455473,0.007332,0.007095,0.54,8.76216968,1,1
779,Juan Magán,Si No Te Quisiera,The King Is Back,album,"Juan Magan - Si No Te Quisiera ft. Belinda, Lapiz Conciente",JuanMaganVEVO,Youtube,0.707,0.869,-2.727,0.0706,0.181,0.0,0.0669,0.774,128.0,185.5,Happy/Energetic,299675692,1090304,30663,142934714,0.003741,0.003638,4.22,12.98953662,1,1
780,ATEEZ,Wave,TREASURE EP.3: One To All,single,ATEEZ(????) - 'WAVE' Official MV,KQ ENTERTAINMENT,Youtube,0.624,0.86,-3.346,0.0387,0.0886,1.1e-05,0.123,0.447,99.968,203.9,Angry/Intense,70312241,1448730,74097,70231511,0.021658,0.020604,2.07,6.991869919,0,0
781,Steve Lacy,Bad Habit,Gemini Rights,album,Steve Lacy - Bad Habit (Official Video),SteveLacyVEVO,Spotify,0.686,0.494,-7.093,0.0355,0.613,5.8e-05,0.402,0.7,168.946,232.1,Calm/Positive,64752257,1178197,21802,574134057,0.018532,0.018195,16.95,1.228855721,1,1
782,NAV,One Time (with Don Toliver feat. Future),Demons Protected By Angels,album,"NAV, Don Toliver - One Time (Official Music Video) ft. Future",NAVVEVO,Spotify,0.783,0.646,-5.787,0.0686,0.368,0.0,0.106,0.815,92.999,189.3,Happy/Energetic,1937451,40313,1086,13246253,0.021368,0.020807,0.39,6.094339623,1,1
783,R.E.M.,The One I Love - Remastered 2012,Document - 25th Anniversary Edition,album,R.E.M. - The One I Love (Official Music Video),REMVEVO,Spotify,0.488,0.84,-4.626,0.0356,0.000395,1.21e-06,0.346,0.559,127.862,197.8,Happy/Energetic,33364376,198924,6080,94568431,0.006144,0.005962,2.79,2.427745665,1,1
784,Timmy Trumpet,Call Me (with R3HAB & Timmy Trumpet),Call Me (with R3HAB & Timmy Trumpet),single,"Gabry Ponte, R3HAB, Timmy Trumpet - Call Me (Official Lyric Video)",Gabry Ponte,Spotify,0.398,0.956,-4.429,0.329,0.00935,0.0038,0.142,0.269,106.581,178.3,Angry/Intense,2756040,33037,342,48546790,0.012111,0.011987,1.43,6.732394366,1,1
785,NF,JUST LIKE YOU,CLOUDS (THE MIXTAPE),album,NF - JUST LIKE YOU (Music Video),NFFANVIDEOS,Spotify,0.775,0.757,-4.607,0.228,0.489,0.0,0.28,0.541,140.044,251.2,Happy/Energetic,114141,3088,173,94709521,0.02857,0.027054,2.8,2.703571429,0,0
786,La Oreja de Van Gogh,Jueves,A las Cinco en el Astoria,album,Jueves - La oreja de Van Gogh (Video) La historia del atentado,Adriana Ochoa,Spotify,0.47,0.235,-7.298,0.038,0.933,0.0,0.095,0.134,103.87,239.2,Sad/Mellow,5374729,58747,1987,126431029,0.0113,0.01093,3.73,2.473684211,0,0
787,Kato,One Summer Day (Spirited Away),Sleep Anime Lofi Beats,album,Joe Hisaishi - One Summer's Day,JoeHisaishiVEVO,Youtube,0.475,0.083,-28.071,0.0361,0.831,0.817,0.117,0.0362,54.528,85.3,Sad/Mellow,13456013,468569,10099,11494617,0.035573,0.034822,0.34,0.709401709,1,1
788,Owl City,"When Can I See You Again? - From ""Wreck-It Ralph""/Soundtrack Version",Wreck-It Ralph,compilation,Owl City - When Can I See You Again? (From Wreck it Ralph),OwlCityVEVO,Spotify,0.638,0.831,-6.812,0.081,0.0263,0.0,0.0491,0.388,127.975,218.1,Angry/Intense,69066235,675679,45263,109741582,0.010438,0.009783,3.24,16.92464358,1,1
789,Mindless Self Indulgence,Bed of Roses,PINK,album,Mindless Self Indulgence - Bed of Roses (from Pink),Mindless Self Indulgence,Spotify,0.623,0.891,-4.399,0.0354,0.00327,0.0753,0.161,0.463,103.003,260.3,Angry/Intense,399967,8721,162,8478267,0.022209,0.021804,0.25,5.534161491,0,1
790,Madison Beer,BOYSHIT,Life Support,album,Madison Beer - BOYSHIT (Official Music Video),MadisonBeerMusicVEVO,Spotify,0.638,0.699,-6.542,0.0892,0.0203,0.0,0.0879,0.57,121.122,160.4,Happy/Energetic,9261528,269212,11112,56550758,0.030268,0.029068,1.67,7.95221843,1,1
791,Sufjan Stevens,Visions of Gideon,Call Me by Your Name (Original Motion Picture Soundtrack),compilation,"Sufjan Stevens - Visions of Gideon (From ""Call Me By Your Name"" Soundtrack)",SonySoundtracksVEVO,Spotify,0.252,0.314,-18.197,0.0407,0.942,0.676,0.0892,0.2,75.056,247.8,Sad/Mellow,17645535,224423,4391,141143374,0.012967,0.012718,4.17,3.520179372,1,1
792,Pharrell Williams,Cash In Cash Out,Cash In Cash Out,single,"Pharrell Williams - Cash In Cash Out (Official Video) ft. 21 Savage, Tyler, The Creator",PharrellWilliamsVEVO,Spotify,0.877,0.56,-3.751,0.0596,0.00721,1.45e-06,0.0839,0.154,119.971,216.1,Angry/Intense,20392451,560857,16545,104603335,0.028314,0.027503,3.09,6.674612634,1,1
793,Tyler Childers,Charleston Girl (Live),Live on Red Barn Radio I & II,album,"Tyler Childers “Charleston Girl” Live at House of Blues Boston, MA, December 10, 2019",Amy Karibian,Spotify,0.374,0.585,-9.436,0.054,0.748,0.0,0.821,0.654,176.859,179.7,Happy/Energetic,39611,373,21,68872482,0.009947,0.009417,2.03,0.712545676,1,1
794,D.O.E.,No BS,Long Overdue,album,0,0,Youtube,0.788,0.744,-4.133,0.0716,0.116,0.0,0.173,0.495,99.998,183.6,Angry/Intense,0,0,0,0,0.0,0.0,0.0,4.300578035,0,0
795,Coi Leray,What’s My Name (with Queen Naija & Coi Leray),B.I.B.L.E.,album,"Fivio Foreign, Queen Naija - What's My Name (Official Video) ft. Coi Leray",FivioForeignVEVO,Youtube,0.776,0.58,-7.26,0.13,0.0228,0.0,0.162,0.409,143.032,201.4,Angry/Intense,27280826,272812,5842,25794484,0.010214,0.01,0.76,3.580246914,1,1
796,Smash Mouth,Then The Morning Comes,Astro Lounge,album,Smash Mouth - Then The Morning Comes (Official Music Video),SmashMouthVEVO,Spotify,0.729,0.881,-5.024,0.0283,0.0231,0.0,0.0872,0.963,118.58,182.3,Happy/Energetic,6360796,34580,1829,11646418,0.005724,0.005436,0.34,10.10321101,1,1
797,Pailita,Parcera,Parcera,single,Parcera - Pailita (Prod.Lewis Somes) [Video Oficial],P A I L I T A -,Youtube,0.731,0.848,-5.014,0.0547,0.026,0.00435,0.0779,0.659,96.996,207.9,Happy/Energetic,29847962,208210,7121,24538141,0.007214,0.006976,0.72,10.88575096,1,1
798,Alonzo,Suis-moi,100%,album,Alonzo - Suis moi,AlonzoVEVO,Youtube,0.655,0.853,-6.412,0.164,0.0188,1.91e-05,0.246,0.541,120.028,195.5,Happy/Energetic,49725013,301719,7325,25364019,0.006215,0.006068,0.75,3.467479675,1,1
799,Latto,FTCU (feat. GloRilla & Gangsta Boo),FTCU (feat. GloRilla & Gangsta Boo),single,Latto - FTCU (feat. GloRilla & Gangsta Boo) [Official Video],Latto,Spotify,0.894,0.633,-5.294,0.298,0.0369,0.0,0.178,0.578,145.11,145.7,Happy/Energetic,2651385,81196,5183,6133178,0.032579,0.030624,0.18,3.556179775,0,1
800,Brandi Carlile,You and Me On The Rock (feat. Lucius),In These Silent Days,album,Brandi Carlile - You And Me On The Rock (Official Video),Brandi Carlile,Spotify,0.568,0.686,-6.635,0.033,0.15,1.81e-06,0.0881,0.725,172.075,230.1,Happy/Energetic,287154,4793,284,15856821,0.01768,0.016691,0.47,7.786606129,1,1
801,Two Feet,Twisted,Momentum,single,Two Feet - Twisted,MrSuicideSheep,Spotify,0.563,0.281,-11.991,0.0643,0.91,2.44e-05,0.243,0.384,135.305,197.1,Sad/Mellow,22808384,227277,1385,51683250,0.010025,0.009965,1.53,1.156378601,1,1
802,New Order,Ceremony,Substance,album,"New Order - Ceremony (Original Version, 1981)",William_Seth,Spotify,0.558,0.436,-13.496,0.0269,0.00405,0.742,0.11,0.38,140.757,263.6,Sad/Mellow,101266,1587,119,8165513,0.016847,0.015672,0.24,3.963636364,0,0
803,El Fantasma,Cabrón y Vago - En Vivo,"Puerta Abierta, Vol. 1 (En Vivo)",album,El Fantasma & Los Dos Carnales - Cabrón y Vago (Video Oficial),AfinArte Music,Youtube,0.547,0.638,-2.99,0.124,0.697,0.0,0.074,0.876,176.277,142.1,Happy/Energetic,365169120,1786829,26877,247521264,0.004967,0.004893,7.31,8.621621622,1,1
804,Prince,Let's Go Crazy,Purple Rain,album,Prince & The Revolution - Let's Go Crazy (Official Music Video),Prince,Spotify,0.309,0.93,-6.399,0.125,0.0192,0.0022,0.106,0.376,195.815,280.0,Angry/Intense,25115573,196994,7476,89798826,0.008141,0.007844,2.65,8.773584906,1,1
805,Blessd,Instagram - Remix,Siempre Blessd,album,BLESSD ? DE LA GHETTO ? DARELL | INSTAGRAM REMIX  ?? ( VIDEO OFICIAL ),BLESSD EL BENDITO ??,Spotify,0.787,0.677,-2.825,0.228,0.199,0.000316,0.0584,0.966,179.951,243.6,Happy/Energetic,19165979,218964,23746,21781608,0.012664,0.011425,0.64,11.59246575,0,0
806,Lana Del Rey,Doin' Time,Norman Fucking Rockwell!,album,Lana Del Rey - Doin' Time,LanaDelReyVEVO,Spotify,0.641,0.559,-11.132,0.0355,0.404,0.00402,0.0937,0.523,144.982,202.2,Happy/Energetic,97331931,1995761,50839,390071031,0.021027,0.020505,11.52,5.965848453,1,1
807,Vierra,Takut,Storytelling,album,Vierra - Takut (Official Music Video),Musica Studios,Spotify,0.621,0.183,-12.603,0.0268,0.975,0.000131,0.128,0.45,77.977,201.3,Sad/Mellow,5032816,37493,2826,9335904,0.008011,0.00745,0.28,1.4296875,1,1
808,Pancho Barraza,Mi Enemigo El Amor,El Vagabundo Que Te Ama,album,Pancho Barraza - Mi Enemigo El Amor (Video Oficial),Discos Musart,Spotify,0.592,0.579,-5.904,0.0498,0.198,0.0,0.141,0.633,120.025,234.7,Happy/Energetic,11638567,66002,927,209017302,0.005751,0.005671,6.17,4.106382979,1,1
809,Bryan Adams,When You're Gone,On A Day Like Today,album,Bryan Adams - When You're Gone ft. Melanie C,BryanAdamsVEVO,Spotify,0.546,0.931,-6.344,0.0341,0.000299,2.92e-05,0.11,0.643,125.495,204.9,Happy/Energetic,28537226,117522,5423,119387304,0.004308,0.004118,3.53,8.463636364,1,1
810,Rocío Dúrcal,Ya Te Olvidé,Como Tu Mujer,album,"Rocío Dúrcal ""Ya te Olvidé""",YouMoreTv - Espectáculo,Youtube,0.511,0.463,-9.302,0.028,0.332,2.29e-06,0.106,0.289,95.996,178.4,Sad/Mellow,66880167,251550,9616,38693151,0.003905,0.003761,1.14,4.367924528,0,0
811,Gustavo Cerati,Puente,Bocanada,album,Gustavo Cerati - Puente (Official Video),GustavoCeratiVEVO,Spotify,0.444,0.471,-9.107,0.0322,0.00161,0.00159,0.14,0.205,76.335,273.8,Sad/Mellow,82721258,260352,11315,128622193,0.003284,0.003147,3.8,3.364285714,1,1
812,Teoman,Serseri,Eski Bir Rüya U?runa...,album,Teoman - Serseri (Official Video),MuzikPlay,Youtube,0.665,0.522,-5.858,0.0301,0.115,1.79e-06,0.0756,0.522,74.999,221.2,Happy/Energetic,29657576,152255,5562,27891754,0.005321,0.005134,0.82,6.904761905,1,1
813,La Oreja de Van Gogh,Deseos de Cosas Imposibles,París,album,La Oreja de Van Gogh - Deseos de Cosas Imposibles (En Vivo) ft. Abel Pintos,LODVGVEVO,Youtube,0.573,0.761,-5.077,0.0416,0.448,0.0,0.38,0.532,155.844,189.5,Happy/Energetic,276832684,632294,13957,36989088,0.002334,0.002284,1.09,2.002631579,1,1
814,Mariah Carey,Fantasy,Daydream,album,Mariah Carey - Fantasy (Official 4K Video),MariahCareyVEVO,Spotify,0.669,0.727,-7.588,0.0353,0.139,0.0,0.123,0.807,102.322,243.5,Happy/Energetic,104948400,697101,27832,257187137,0.006908,0.006642,7.59,5.910569106,1,1
815,bbno$,edamame (feat. Rich Brian),eat ya veggies,album,bbno$ & Rich Brian - edamame (Official Video),bbno$,Spotify,0.815,0.849,-4.704,0.114,0.0229,0.000176,0.026,0.685,106.035,133.7,Happy/Energetic,68352490,1326993,21103,318748707,0.019723,0.019414,9.41,32.65384615,1,1
816,Armin van Buuren,Leave A Little Love,Leave A Little Love,single,Alesso & Armin van Buuren - Leave A Little Love (Official Music Video),Armada Music TV,Spotify,0.671,0.855,-4.254,0.0375,0.00437,0.0,0.131,0.329,117.98,187.0,Angry/Intense,1918102,25243,821,86800487,0.013588,0.01316,2.56,6.526717557,1,1
817,Gustavo Mioto,Pro Nosso Bem - Ao Vivo,Pé Na Areia (Ao Vivo),album,Gustavo Mioto - PRO NOSSO BEM - Ao Vivo No FARRAIAL 2019,Gustavo Mioto,Spotify,0.475,0.855,-3.036,0.307,0.31,0.0,0.921,0.623,165.129,194.2,Happy/Energetic,5364964,29347,450,45415828,0.005554,0.00547,1.34,0.928338762,1,1
818,Mi Banda El Mexicano,La Bota,Mi Mexico Querido,album,"Mi Banda El Mexicano, Dupla Real - La Bota",Mi Banda El Mexicano Oficial,Spotify,0.911,0.751,-5.549,0.0388,0.079,0.0076,0.0646,0.964,135.176,208.4,Happy/Energetic,73968,566,50,27779768,0.008328,0.007652,0.82,11.625387,0,0
819,Xzibit,My Name (feat. Eminem & Nate Dogg),Man VS Machine,album,Xzibit ft. Eminem & Nate Dogg - My Name,Kaiser,Spotify,0.841,0.739,-5.111,0.206,0.151,5.9e-05,0.0897,0.571,85.891,272.5,Happy/Energetic,20500590,157037,2826,62003558,0.007798,0.00766,1.83,8.238573021,0,0
820,Tchakabum,Onda Onda (Olha a Onda),Capitao Tchaka,album,Tchakabum - Onda Onda Cia. Daniel Saboya (Coreografia),Dan-Sa / Daniel Saboya,Youtube,0.666,0.805,-7.396,0.219,0.362,0.000126,0.0716,0.437,92.631,275.7,Angry/Intense,129272195,887563,17178,27211796,0.006999,0.006866,0.8,11.24301676,0,0
821,Carlos Rivera,Un Viaje a Todas Partes,Un Viaje a Todas Partes,single,Carlos Rivera - Un Viaje a Todas Partes (Versión Acústica [Video Oficial]),CarlosRiveraVEVO,Youtube,0.584,0.513,-6.646,0.0281,0.657,0.0,0.111,0.363,91.981,203.8,Angry/Intense,4002656,59214,3257,1740234,0.015607,0.014794,0.05,4.621621622,1,1
822,Kylie Minogue,Love at First Sight,Fever,album,Kylie Minogue - Love At First Sight (Official Video) [Full HD Remastered],Kylie Minogue,Spotify,0.603,0.774,-6.066,0.0428,0.0288,0.051,0.0533,0.48,124.994,238.3,Angry/Intense,43013396,201862,11204,48290656,0.004953,0.004693,1.43,14.52157598,0,1
823,Pearl Jam,Better Man,Vitalogy,album,Pearl Jam - Better Man (Live from Madison Square Garden),PearljamVEVO,Spotify,0.445,0.671,-7.937,0.0387,0.165,1.56e-05,0.0791,0.267,125.712,268.6,Angry/Intense,21420121,90026,3635,137689155,0.004373,0.004203,4.07,8.482932996,1,1
824,Vengaboys,Up & Down,The Party Album!,album,Vengaboys - Up & Down,Vengaboys,Spotify,0.789,0.959,-5.806,0.0629,0.000366,0.768,0.0366,0.921,136.006,224.3,Happy/Energetic,42463158,273984,7313,49133755,0.006624,0.006452,1.45,26.20218579,0,1
825,Cascada,Everytime We Touch - Yanou's Candlelight Mix,Everytime We Touch (Premium Edition),album,Cascada - Everytime We Touch (Yanou's Candlelight Mix),CascadaFanClub,Spotify,0.445,0.173,-11.068,0.0356,0.928,0.0,0.243,0.305,113.882,195.8,Sad/Mellow,201802,2157,98,26979809,0.011174,0.010689,0.8,0.711934156,0,0
826,Sheryl Crow,All My Ex's Live In Texas - Live,The Cowboy Rides Away: Live From AT&T Stadium,album,George Strait - All My Ex's Live In Texas,Joe Mar,Spotify,0.562,0.747,-7.797,0.0525,0.368,8.39e-06,0.97,0.554,133.742,208.2,Happy/Energetic,814386,8132,691,21757750,0.010834,0.009985,0.64,0.770103093,0,0
827,Ramones,Pet Sematary,Brain Drain,album,Ramones - Pet Sematary (Official Music Video),RHINO,Spotify,0.468,0.825,-12.853,0.0365,0.00159,0.000169,0.143,0.661,148.295,210.3,Happy/Energetic,28079486,211147,5613,64885381,0.00772,0.00752,1.92,5.769230769,1,1
828,Brray,Daddy Issues,Daddy Issues,single,"Daddy Issues - Brray, Totoy El Frio, Joyce Santana (Vídeo Oficial)",KapitalMusicTv,Spotify,0.896,0.818,-5.666,0.191,0.0804,0.0,0.101,0.804,90.013,205.3,Happy/Energetic,313181,3962,90,694942,0.012938,0.012651,0.02,8.099009901,1,1
829,El Cuarteto De Nos,Así Soy Yo,Raro,album,Así Soy Yo,El Cuarteto de Nos - Topic,Spotify,0.557,0.691,-5.957,0.0365,0.0341,0.0,0.0942,0.751,149.993,225.5,Happy/Energetic,6397396,71729,119,12060477,0.011231,0.011212,0.36,7.335456476,1,1
830,The Chicks,There's Your Trouble,Wide Open Spaces,album,The Chicks - There's Your Trouble (Official Video),dixiechicksVEVO,Spotify,0.737,0.869,-5.433,0.0267,0.481,0.0,0.308,0.898,126.628,193.1,Happy/Energetic,10632925,50591,1150,56842670,0.004866,0.004758,1.68,2.821428571,1,1
831,"Grover Washington, Jr.","Let It Flow (For ""DR. J"")",Winelight,album,Grover Washington Jr. - Let It Flow (for ''Dr. J.''),marks6338,Spotify,0.743,0.352,-17.225,0.061,0.146,0.104,0.0585,0.722,108.785,350.6,Calm/Positive,347231,1346,153,3179994,0.004317,0.003876,0.09,6.017094017,0,0
832,M. M. Keeravani,Chala Challa Gali,Yamadonga (Original Motion Picture Soundtrack),album,"Yamadonga Songs | Chala Challaga Video Song | Mohan Babu, Khushboo | Sri Balaji Video",SriBalajiMovies,Spotify,0.552,0.362,-10.563,0.0598,0.805,0.0,0.0635,0.549,78.757,116.9,Calm/Positive,34615,223,6,1509797,0.006616,0.006442,0.04,5.700787402,1,1
833,Air Supply,Goodbye,The Vanishing Race,album,Air Supply - Goodbye - Original Clip,Cautivo TV,Spotify,0.401,0.531,-6.991,0.0301,0.223,1.51e-05,0.149,0.173,130.651,242.9,Angry/Intense,8936254,76602,3666,83172376,0.008982,0.008572,2.46,3.563758389,0,0
834,Nio Garcia,Travesuras - Remix,Travesuras (Remix),single,0,0,Spotify,0.739,0.788,-5.198,0.0731,0.0513,0.0,0.282,0.473,175.996,324.4,Angry/Intense,0,0,0,187190711,0.0,0.0,5.53,2.794326241,0,0
835,Cuco,Do Better,Para Mi,album,Cuco - Do Better (Official Audio),Cuco,Spotify,0.841,0.63,-7.556,0.0356,0.43,0.653,0.0779,0.669,100.011,211.1,Happy/Energetic,3959645,71413,1664,24925062,0.018455,0.018035,0.74,8.087291399,0,1
836,Peter Groeger,Kapitel 2.5 & Kapitel 3.1 - Der Kaiser von Dallas,Der Kaiser von Dallas (Die einzige Wahrheit über den Mord an John F. Kennedy),album,Kapitel 2.5,Various Artists - Topic,Youtube,0.513,0.191,-21.935,0.914,0.608,0.0,0.234,0.537,65.513,247.2,Calm/Positive,21,0,0,0,0.0,0.0,0.0,0.816239316,1,1
837,Summer Cem,Yallah Goodbye (feat. Gringo),Nur Noch Nice,album,Summer Cem x Gringo - Yallah Goodbye [ official Video ],BangerChannel,Spotify,0.875,0.738,-6.172,0.175,0.0215,0.023,0.112,0.21,104.953,141.6,Angry/Intense,35584326,352449,8320,57895289,0.010138,0.009905,1.71,6.589285714,1,1
838,Chill Fruits Music,Headphones,In My Zone,album,Headphones,Lofi Fruits Music - Topic,Spotify,0.441,0.0333,-25.275,0.0286,0.938,0.894,0.105,0.0873,65.941,113.2,Sad/Mellow,30542,124,0,3662585,0.00406,0.00406,0.11,0.317142857,1,1
839,Emmanuel,El Día Que Puedas,Solo Exitos,album,Emmanuel - El dia que puedas,Música del Recuerdo,Spotify,0.686,0.367,-16.037,0.0337,0.119,3.19e-06,0.0931,0.921,124.543,247.0,Calm/Positive,21316,340,23,21807515,0.017029,0.01595,0.64,3.941997852,0,0
840,Gurlez Akhtar,Gaddi,Step Up,single,GADDI (Official Video) Gur Sidhu Ft Gurlez Akhtar | Kaptaan | New Punjabi Song 2022 | Punjabi Song,Brown Town Music,Youtube,0.682,0.827,-4.488,0.284,0.0175,0.0,0.131,0.549,79.913,197.1,Happy/Energetic,15890148,187835,4897,3749803,0.012129,0.011821,0.11,6.312977099,1,1
841,Janis Joplin,Piece of My Heart,Cheap Thrills,album,Janis Joplin Piece Of My Heart HQ,Giorgio Nones,Spotify,0.443,0.727,-7.951,0.145,0.263,0.000141,0.169,0.566,160.82,253.3,Happy/Energetic,24958489,194474,5636,190831565,0.008018,0.007792,5.64,4.301775148,0,0
842,Dawid Podsiad?o,D I A B L E,Lata Dwudzieste,album,D I A B L E,Dawid Podsiad?o - Topic,Spotify,0.754,0.72,-6.312,0.0292,0.0887,8.13e-05,0.0888,0.794,114.001,219.5,Happy/Energetic,1445935,6524,57,4548056,0.004551,0.004512,0.13,8.108108108,1,1
843,Kontra K,Erfolg ist kein Glück,Aus dem Schatten ins Licht,album,Kontra K - Erfolg ist kein Glück (Official Video),Kontra K,Spotify,0.605,0.716,-6.277,0.332,0.382,0.0,0.104,0.804,79.911,210.8,Happy/Energetic,62052841,422202,11860,115796256,0.006995,0.006804,3.42,6.884615385,0,1
844,Laxmikant–Pyarelal,"Zindagi Ki Yehi Reet Hai (From ""Koi Jaane Na"")","Zindagi Ki Yehi Reet Hai (From ""Koi Jaane Na"")",single,"Koi Jaane Na: Zindagi Ki Yahi Reet Hai | Soumitra Dev Burman | Javed Akhtar | Manoj M, Rochak Kohli",T-Series,Spotify,0.654,0.488,-7.948,0.0561,0.23,0.0,0.113,0.391,107.986,233.3,Sad/Mellow,631319,21274,1392,1581311,0.035903,0.033698,0.05,4.318584071,1,1
845,alt-J,Breezeblocks,An Awesome Wave,album,alt-J (?) Breezeblocks,alt-J,Spotify,0.615,0.658,-7.299,0.0343,0.096,0.000911,0.205,0.293,150.093,227.1,Angry/Intense,255182397,1795563,36951,671088620,0.007181,0.007036,19.82,3.209756098,0,1
846,Kenny Chesney,half of my hometown (feat. Kenny Chesney),kelsea,album,Kelsea Ballerini - half of my hometown (feat. Kenny Chesney) [Official Music Video],KelseaBalleriniVEVO,Spotify,0.57,0.618,-4.966,0.0445,0.153,0.0,0.159,0.286,138.034,231.8,Angry/Intense,14080655,89819,2661,74786744,0.006568,0.006379,2.21,3.886792453,1,1
847,Casting Crowns,Nobody (feat. Matthew West),Only Jesus,album,Casting Crowns - Nobody (Official Music Video) ft. Matthew West,CastingCrownsVEVO,Spotify,0.561,0.717,-5.72,0.0381,0.458,0.0,0.138,0.455,79.993,206.4,Angry/Intense,68576545,806623,18531,78702459,0.012033,0.011762,2.32,5.195652174,1,1
848,AURORA,Running with the Wolves,All My Demons Greeting Me as a Friend (Deluxe),album,AURORA - Running With The Wolves,iamAURORAVEVO,Youtube,0.539,0.528,-6.719,0.0546,0.246,6.65e-05,0.221,0.456,164.024,194.8,Angry/Intense,63579522,943103,21845,0,0.015177,0.014833,0.0,2.389140271,1,1
849,Alan Gomez,PEPPER | Mission 11,PEPPER | Mission 11,single,PEPPER | MISSION 11 - ALAN GOMEZ,ALAN GOMEZ,Youtube,0.793,0.497,-6.684,0.231,0.343,1.66e-06,0.154,0.824,172.143,138.0,Calm/Positive,10697229,112839,1932,4736411,0.010729,0.010548,0.14,3.227272727,0,1
850,Dallass,Vizão de Cria 2,Vizão de Cria 2,single,"VIZÃO DE CRIA 2 - Anezzi, Tz da Coronel, Filipe Ret, Caio Luccas, PJ HOUDINI, MC Maneirinho, Dallass",NADAMAL,Youtube,0.688,0.699,-4.88,0.103,0.179,0.0,0.0879,0.411,127.061,306.1,Angry/Intense,54272272,449446,7376,26756375,0.008417,0.008281,0.79,7.95221843,1,1
851,Mano,Young Yama,Yamadonga (Original Motion Picture Soundtrack),album,"Yamadonga Video Songs | Young Yama Video Song | Jr.NTR, Navaneeth Kaur, Archana | Sri Balaji Video",Sri Balaji Music,Youtube,0.792,0.773,-8.929,0.308,0.35,0.0,0.104,0.649,104.967,293.7,Happy/Energetic,2292234,14484,182,1346347,0.006398,0.006319,0.04,7.432692308,1,1
852,Mi Banda El Mexicano,Quién Piensa En Ti,Mi Banda el Mexicano,album,QUIEN PIENSA EN TI,Su Majestad Mi Banda el Mexicano de Casimiro,Youtube,0.767,0.775,-7.92,0.0303,0.318,0.0,0.277,0.959,145.1,211.1,Happy/Energetic,12946679,60749,3320,11438596,0.004949,0.004692,0.34,2.797833935,0,0
853,Franz Schubert,"Minuet in A major, D. 334","Schubert: Piano Sonata D.959 & Minuets D. 334, D. 335, D. 600",album,"Schubert Minuet in A major, D. 334 — Arcadi Volodos",Nick Bottom,Spotify,0.273,0.00573,-39.245,0.0493,0.994,0.913,0.0857,0.174,91.621,193.3,Sad/Mellow,15122,193,18,28023768,0.013953,0.012763,0.83,0.066861144,0,0
854,Clayton & Romário,Coração Que Manda - Ao Vivo,Quem Não Chora Faz Bico (Ao Vivo),album,0,0,Spotify,0.674,0.864,-5.117,0.0357,0.303,0.0,0.897,0.867,121.972,162.4,Happy/Energetic,0,0,0,3107060,0.0,0.0,0.09,0.963210702,0,0
855,Dermot Kennedy,Days Like This,Without Fear (The Complete Edition),album,Dermot Kennedy - Days Like this (lyrics),Eternal Sublime Music,Spotify,0.642,0.214,-9.25,0.198,0.909,0.0,0.122,0.38,80.444,149.8,Sad/Mellow,932296,6488,74,56881338,0.007039,0.006959,1.68,1.754098361,0,0
856,Sorriso Maroto,Eu Topo - Ao Vivo,A.M.A (Ao Vivo),album,"Dilsinho, Sorriso Maroto - Eu Topo (Ao Vivo)",DilsinhoVEVO,Spotify,0.603,0.719,-7.939,0.0424,0.647,0.0,0.874,0.698,151.886,215.0,Happy/Energetic,449997,3779,59,28399088,0.008529,0.008398,0.84,0.822654462,1,1
857,Beastie Boys,No Sleep Till Brooklyn,Licensed To Ill,album,Beastie Boys - No Sleep Till Brooklyn (Official Music Video),BeastieBoysVEVO,Spotify,0.712,0.691,-8.157,0.128,0.122,0.0,0.0538,0.742,97.022,246.9,Happy/Energetic,46709599,321480,12113,123249081,0.007142,0.006883,3.64,12.84386617,1,1
858,surrenderdorothy,SittingInTheCar,SittingInTheCar,single,surrenderdorothy - sittinginthecar,Surrender Dorothy,Spotify,0.675,0.362,-13.254,0.0299,0.000506,0.43,0.134,0.383,116.98,86.2,Sad/Mellow,35479,1235,43,7808072,0.036021,0.034809,0.23,2.701492537,0,0
859,Serdar Ortaç,Sor,Mesafe,album,Serdar Ortaç - Sor,netd müzik,Spotify,0.778,0.669,-6.372,0.0649,0.154,0.0,0.0448,0.61,100.038,235.2,Happy/Energetic,24312991,112938,4229,24912165,0.004819,0.004645,0.74,14.93303571,1,1
860,Eurythmics,When Tomorrow Comes - Remastered Version,Revenge,album,"Eurythmics - When Tomorrow Comes (Official Video), Full HD (Remastered and Upscaled)",Enhanced Music Videos,Spotify,0.421,0.98,-2.201,0.0887,0.0727,0.0,0.459,0.509,139.36,268.7,Happy/Energetic,2479,46,8,19771543,0.021783,0.018556,0.58,2.135076253,0,0
861,The Kinks,Lola - 2020 Stereo Remaster,"Lola Versus Powerman and the Moneygoround, Pt. 1",album,The Kinks - Lola (Official Lyrics Video),The Kinks,Spotify,0.456,0.894,-4.602,0.037,0.458,0.485,0.0695,0.926,151.333,242.0,Happy/Energetic,1447080,22304,757,200420305,0.015936,0.015413,5.92,12.86330935,0,1
862,Nine Inch Nails,Terrible Lie,Pretty Hate Machine,album,Nine Inch Nails - Terrible Lie - 8/13/1994 - Woodstock 94 (Official),NineInchNails on MV,Spotify,0.61,0.605,-12.484,0.0419,0.000925,0.157,0.344,0.458,87.953,278.9,Angry/Intense,855489,9703,894,16887791,0.012387,0.011342,0.5,1.75872093,1,1
863,Spice Girls,Viva Forever,Spiceworld,album,Spice Girls - Viva Forever (Official Music Video),SpiceGirlsVEVO,Youtube,0.473,0.698,-8.133,0.0349,0.0648,0.231,0.136,0.21,168.817,310.7,Angry/Intense,63342834,327482,21623,53304247,0.005511,0.00517,1.57,5.132352941,1,1
864,Chris Isaak,Blue Hotel,Chris Isaak,album,Blue Hotel - Official Music Video,Chris Isaak,Spotify,0.518,0.653,-10.969,0.0351,0.00126,0.0056,0.0996,0.523,149.089,192.9,Happy/Energetic,1112505,13963,254,22029829,0.012779,0.012551,0.65,6.5562249,0,1
865,Mac DeMarco,No Other Heart,Another One,album,Mac DeMarco // No Other Heart (Official Audio),CapturedTracks,Spotify,0.67,0.684,-7.47,0.0242,0.513,0.0103,0.126,0.852,94.261,173.1,Happy/Energetic,8732469,135005,1779,82243410,0.015664,0.01546,2.43,5.428571429,1,1
866,Pritam,Tera Hone Laga Hoon,Ajab Prem Ki Ghazab Kahani (Original Motion Picture Soundtrack),album,"Tera Hone Laga Hoon Lyrical - Ajab Prem Ki Ghazab Kahani | Atif Aslam | Ranbir, Katrina K | Pritam",Tips Official,Youtube,0.684,0.771,-5.353,0.0307,0.548,0.0,0.112,0.539,119.982,299.8,Happy/Energetic,349523411,2224745,56143,79477830,0.006526,0.006365,2.35,6.883928571,1,1
867,2 Chainz,Alive (with Offset & 2 Chainz),Alive (with Offset & 2 Chainz),single,"Lil Jon, Offset, 2 Chainz - Alive (Official Music Video) ft. Offset, 2 Chainz",LilJonVEVO,Spotify,0.811,0.726,-6.726,0.323,0.362,1.88e-06,0.121,0.57,150.061,235.9,Happy/Energetic,33429633,432913,5210,93984506,0.013106,0.01295,2.78,6.0,1,1
868,Sheila On 7,Yang Terlewatkan,Menentukan Arah,album,Sheila On 7 - Yang Terlewatkan (Video Clip),sheilaon7VEVO,Youtube,0.552,0.577,-7.29,0.024,0.244,1.89e-05,0.242,0.434,145.956,250.2,Angry/Intense,42045075,92087,9433,23069573,0.002415,0.00219,0.68,2.384297521,1,1
869,Set It Off,Why Do I (with Hatsune Miku),Why Do I (with Hatsune Miku),single,Why Do I (with Hatsune Miku),Set It Off,Spotify,0.795,0.895,-3.426,0.108,0.0622,0.0,0.211,0.545,99.964,154.3,Happy/Energetic,1301593,45861,1801,7124987,0.036618,0.035235,0.21,4.241706161,0,1
870,Westside Gunn,FlyGod Jr (feat. DJ Drama),10,album,"Westside Gunn - FlyGod Jr (Official Video) ft. DoeBoy, DJ Drama",WESTSIDEGUNNVEVO,Spotify,0.762,0.541,-7.431,0.458,0.0198,0.0,0.265,0.43,140.059,202.3,Angry/Intense,385258,16154,978,1955514,0.044469,0.04193,0.06,2.041509434,1,1
871,Juelz Santana,Dipshits,U Wasn't There,album,"Cam'ron, A-Trak, Juelz Santana & Damon Dash -  Dipshits (Official Audio)",Cam'ron,Spotify,0.422,0.817,-6.949,0.109,3.63e-05,0.00657,0.127,0.302,157.959,211.6,Angry/Intense,34145,1177,132,110934,0.038337,0.034471,0.0,6.433070866,0,1
872,Cartel De Santa,El Arte del Engaño,Vol. II,album,Cartel de Santa - El Arte del Engaño (Video Version),elcarteldesantaVEVO,Youtube,0.617,0.659,-8.29,0.327,0.0344,0.000535,0.11,0.591,176.989,262.7,Happy/Energetic,204672869,807032,15451,106946911,0.004019,0.003943,3.16,5.990909091,1,1
873,Chet Baker,My Funny Valentine,Chet Baker Sings,album,Chet Baker - My Funny Valentine - Torino 1959,gilbertocanova,Spotify,0.438,0.00756,-26.44,0.0382,0.941,0.00643,0.109,0.277,133.32,141.1,Sad/Mellow,1920115,18103,886,64927999,0.00989,0.009428,1.92,0.069357798,0,0
874,Glenn Fredly,Sekali Ini Saja,"Selamat Pagi, Dunia!",album,GLENN FREDLY - Sekali Ini saja,Sony Music Entertainment Indonesia,Spotify,0.526,0.404,-9.34,0.0287,0.201,3.81e-06,0.239,0.162,124.103,235.3,Sad/Mellow,10774822,43138,2714,52272965,0.004255,0.004004,1.54,1.690376569,0,0
875,Mc Don Juan,Final do Ano,Final do Ano,single,MC Don Juan e MC Paiva - Final Do Ano (GR6 Explode) DJ Yuri Martins,GR6 EXPLODE,Youtube,0.866,0.801,-2.754,0.216,0.247,1.23e-05,0.0907,0.901,130.027,199.4,Happy/Energetic,17869371,206846,2207,10985735,0.011699,0.011575,0.32,8.831312018,0,0
876,The Kid LAROI,Diva (feat. Lil Tecca),Diva (feat. Lil Tecca),single,The Kid LAROI - Diva ft. Lil Tecca (Directed by Cole Bennett),Lyrical Lemonade,Spotify,0.686,0.703,-6.141,0.0606,0.00728,0.0,0.0946,0.457,144.902,172.0,Angry/Intense,74290420,1097986,50082,237096778,0.015454,0.01478,7.0,7.431289641,0,0
877,Jóhann Jóhannsson,A Model of the Universe,The Theory of Everything (Original Motion Picture Soundtrack),album,A Model of the Universe,Jóhann Jóhannsson - Topic,Spotify,0.336,0.044,-29.255,0.0456,0.982,0.96,0.221,0.0666,90.243,172.4,Sad/Mellow,621891,7481,9,41878507,0.012044,0.012029,1.24,0.199095023,1,1
878,Tory Lanez,I LIKE,I LIKE,single,Tory Lanez - I LIKE [Official Music Video] FARGO FRIDAYS,Tory Lanez,Spotify,0.744,0.448,-10.426,0.291,0.365,0.0,0.194,0.279,118.027,133.5,Sad/Mellow,1985424,53729,2503,17960938,0.028322,0.027062,0.53,2.309278351,1,1
879,Joaquín Sabina,Contigo,"Yo, Mi, Me, Contigo",album,Joaquin Sabina - Contigo (Directo),joaquinsabinaVEVO,Spotify,0.49,0.418,-10.773,0.0572,0.0309,2.02e-05,0.0615,0.226,98.507,279.3,Sad/Mellow,27236473,82791,1824,50631067,0.003107,0.00304,1.5,6.796747967,1,1
880,Kevin Gates,Hard For,Islah (Deluxe),album,"Kevin Gates ""Hard For"" (Music Video)",RAPTRAX,Spotify,0.716,0.485,-8.241,0.237,0.0401,0.0,0.277,0.556,148.141,247.6,Calm/Positive,259825,4203,55,115275529,0.016388,0.016176,3.4,1.750902527,0,0
881,Harris Jayaraj,Thodu Vaanam,Anegan (Original Motion Picture Soundtrack),album,Anegan - Thodu Vaanam Video | Dhanush | Harris Jayaraj,SonyMusicSouthVEVO,Youtube,0.628,0.551,-6.841,0.0612,0.394,0.0,0.178,0.385,136.899,315.2,Angry/Intense,24587029,170778,4990,15116866,0.007149,0.006946,0.45,3.095505618,1,1
882,Simply Red,If You Don't Know Me by Now - 2008 Remaster,A New Flame (Expanded Version),album,Simply Red - If You Don't Know Me By Now (Official Video),Simply Red,Spotify,0.638,0.352,-9.266,0.0268,0.492,0.0,0.105,0.204,94.173,204.0,Sad/Mellow,110895008,609121,5660,200929081,0.005544,0.005493,5.93,3.352380952,1,1
883,Gusttavo Lima,Termina Comigo Antes,Termina Comigo Antes,single,Gusttavo Lima - Termina Comigo Antes  (Ao Vivo em Porto Alegre),Gusttavo Lima Oficial,Youtube,0.541,0.713,-4.313,0.0368,0.586,0.0,0.661,0.285,110.414,187.4,Angry/Intense,260769230,1321681,23749,141183805,0.005159,0.005068,4.17,1.078668684,0,0
884,Darell,4K,4K,single,El Alfa x Darell x Noriel - 4K (Video Oficial),ElAlfaElJefeTV,Youtube,0.925,0.9,-4.361,0.143,0.355,0.00608,0.124,0.804,120.031,201.5,Happy/Energetic,173107787,1459895,38447,141499375,0.008656,0.008433,4.18,7.258064516,1,1
885,"Tito ""El Bambino""",¿Por Qué Les Mientes?,Invicto (El Patrón),album,"Tito ""El Bambino"" Feat. Marc Anthony - Por qué les mientes (Official video)","Tito ""El Bambino""",Youtube,0.689,0.787,-5.097,0.217,0.175,0.0,0.0559,0.831,109.956,213.3,Happy/Energetic,57505368,289090,4134,45614448,0.005099,0.005027,1.35,14.07871199,0,1
886,Phantogram,Fall In Love,Voices,album,Phantogram - Fall In Love (Official Music Video),PhantogramVEVO,Spotify,0.337,0.859,-3.189,0.106,0.0484,0.0,0.203,0.265,188.049,223.2,Angry/Intense,19265292,150492,6130,61484023,0.00813,0.007812,1.82,4.231527094,1,1
887,Los Caligaris,Tus Besos,Transpirando Alegría,album,Los Caligaris - Tus besos (AUDIO),Lo Mejor del Rock Argentino,Spotify,0.729,0.76,-6.299,0.0299,0.115,0.0,0.247,0.864,109.081,170.7,Happy/Energetic,1004257,5529,61,23520437,0.005566,0.005506,0.69,3.076923077,1,1
888,Fred again..,Marea (we’ve lost dancing),Actual Life (April 14 - December 17 2020),album,Fred again.. feat. The Blessed Madonna - Marea (We've Lost Dancing) (Official Video),Fred again . .,Spotify,0.761,0.781,-6.778,0.141,0.0681,0.108,0.0607,0.473,123.023,285.4,Angry/Intense,2245679,29676,910,176386293,0.01362,0.013215,5.21,12.86655684,1,1
889,Charly García,No Voy en Tren,Parte De La Religion,album,Charly García - No Voy en Tren (Official Audio),CharlyGarciaVEVO,Spotify,0.794,0.908,-7.132,0.0402,0.291,0.251,0.0236,0.965,123.597,181.6,Happy/Energetic,3231359,34511,741,45951218,0.010909,0.01068,1.36,38.47457627,1,1
890,Thundercat,Walk On By,Drunk,album,Thundercat - 'Walk On By (feat. Kendrick Lamar)',Brainfeeder,Spotify,0.825,0.302,-11.651,0.282,0.204,0.0,0.0762,0.747,94.956,199.1,Calm/Positive,1909480,28594,700,31070678,0.015341,0.014975,0.92,3.963254593,0,0
891,Herbert von Karajan,"The Planets, Op. 32: 4. Jupiter, the Bringer of Jollity",Holst: The Planets,album,"Gustav Holst – The Planets, Op.32 – Herbert von Karajan, Wiener Philharmoniker, 1962 [SACD]",Thikk Klassik,Spotify,0.3,0.297,-14.937,0.037,0.924,0.925,0.314,0.279,139.855,456.0,Sad/Mellow,1754,55,6,4409738,0.034778,0.031357,0.13,0.945859873,0,0
892,Leslie Odom Jr.,The Room Where It Happens,Hamilton (Original Broadway Cast Recording),album,Hamilton - Room Where it Happens,skeeYee,Spotify,0.638,0.49,-9.382,0.426,0.271,0.0,0.664,0.511,173.552,318.2,Calm/Positive,387392,7617,384,127786868,0.020653,0.019662,3.77,0.737951807,0,0
893,Dido,Life for Rent,Life For Rent,album,Dido - Life for Rent,DidoVEVO,Youtube,0.487,0.519,-7.249,0.0296,0.191,0.0,0.134,0.154,82.947,221.1,Angry/Intense,71139257,300697,10077,63474600,0.004369,0.004227,1.87,3.873134328,1,1
894,Wolfgang Amadeus Mozart,"Piano Concerto No. 21 in C Major, K. 467: II. Andante","Mozart: Piano Concertos, Vol. 6",album,"Mozart: Piano concerto n. No. 21 in C major, K.467 Pollini-Muti",Alessandro152,Spotify,0.137,0.0311,-28.208,0.0381,0.982,0.972,0.0908,0.063,179.223,433.7,Sad/Mellow,9237931,38395,2688,69874779,0.004447,0.004156,2.06,0.342511013,0,0
895,The Beatles,Here Comes The Sun - Remastered 2009,Abbey Road (Remastered),album,The Beatles - Here Comes The Sun (2019 Mix),TheBeatlesVEVO,Spotify,0.557,0.54,-10.484,0.0347,0.0339,0.00248,0.179,0.394,129.171,185.7,Angry/Intense,114971785,1126554,32910,942898131,0.010085,0.009799,27.84,3.016759777,1,1
896,Twenty One Pilots,Ride,Blurryface,album,twenty one pilots - Ride (Official Video),twenty one pilots,Spotify,0.645,0.713,-5.355,0.0393,0.00835,0.0,0.113,0.566,74.989,214.5,Happy/Energetic,1355366324,10358018,314581,1406987627,0.007874,0.007642,41.55,6.309734513,1,1
897,Alessia Cara,I'm Like A Bird - Recorded at Spotify Studios NYC,Spotify Singles,single,I'm Like A Bird (Recorded at Spotify Studios NYC),Alessia Cara - Topic,Spotify,0.524,0.639,-7.18,0.103,0.238,0.0,0.0598,0.582,87.998,220.0,Happy/Energetic,46115,848,3,91814702,0.018454,0.018389,2.71,10.68561873,1,1
898,Rae Sremmurd,Torpedo,Torpedo,single,Rae Sremmurd - Torpedo (Official Music Video),RaeSremmurdVEVO,Spotify,0.84,0.63,-5.671,0.0579,0.000502,0.00136,0.128,0.14,123.994,241.0,Angry/Intense,1788861,71434,2852,5653270,0.041527,0.039933,0.17,4.921875,1,1
899,Disclosure,You & Me - Flume Remix,Settle (The Remixes),album,Disclosure - You & Me (Flume Remix) [Official Video],Flume,Spotify,0.593,0.392,-6.872,0.0257,0.382,0.000114,0.131,0.25,75.065,282.8,Sad/Mellow,73690382,662147,10599,538525185,0.009129,0.008986,15.9,2.992366412,0,1
900,Sia,Unstoppable,This Is Acting (Deluxe Version),album,Sia - Unstoppable (Official Video - Live from the Nostalgic For The Present Tour),Sia,Spotify,0.468,0.779,-4.839,0.0779,0.112,0.000373,0.101,0.26,173.799,217.7,Angry/Intense,151276432,1964768,31983,731776557,0.013199,0.012988,21.61,7.712871287,1,1
901,Dua Lipa,Prisoner (feat. Dua Lipa),Plastic Hearts,album,Miley Cyrus - Prisoner (Official Video) ft. Dua Lipa,MileyCyrusVEVO,Spotify,0.781,0.67,-3.912,0.0452,0.0103,0.0,0.0761,0.595,127.99,169.3,Happy/Energetic,101543180,1781588,70898,618662340,0.018243,0.017545,18.27,8.804204993,1,1
902,Lamp,Behind The Moon Shadow,For Lovers,album,Lamp - Behind the Moon Shadow | Romaji/English caption,GeneralCaptainFish,Spotify,0.632,0.174,-10.611,0.0294,0.944,0.000451,0.0961,0.271,105.205,309.7,Sad/Mellow,12162,659,19,4689309,0.055747,0.054185,0.14,1.810613944,0,0
903,RAYE,Secrets,Secrets,single,"Regard, RAYE - Secrets (Official Video)",RegardVEVO,Spotify,0.848,0.768,-5.386,0.0373,0.0412,0.000785,0.195,0.777,118.961,176.8,Happy/Energetic,17890572,176832,2214,357957021,0.010008,0.009884,10.57,3.938461538,1,1
904,La Adictiva,Escondidos,30 Aniversario,album,La Adictiva - Escondidos (Video Oficial),La Adictiva,Youtube,0.705,0.506,-4.5,0.028,0.181,0.0,0.2,0.723,122.984,191.9,Happy/Energetic,134833812,416783,7246,94847783,0.003145,0.003091,2.8,2.53,0,1
905,Freshlyground,Fire Is Low,Radio Africa,album,Freshlyground - Fire Is Low (Official Music Video),Freshlyground,Youtube,0.828,0.696,-6.862,0.0431,0.545,0.0022,0.044,0.734,124.003,241.8,Happy/Energetic,1218539,8838,629,945880,0.007769,0.007253,0.03,15.81818182,0,1
906,ScHoolboy Q,Man Of The Year,Oxymoron (Deluxe),album,ScHoolboy Q - Man Of The Year,ScHoolBoyQVEVO,Spotify,0.749,0.865,-5.228,0.0413,0.00536,0.0,0.198,0.371,111.914,216.0,Angry/Intense,93132807,595865,20505,335500558,0.006618,0.006398,9.91,4.368686869,1,1
907,Youjeen,Dear My Friend,BEWITCH,album,Youjeen - Dear My Friend,cherryfilter,Youtube,0.432,0.856,-4.642,0.0361,0.00193,1.82e-05,0.123,0.513,111.995,262.8,Happy/Energetic,1067,24,2,0,0.024367,0.022493,0.0,6.959349593,0,0
908,Tanishk Bagchi,"Najaa (From ""Sooryavanshi"")","Najaa (From ""Sooryavanshi"")",single,"Najaa (Full Song) | Sooryavanshi | Akshay Kumar,Katrina Kaif,Rohit Shetty,Tanishk,Pav Dharia,Nikhita",T-Series,Youtube,0.786,0.727,-5.028,0.051,0.0818,0.0,0.0824,0.697,93.97,191.2,Happy/Energetic,205262428,2543873,52677,60861713,0.01265,0.012393,1.8,8.822815534,1,1
909,Yusuf / Cat Stevens,Morning Has Broken - Remastered 2021,Teaser And The Firecat (Remastered 2021),album,Yusuf / Cat Stevens – Morning Has Broken (Official Lyric Video),Yusuf / Cat Stevens,Spotify,0.443,0.365,-11.829,0.0315,0.592,0.00484,0.0886,0.398,133.156,199.5,Sad/Mellow,1826354,29603,883,146318371,0.016692,0.016209,4.32,4.119638826,0,1
910,Jairo Vera,Kilo De Amigas,Kilo De Amigas,single,KILO DE AMIGAS (Video Oficial) - LUCKY BROWN x JAIRO VERA x STARS MUSIC CHILE,Lucky Brown,Youtube,0.838,0.55,-6.841,0.0686,0.176,0.0,0.0782,0.691,98.986,173.0,Happy/Energetic,2095069,26189,340,1306939,0.012663,0.0125,0.04,7.033248082,0,0
911,Mindless Self Indulgence,Bitches,Frankenstein Girls Will Seem Strangely Sexy,album,Bitches,Mindless Self Indulgence - Topic,Spotify,0.696,0.72,-6.804,0.0976,0.0263,0.0647,0.192,0.542,95.897,165.7,Happy/Energetic,7771349,125136,2650,20058400,0.016443,0.016102,0.59,3.75,1,1
912,John Powell,"Goodnight Sweet Possums - From ""Ice Age The Meltdown""",Ice Age: The Meltdown (Original Motion Picture Soundtrack),album,0,0,Spotify,0.161,0.0459,-29.584,0.0372,0.678,0.00584,0.148,0.152,70.074,48.5,Sad/Mellow,0,0,0,14278589,0.0,0.0,0.42,0.310135135,0,0
913,WOS,FRESCO,CARAVANA,album,WOS - FRESCO,WOS DS3,Spotify,0.782,0.807,-4.689,0.162,0.441,1.34e-06,0.1,0.806,108.056,170.3,Happy/Energetic,49428980,661686,15982,74012555,0.01371,0.013387,2.19,8.07,1,1
914,Bob Seger,Still The Same,Stranger In Town,album,"Bob Seger & The Silver Bullet Band - Still The Same (Live From San Diego, CA / 1978)",BobSegerVEVO,Spotify,0.709,0.767,-6.732,0.0283,0.405,0.000172,0.0592,0.557,115.64,203.5,Happy/Energetic,2925487,21161,1708,73122668,0.007817,0.007233,2.16,12.95608108,1,1
915,Kumar Sanu,Tumse Milne Ko Dil,Phool Aur Kaante (Original Motion Picture Soundtrack),album,Tumse Milne Ko Dil Karta Hai - Phool Aur Kaante |    | Ajay Devgn & Madhoo,Zee Music Classic,Youtube,0.529,0.812,-9.238,0.0706,0.768,1.93e-06,0.311,0.768,138.841,300.4,Happy/Energetic,98207388,350973,9976,6682128,0.003675,0.003574,0.2,2.610932476,1,1
916,Jeremy Soule,Harvest Dawn,The Elder Scrolls IV: Oblivion: Original Game Soundtrack,album,Harvest Dawn,Jeremy Soule - Topic,Spotify,0.127,0.0632,-21.617,0.0383,0.934,0.855,0.0853,0.056,84.176,171.4,Sad/Mellow,953536,17047,189,11752883,0.018076,0.017878,0.35,0.74091442,1,1
917,MAX,Love Me Less (feat. Quinn XCII),Love Me Less (feat. Quinn XCII),single,MAX - Love Me Less (feat. Quinn XCII) (Official Video),MAXVEVO,Spotify,0.732,0.856,-2.2,0.0929,0.0828,0.0,0.323,0.771,145.034,177.7,Happy/Energetic,16569808,300491,8127,234392362,0.018625,0.018135,6.92,2.650154799,1,1
918,Nate Dogg,Keep It G.A.N.G.S.T.A. (feat. Lil' Mo & Xzibit),Music and Me,album,Nate Dogg - Keep It G.A.N.G.S.T.A  (Feat. Lil Mo & Xzibit),Classic Hip-Hop Archive,Spotify,0.818,0.433,-6.398,0.209,0.0939,0.0,0.0967,0.677,90.096,245.0,Calm/Positive,196434,1678,57,11303566,0.008832,0.008542,0.33,4.477766287,0,0
919,Sunidhi Chauhan,Mere Haath Mein,Fanaa,album,"Mere Haath Mein | Full Song | Fanaa | Aamir Khan, Kajol | Sonu Nigam, Sunidhi Chauhan | Jatin-Lalit",YRF,Youtube,0.554,0.606,-12.312,0.0722,0.578,0.000183,0.11,0.584,93.922,285.9,Happy/Energetic,100186091,712567,17000,28369423,0.007282,0.007112,0.84,5.509090909,1,1
920,Alonzo,Encore là,Encore là,single,Tayc x Alonzo - Encore là (Clip officiel),50K Game Over,Spotify,0.587,0.401,-8.551,0.0297,0.727,1.93e-06,0.172,0.503,98.053,179.7,Calm/Positive,1696260,13909,161,1700328,0.008295,0.0082,0.05,2.331395349,0,0
921,Ivy Queen,Quien Dijo,Quien Dijo,single,Quién Dijo - Ivy Queen (Video Oficial),Ivy Queen,Spotify,0.825,0.697,-4.571,0.0393,0.484,3.59e-05,0.0833,0.682,121.947,241.3,Happy/Energetic,1037312,12809,785,1451474,0.013105,0.012348,0.04,8.367346939,0,1
922,Jamiroquai,Seven Days in Sunny June,Dynamite,album,Jamiroquai - Seven Days In Sunny June,JamiroquaiVEVO,Spotify,0.707,0.797,-7.143,0.0435,0.2,0.0,0.302,0.633,105.395,237.9,Happy/Energetic,37851192,143870,6628,62482268,0.003976,0.003801,1.85,2.639072848,1,1
923,Supertramp,Lord Is It Mine - 2010 Remastered,Breakfast In America (Deluxe Edition),album,Lord Is It Mine (2010 Remastered),Supertramp - Topic,Spotify,0.424,0.261,-8.114,0.0264,0.635,2.12e-05,0.0903,0.207,75.742,250.2,Sad/Mellow,3309757,22788,524,15213989,0.007043,0.006885,0.45,2.890365449,1,1
924,Lizzo,About Damn Time,Special,album,Lizzo - About Damn Time [Official Video],Lizzo Music,Spotify,0.836,0.743,-6.305,0.0653,0.0974,0.0,0.335,0.723,108.965,191.9,Happy/Energetic,107797874,1505620,34922,571894128,0.014291,0.013967,16.89,2.217910448,1,1
925,Brandy,The Boy Is Mine,Never Say Never,album,Brandy & Monica - The Boy Is Mine (Official Video),Brandy Videos,Spotify,0.704,0.707,-6.537,0.0391,0.539,0.00106,0.318,0.761,93.145,294.8,Happy/Energetic,72129463,597298,13648,169776595,0.00847,0.008281,5.01,2.22327044,1,1
926,Brenda Lee,I'm Sorry,Brenda Lee,album,Brenda Lee - I'm Sorry,Country At Its Finest,Spotify,0.558,0.223,-12.362,0.0299,0.868,0.000972,0.13,0.303,101.711,161.5,Sad/Mellow,14209138,134413,5097,30270643,0.009818,0.00946,0.89,1.715384615,0,0
927,Fall Out Boy,Love From The Other Side - Edit,Love From The Other Side,single,Fall Out Boy - Love From The Other Side (Official Video),Fall Out Boy,Spotify,0.449,0.932,-5.314,0.101,0.000219,7.96e-05,0.106,0.424,158.031,247.3,Angry/Intense,1533999,90996,5871,3556290,0.063147,0.059319,0.11,8.79245283,1,1
928,Sum 41,No Reason,Chuck,album,Sum 41 - No Reason (Music Video),Marcus Brekken,Spotify,0.45,0.989,-3.234,0.0574,0.000275,0.0,0.872,0.455,97.968,184.9,Angry/Intense,1255819,8489,361,37417022,0.007047,0.00676,1.1,1.134174312,0,0
929,D.O.D,Sleepless,Sleepless,single,D.O.D feat. Carla Monroe - Still Sleepless (Official Lyric Video),Axtone,Spotify,0.453,0.717,-5.362,0.0468,0.0335,0.871,0.151,0.644,126.053,185.7,Happy/Energetic,3042584,16658,306,16129594,0.005576,0.005475,0.48,4.748344371,1,1
930,BONES,RampartRange,TeenWitch,album,Bones - Rampart Range,NxrthNxrthPhvnk,Spotify,0.847,0.407,-9.236,0.332,0.00303,9.76e-05,0.109,0.476,170.109,98.7,Sad/Mellow,944455,16114,358,36012136,0.017441,0.017062,1.06,3.733944954,0,0
931,Carlos Rivera,Me Muero,Guerra (+ Sessions Recorded at Abbey Road),album,Carlos Rivera - Me Muero,CarlosRiveraVEVO,Youtube,0.51,0.572,-6.153,0.0262,0.28,0.0,0.113,0.529,142.062,196.0,Happy/Energetic,261918800,1026148,22758,150333470,0.004005,0.003918,4.44,5.061946903,1,1
932,Andy Grammer,"Don't Give Up On Me - (From ""Five Feet Apart"")",Naive,album,"Andy Grammer - ""Don't Give Up On Me"" [Official Video from the Five Feet Apart Film]",Andy Grammer,Spotify,0.641,0.537,-5.452,0.0282,0.0875,9.05e-06,0.115,0.0681,112.864,196.2,Angry/Intense,100760388,1196347,19600,422478408,0.012068,0.011873,12.48,4.669565217,0,1
933,mor ve ötesi,Küçük Sevgilim,Büyük Dü?ler,album,mor ve ötesi - Küçük Sevgilim (Official Video),mor ve ötesi,Spotify,0.616,0.376,-8.898,0.0239,0.524,0.000821,0.0831,0.0883,105.026,254.0,Sad/Mellow,9453272,72745,2763,21061649,0.007987,0.007695,0.62,4.524669073,0,1
934,Harini,Oorugalle,Expression Queen Trisha,album,"Oorugalle Full Song  II  Sainikudu Movie II  Mahesh Babu, Trisha",Aditya Music,Youtube,0.737,0.702,-6.53,0.178,0.149,0.0,0.0855,0.604,90.097,342.3,Happy/Energetic,16191026,71284,1638,2474249,0.004504,0.004403,0.07,8.210526316,1,1
935,Joe,Ride wit U (feat. G-Unit),And Then...,album,"Joe, Joe Thomas - Ride Wit U (MTV Version) ft. G-Unit",JoeVEVO,Spotify,0.796,0.615,-5.053,0.0712,0.0183,0.0,0.0463,0.733,101.978,251.8,Happy/Energetic,13793629,100484,2563,42115587,0.007471,0.007285,1.24,13.28293737,1,1
936,The Police,Roxanne,Outlandos D'Amour (Remastered 2003),album,The Police - Roxanne,ThePoliceVEVO,Spotify,0.618,0.748,-8.905,0.358,0.0384,4.1e-06,0.0473,0.663,134.114,191.9,Happy/Energetic,135894788,844310,24788,495176429,0.006395,0.006213,14.62,15.81395349,1,1
937,Dina Rae,You Don't Know Me,"Made, Vol. 28 - Hell Yea",compilation,Dina Rae - Never Know Me,Dina Rae,Youtube,0.756,0.532,-7.181,0.0655,0.0166,2.37e-06,0.107,0.218,127.994,175.9,Angry/Intense,129902,895,89,0,0.007575,0.00689,0.0,4.971962617,0,1
938,Ol' Dirty Bastard,"Intoxicated (feat. Raekwon, Method Man & Macy Gray)","Intoxicated (feat. Raekwon, Method Man & Macy Gray)",single,"Intoxicated (feat. Raekwon, Method Man, Macy Gray) [Official Audio]",WuTangClanVEVO,Spotify,0.895,0.57,-6.321,0.122,0.0578,0.0,0.05,0.766,88.22,257.1,Happy/Energetic,772965,19450,911,7894325,0.026341,0.025163,0.23,11.4,1,1
939,Neeraj Shridhar,Character Dheela,Ready,album,Character Dheela (Full Song) Ready I Salman Khan I Zarine Khan | Pritam,T-Series,Youtube,0.783,0.889,-2.691,0.0598,0.108,3.06e-05,0.333,0.851,111.983,226.3,Happy/Energetic,131977986,713136,14634,12152347,0.005514,0.005403,0.36,2.66966967,1,1
940,accelerate,stargirl interlude (sped up),stargirl interlude (sped up),single,stargirl interlude (sped up),accelerate - Topic,Spotify,0.714,0.538,-11.664,0.166,0.58,0.0066,0.107,0.45,107.108,98.7,Angry/Intense,30646,821,0,6619451,0.02679,0.02679,0.2,5.028037383,1,1
941,Nikhita Gandhi,Qaafirana,Kedarnath,single,Qaafirana Female | Kedarnath | Sushant Rajput | Sara Ali Khan | Nikhita Gandhi | Amit Trivedi,Zee Music Company,Spotify,0.417,0.433,-8.958,0.0415,0.0726,0.0,0.123,0.207,169.92,341.8,Sad/Mellow,1539846,24883,542,84300263,0.016511,0.016159,2.49,3.520325203,1,1
942,Barry White,I'm Gonna Love You Just A Little More Baby,I've Got So Much To Give,album,barry white - I'm gonna love you just a little bit more baby 1973,Hard To Find Beats,Spotify,0.606,0.486,-13.553,0.041,0.0111,0.00145,0.0757,0.809,87.567,431.5,Calm/Positive,1925106,8159,397,35486262,0.004444,0.004238,1.05,6.42007926,0,0
943,Clayton & Romário,Pingaiada - Ao Vivo,No Churrasco (Ao Vivo),album,0,0,Spotify,0.564,0.885,-4.501,0.0624,0.443,0.0,0.737,0.825,159.996,164.9,Happy/Energetic,0,0,0,15112957,0.0,0.0,0.45,1.200814111,0,0
944,Afrojack,Lose You,Lose You,single,Afrojack & James Arthur - Lose You (Official Video),Afrojack,Spotify,0.646,0.807,-4.925,0.0398,0.146,0.0,0.345,0.778,141.838,154.2,Happy/Energetic,308156,8564,201,5304310,0.028443,0.027791,0.16,2.339130435,0,1
945,Glass Animals,Take A Slice,How To Be A Human Being,album,Take A Slice,Glass Animals - Topic,Spotify,0.623,0.661,-7.0,0.1,0.0212,0.000229,0.267,0.63,151.97,229.7,Happy/Energetic,15167973,268717,2193,106940054,0.017861,0.017716,3.16,2.475655431,1,1
946,Farruko,Patio de la Cárcel - Tangos,Quejíos de un Maleante,album,"Omar Montes, Farruko - Patio de la Cárcel (Tangos - Official Video)",OmarMontesVEVO,Spotify,0.788,0.814,-3.822,0.217,0.562,0.0,0.208,0.665,97.982,202.1,Happy/Energetic,10487689,86026,1945,13182610,0.008388,0.008203,0.39,3.913461538,1,1
947,Audioslave,Gasoline,Audioslave,album,Gasoline - Audioslave,TheTrella,Spotify,0.379,0.716,-4.312,0.0326,0.000272,0.00123,0.0786,0.239,92.721,279.3,Angry/Intense,509011,2661,145,58014895,0.005513,0.005228,1.71,9.109414758,0,0
948,Luísa Sonza,MODO TURBO,DOCE 22,album,"Luísa Sonza, Pabllo Vittar, Anitta - MODO TURBO (Clipe Oficial)",Luísa Sonza,Youtube,0.655,0.726,-7.628,0.0796,0.334,3.13e-06,0.232,0.766,160.064,150.3,Happy/Energetic,210949823,3158628,242001,143624079,0.016121,0.014973,4.24,3.129310345,0,1
949,Franz Liszt,"Liebestraume, S541/R211 : No. 3: Nocturne in A-Flat Major",Liszt: Scherzo and March / 3 Liebestraume / Berceuse,album,"Franz Liszt, Liebestraume, S541/R211: No. 3. Nocturne in A flat major",naxosinstrumental,Spotify,0.343,0.0342,-25.591,0.0406,0.991,0.92,0.1,0.0378,60.228,270.0,Sad/Mellow,18671,325,7,57842891,0.017782,0.017407,1.71,0.342,0,0
950,Empire of the Sun,Alive,Ice On The Dune,album,Empire Of The Sun - Alive (Official Video),empireofthesunvevo,Spotify,0.524,0.885,-3.079,0.037,0.0997,0.0,0.0708,0.395,119.954,204.6,Angry/Intense,101306823,695289,26628,184276611,0.007126,0.006863,5.44,12.5,1,1
951,Popcaan,Silence,Forever,album,Popcaan - Silence (Official Video),Popcaan,Youtube,0.547,0.558,-6.745,0.309,0.112,0.0,0.112,0.422,93.872,215.8,Angry/Intense,44950551,278543,5950,22259505,0.006329,0.006197,0.66,4.982142857,0,1
952,Måneskin,SUPERMODEL,RUSH!,album,Måneskin - SUPERMODEL (Official Video),ManeskinVEVO,Spotify,0.634,0.877,-3.413,0.055,0.00159,0.0,0.119,0.801,120.965,148.1,Happy/Energetic,26143901,424991,8781,174442960,0.016592,0.016256,5.15,7.369747899,1,1
953,Leon Bridges,Texas Sun,Texas Sun,single,Khruangbin & Leon Bridges - Texas Sun (Official Video),Dead Oceans,Spotify,0.636,0.634,-10.01,0.0342,0.0364,0.147,0.0998,0.599,111.563,252.8,Happy/Energetic,2898735,42733,1020,155861647,0.015094,0.014742,4.6,6.352705411,1,1
954,Ivete Sangalo,Se Saia - Ao Vivo,Chega Mais (Ao Vivo),single,Ivete Sangalo - Se Saia (Ao Vivo Em Salvador / 2023),Ivete Sangalo,Spotify,0.684,0.894,-5.448,0.0828,0.0146,1.4e-05,0.103,0.913,137.001,215.9,Happy/Energetic,65690,3038,511,184188,0.054026,0.046248,0.01,8.67961165,0,1
955,Rionegro & Solimões,Bão Pra Eu Aprender - Ao Vivo,Bão Pra Eu Aprender (Ao Vivo),single,Rionegro & Solimões - Arruma Essa Casa [DVD Deus Abençoou],Rionegro e Solimões,Youtube,0.716,0.723,-4.845,0.0298,0.0793,0.0,0.517,0.685,115.077,173.9,Happy/Energetic,9832163,48433,1181,1277064,0.005046,0.004926,0.04,1.398452611,1,1
956,Danna Paola,Idiota,¿A Dónde Vamos?,album,"Morat, Danna Paola - Idiota",MoratVEVO,Spotify,0.484,0.58,-6.557,0.256,0.354,0.0,0.374,0.597,160.138,183.7,Happy/Energetic,51928447,590275,24223,131251688,0.011834,0.011367,3.88,1.550802139,1,1
957,Dadju,Par amour,Gentleman 2.0,album,Dadju - Par amour - ft: Maître Gims -(paroles),Magical lyrics,Spotify,0.566,0.653,-6.349,0.0873,0.51,0.0,0.117,0.72,120.056,197.1,Happy/Energetic,1225790,15335,99,49934957,0.012591,0.01251,1.47,5.581196581,0,0
958,Piso 21,Felices Perdidos,777,album,Piso 21 & Danny Ocean - Felices Perdidos (Video Oficial),Piso 21,Spotify,0.804,0.793,-2.778,0.0777,0.133,0.0,0.136,0.454,84.004,209.3,Angry/Intense,12079919,84392,1092,18766436,0.007077,0.006986,0.55,5.830882353,1,1
959,Silk Sonic,Leave The Door Open,An Evening With Silk Sonic,album,"Bruno Mars, Anderson .Paak, Silk Sonic - Leave the Door Open [Official Video]",Bruno Mars,Spotify,0.586,0.616,-7.964,0.0324,0.182,0.0,0.0927,0.719,148.088,242.1,Happy/Energetic,637673269,6925306,193397,1006100004,0.011164,0.01086,29.71,6.645091694,1,1
960,Chris Stapleton,Parachute,Traveller,album,Chris Stapleton - Parachute,Maciej Zygmuntowski,Spotify,0.642,0.762,-7.411,0.0296,0.00967,5.72e-05,0.182,0.605,113.038,253.2,Happy/Energetic,22301163,83206,1592,216589343,0.003802,0.003731,6.4,4.186813187,0,0
961,Tiziano Ferro,No Me Lo Puedo Explicar,TZN -The Best Of Tiziano Ferro (Spanish Edition),compilation,Tiziano Ferro - No Me Lo Puedo Explicar (Oficial Vídeo) [HD],elcoronelGOD,Spotify,0.6,0.458,-6.81,0.0359,0.63,0.0,0.149,0.228,145.984,240.9,Sad/Mellow,4402895,30618,978,27595574,0.007176,0.006954,0.81,3.073825503,0,0
962,Paul Simon,Late in the Evening,One-Trick Pony,album,Paul Simon - Late in the Evening (Official Video),PaulSimonVEVO,Spotify,0.72,0.88,-8.988,0.0406,0.199,0.0246,0.0865,0.961,118.623,242.7,Happy/Energetic,1326004,8549,440,40408098,0.006779,0.006447,1.19,10.1734104,1,1
963,Juice WRLD,Face 2 Face,Face 2 Face,single,Juice WRLD - Face 2 Face (Official Music Video),Juice WRLD,Spotify,0.711,0.72,-4.532,0.0308,0.0948,0.0,0.101,0.437,155.997,124.6,Angry/Intense,4737346,254030,15724,27851004,0.056942,0.053623,0.82,7.128712871,0,1
964,Godsmack,Under Your Scars,When Legends Rise,album,"""Under Your Scars"" - Godsmack",Godsmack,Youtube,0.252,0.764,-4.153,0.0402,0.0568,1.77e-06,0.122,0.219,165.358,231.1,Angry/Intense,84001396,499711,16852,50335444,0.006149,0.005949,1.49,6.262295082,1,1
965,Eyedress,Let's Skip to the Wedding,Let's Skip to the Wedding,album,EYEDRESS - LET'S SKIP TO THE WEDDING (OFFICIAL VIDEO),EYEDRESS,Spotify,0.454,0.966,-6.972,0.0441,0.0213,0.034,0.058,0.643,148.21,98.2,Happy/Energetic,629343,27511,473,9722368,0.044465,0.043714,0.29,16.65517241,0,1
966,"Earth, Wind & Fire",Beijo (Interlude),All 'N All,album,"Earth, Wind & Fire - September (Official HD Video)",EarthWindandFireVEVO,Youtube,0.841,0.752,-11.165,0.0898,0.248,0.0068,0.105,0.549,112.362,80.1,Happy/Energetic,641407658,4804872,305112,8234500,0.007967,0.007491,0.24,7.161904762,1,1
967,Kane Brown,Good as You,Experiment Extended,album,Kane Brown - Good as You (Official Music Video),KaneBrownVEVO,Spotify,0.626,0.516,-6.05,0.0388,0.4,0.0,0.142,0.769,153.653,192.1,Happy/Energetic,96532963,512614,6091,171707346,0.005373,0.00531,5.07,3.633802817,1,1
968,Jon Pardi,Night Shift,California Sunrise,album,Jon Pardi - Night Shift (Official Music Video),JonPardiVEVO,Spotify,0.63,0.754,-3.564,0.0284,0.0963,0.0,0.268,0.73,95.999,172.3,Happy/Energetic,45692989,164070,2641,231561346,0.003649,0.003591,6.84,2.813432836,1,1
969,Plan B,Frikitona,Frikitona - Single,single,"Plan B Feat. Trick Daddy, Trina & Lda - Frikitona New York City (Official Remix).wmv",rumbapumbamono,Spotify,0.947,0.874,-3.813,0.176,0.316,0.0,0.372,0.835,120.063,183.2,Happy/Energetic,144740,1987,52,104897502,0.014087,0.013728,3.1,2.349462366,0,0
970,Descemer Bueno,Nos Fuimos Lejos (feat. El Micha),Nos Fuimos Lejos (feat. El Micha),single,"Enrique Iglesias, Descemer Bueno - Nos Fuimos Lejos ft. El Micha (Official Video)",EnriqueIglesiasVEVO,Youtube,0.755,0.88,-3.003,0.0605,0.162,1.32e-05,0.132,0.812,94.022,209.4,Happy/Energetic,74561366,454542,12475,22876289,0.006264,0.006096,0.68,6.666666667,1,1
971,La Ley,El Ultimo Adiós - Varios Artistas Version,El Ultimo Adiós,single,Varios Artistas Latinos - EL Ultimo Adios,Catheleya R,Spotify,0.276,0.572,-7.818,0.0377,0.641,0.0,0.2,0.285,77.986,237.5,Angry/Intense,764832,5730,472,169769959,0.008109,0.007492,5.01,2.86,0,0
972,Dropkick Murphys,Rose Tattoo,SIGNED and SEALED in BLOOD,album,"Dropkick Murphys - ""Rose Tattoo"" (Video)",Dropkick Murphys,Youtube,0.323,0.912,-2.059,0.0425,0.0219,0.0,0.373,0.609,108.084,306.5,Happy/Energetic,176349439,622956,14550,125553354,0.003615,0.003533,3.71,2.445040214,1,1
973,K. J. Yesudas,Kattu Kuyilu,Thalapathi,album,0,0,Spotify,0.93,0.843,-9.512,0.0656,0.475,0.000452,0.099,0.755,123.319,329.8,Happy/Energetic,0,0,0,5010265,0.0,0.0,0.15,8.515151515,0,0
974,fun.,The Gambler,Aim and Ignite (Deluxe Version),album,fun. - The Gambler [AUDIO],nettwerkbackstage,Spotify,0.613,0.296,-7.571,0.0309,0.94,1.34e-06,0.109,0.46,99.934,251.3,Sad/Mellow,3910342,19411,1644,21126642,0.005384,0.004964,0.62,2.71559633,1,1
975,Joan Sebastian,Me Gustas,Secreto De Amor,album,Joan Sebastian - Me gustas,Jose Cabuyales,Spotify,0.572,0.433,-8.086,0.0294,0.554,7.37e-05,0.108,0.504,145.375,207.6,Calm/Positive,1262874,7090,158,189098423,0.005739,0.005614,5.58,4.009259259,0,0
976,Mika Singh,"Aankh Marey (From ""Simmba"")","Aankh Marey (From ""Simmba"")",single,"SIMMBA: Aankh Marey | Ranveer Singh, Sara Ali Khan | Tanishk Bagchi,Mika Singh,Neha Kakkar,  Kumar S",T-Series,Youtube,0.796,0.978,-1.266,0.0955,0.289,0.00254,0.346,0.8,129.999,212.7,Happy/Energetic,916982634,4160870,154872,46628697,0.004706,0.004538,1.38,2.826589595,1,1
977,Brad Paisley,Mud on the Tires,Mud On The Tires,album,Brad Paisley - Mud On The Tires,BRADPAISLEYVEVO,Spotify,0.445,0.744,-7.978,0.0424,0.343,6.73e-05,0.167,0.48,185.199,208.3,Angry/Intense,8957974,28989,1497,95439261,0.003403,0.003236,2.82,4.45508982,1,1
978,Mark Morrison,Return of the Mack - C&J Street Remix,Return of the Mack (#25ROTM Deluxe Edition),album,Mark Morrison - Return of the Mack (C&J Street Mix - HighQuality),grimpr,Spotify,0.784,0.728,-9.11,0.146,0.0179,0.00138,0.061,0.69,95.427,275.0,Happy/Energetic,2168849,16843,580,2503804,0.008033,0.007766,0.07,11.93442623,0,0
979,Kalash,Laptop,Tombolo,album,Kalash & Maureen - Laptop (Clip officiel),Kalash972,Youtube,0.949,0.485,-6.405,0.15,0.0863,0.038,0.122,0.353,102.48,167.6,Sad/Mellow,10015891,68328,1128,5636368,0.006935,0.006822,0.17,3.975409836,1,1
980,Alesso,Chasing Stars (feat. James Bay),Chasing Stars (feat. James Bay),single,Alesso & Marshmello - Chasing Stars ft. James Bay (Official Video),Alesso,Spotify,0.594,0.64,-6.865,0.033,0.0169,0.0,0.135,0.492,92.871,170.5,Angry/Intense,5668197,73899,1704,84763293,0.013338,0.013037,2.5,4.740740741,1,1
981,Becky Hill,Lose Control,Lose Control,single,"MEDUZA, Becky Hill, Goodboys - Lose Control (Official Video)",MeduzaVEVO,Spotify,0.598,0.526,-8.659,0.0415,0.129,0.0,0.14,0.529,123.935,168.4,Happy/Energetic,114132916,1538466,20312,804323416,0.013658,0.01348,23.75,3.757142857,1,1
982,Oliver Heldens,LOW,LOW,single,"Oliver Heldens, Tchami, Anabel Englund - LOW (Official Video)",Oliver Heldens,Spotify,0.678,0.807,-5.965,0.0383,0.00155,0.00284,0.292,0.271,126.024,203.3,Angry/Intense,545038,15044,519,7711175,0.028554,0.027602,0.23,2.76369863,1,1
983,Abel Pintos,La Llave,Sueño Dorado,album,Abel Pintos - La Llave (Official Video),abelpintosVEVO,Youtube,0.596,0.497,-7.265,0.0301,0.21,0.0,0.358,0.298,128.014,260.4,Sad/Mellow,31290636,108350,2745,30478692,0.00355,0.003463,0.9,1.388268156,1,1
984,Savage Garden,All you need is love,Pavarotti & Friends for Cambodia and Tibet,album,Pavarotti & Friends (all artists 2000) - All you need is love (widescreen),Years Later,Youtube,0.418,0.936,-4.755,0.0668,0.123,0.0,0.945,0.429,111.558,255.7,Angry/Intense,102674,865,154,0,0.009925,0.008425,0.0,0.99047619,0,0
985,Niall Horan,Black And White,Heartbreak Weather,album,Niall Horan - Black And White (Official Video),NiallHoranVEVO,Spotify,0.443,0.582,-6.02,0.0482,0.0301,0.0,0.127,0.239,147.589,193.1,Angry/Intense,13774812,438505,16976,233449691,0.033066,0.031834,6.89,4.582677165,1,1
986,Lainey Wilson,Atta Girl,Bell Bottom Country,album,Lainey Wilson - Atta Girl (Visualizer),Lainey Wilson,Spotify,0.747,0.521,-7.439,0.0351,0.233,6.17e-05,0.101,0.673,141.983,206.7,Happy/Energetic,192671,3069,115,1922576,0.016526,0.015929,0.06,5.158415842,1,1
987,Kevin Kaarl,Si Supieras,Hasta el Fin Del Mundo,album,Kevin Kaarl - Si Supieras (Vídeo),IzønSud,Spotify,0.584,0.163,-15.421,0.0293,0.962,0.00235,0.0904,0.155,114.931,251.4,Sad/Mellow,23578,689,22,99659482,0.030155,0.029222,2.94,1.803097345,0,0
988,Eslabon Armado,Regresa Mami,"Tu Veneno Mortal, Vol. 2",album,Regresa Mami - (Video Con Letras) - Eslabon Armado - DEL Records 2021,DEL Records TV,Spotify,0.571,0.271,-12.231,0.0528,0.533,1.34e-06,0.0994,0.753,122.004,214.6,Calm/Positive,8429340,89984,620,66956275,0.010749,0.010675,1.98,2.726358149,1,1
989,C418,Wet Hands,Minecraft - Volume Alpha,album,Wet Hands,C418 - Topic,Spotify,0.616,0.035,-25.836,0.0432,0.996,0.939,0.0835,0.643,147.712,90.0,Calm/Positive,3650617,105153,2539,55009250,0.0295,0.028804,1.62,0.419161677,1,1
990,Kotim,Namora Aí,Namora Aí,single,MC Ryan SP e MC Daniel - Namora Aí (Video Clipe) Kotim,MC Ryan SP,Spotify,0.556,0.659,-0.845,0.0942,0.148,0.0,0.294,0.754,86.634,148.6,Happy/Energetic,25948434,288998,48916,28127738,0.013023,0.011137,0.83,2.241496599,1,1
991,Tchakabum,Tesouro de Pirata - Onda Onda,Tesouro de Pirata (Onda Onda),single,Tchakabum - Tesouro de Pirata (Onda Onda) - (VIDEOCLIPE OFICIAL),Tchakabum,Spotify,0.797,0.95,-0.577,0.186,0.367,7.46e-06,0.0457,0.75,95.029,191.1,Happy/Energetic,7031,154,12,2029473,0.02361,0.021903,0.06,20.78774617,0,1
992,Los Palmeras,Hitazos: Amores Como el Nuestro / Que Fue / Algún día / Tu Amor Me Quema / Arrepiéntete / Tarjetita de Invitación / Empujaito / Si Tu Te Vas / El Aguacero / Tu Juguete / Mujer Que Mal Me Pagas...,Hitazos: Amores Como el Nuestro / Que Fue / Algún día / Tu Amor Me Quema / Arrepiéntete / Tarjetita de Invitación / Empujaito / Si Tu Te Vas / El Aguacero / Tu Juguete / Mujer Que Mal Me Pagas...,compilation,Hitazos: Amores Como el Nuestro / Que Fue / Algún día / Tu Amor Me Quema / Arrepiéntete /...,Daniel Cardozo - Topic,Spotify,0.519,0.79,-4.342,0.0503,0.23,3.97e-05,0.212,0.868,97.512,1330.2,Happy/Energetic,12545,160,0,27611531,0.012754,0.012754,0.82,3.726415094,1,1
993,Zion,More,La Fórmula,compilation,Zion and Ken-Y - More Ft. Jory (La Formula) [Official Video],Pina Records,Youtube,0.687,0.778,-6.623,0.101,0.209,0.0,0.117,0.865,172.047,240.7,Happy/Energetic,394878819,1232482,40793,164453482,0.003224,0.003121,4.86,6.64957265,1,1
994,Dybbukk,Another Love - (Slowed),Another Love (Slowed),single,Another Love - Slowed Version (Cover by Dybbukk),Dybbukk,Spotify,0.411,0.425,-14.486,0.0436,0.664,0.00165,0.113,0.0913,106.282,284.1,Sad/Mellow,540,19,0,20415617,0.035185,0.035185,0.6,3.761061947,1,1
995,Miky Woodz,Ganas Sobran,Cambio de Clima,album,Bryant Myers x Miky Woodz - Ganas Sobran ft. J Quiles (Official Music Video),Bryant Myers,Youtube,0.803,0.597,-4.144,0.127,0.369,0.0,0.0998,0.688,85.056,237.9,Happy/Energetic,143206559,883012,8660,91906468,0.006226,0.006166,2.71,5.981963928,1,1
996,11:11 Music Group,woo x I was never there (sped up),woo x I was never there (sped up),single,Woo x I Was Never There (Sped up),Muppet DJ - Topic,Spotify,0.363,0.707,-9.667,0.0562,0.252,0.00121,0.341,0.408,133.11,178.4,Angry/Intense,71714,2124,1,7432335,0.029632,0.029618,0.22,2.073313783,1,1
997,Tove Lo,Cool Girl,Lady Wood,album,Tove Lo - Cool Girl (Part of Fairy Dust),ToveLoVEVO,Spotify,0.674,0.694,-7.076,0.109,0.313,7.17e-06,0.0752,0.203,101.993,199.2,Angry/Intense,71133930,655321,14672,368206454,0.009419,0.009212,10.87,9.228723404,1,1
998,Nelly Furtado,Maneater,Loose,album,Nelly Furtado - Maneater (US Version) (Official Music Video),NellyFurtadoVEVO,Spotify,0.796,0.777,-4.81,0.0397,0.0261,0.000358,0.121,0.787,132.722,258.9,Happy/Energetic,114726796,591814,18201,400248405,0.005317,0.005158,11.82,6.421487603,1,1
999,Eagles,Peaceful Easy Feeling - 2013 Remaster,Eagles (2013 Remaster),album,Peaceful Easy Feeling (2013 Remaster),The Eagles - Topic,Spotify,0.568,0.634,-12.336,0.0282,0.494,0.00281,0.252,0.866,142.686,258.0,Happy/Energetic,1370511,19854,69,122011842,0.014537,0.014487,3.6,2.515873016,1,1
1000,Ella Henderson,I Go Dancing (feat. Ella Henderson),I Go Dancing (feat. Ella Henderson),single,Frank Walker - I Go Dancing ft. Ella Henderson,FrankWalkerVEVO,Spotify,0.571,0.797,-3.579,0.0513,0.193,1.02e-06,0.0752,0.392,109.889,162.5,Angry/Intense,106769,5223,84,955289,0.049705,0.048919,0.03,10.59840426,1,1
1001,Rae Sremmurd,Black Beatles,SremmLife 2 (Deluxe),album,Rae Sremmurd - Black Beatles ft. Gucci Mane (Official Video),RaeSremmurdVEVO,Youtube,0.794,0.632,-6.163,0.0649,0.142,0.0,0.128,0.355,145.926,291.9,Angry/Intense,917906981,7081299,216884,859496754,0.007951,0.007715,25.38,4.9375,1,1
1002,Phoenix,Alpha Zulu,Alpha Zulu,album,Phoenix - Alpha Zulu (Official Video),PhoenixVEVO,Spotify,0.724,0.7,-6.571,0.043,0.0535,0.108,0.0851,0.935,126.045,172.0,Happy/Energetic,1479139,19006,771,7521595,0.013371,0.012849,0.22,8.225616921,1,1
1003,Chelsea Cutler,Flare Guns,The Story of Us,album,Quinn XCII - Flare Guns ft. Chelsea Cutler (Official Video),QuinnXCIIVEVO,Spotify,0.812,0.472,-6.806,0.0603,0.26,0.0,0.285,0.457,92.951,240.0,Sad/Mellow,8312109,95882,2129,143716007,0.011791,0.011535,4.24,1.656140351,1,1
1004,Josh Turner,Would You Go With Me,Your Man,album,Josh Turner - Would You Go With Me (Official Music Video),JoshTurnerVEVO,Spotify,0.605,0.864,-5.365,0.0292,0.13,0.000827,0.113,0.736,122.918,228.2,Happy/Energetic,47999674,297019,9114,173712936,0.006378,0.006188,5.13,7.646017699,1,1
1005,Eddie Santiago,Jamás,30 Exitos Insuperables,album,JAMAS..EDDIE SANTIAGO,Jorge More C,Youtube,0.642,0.745,-6.953,0.0432,0.831,0.00256,0.0831,0.916,172.156,281.8,Happy/Energetic,39515,615,11,0,0.015842,0.015564,0.0,8.965102286,0,0
1006,Dolly Parton,Jolene,Jolene (Expanded Edition),album,Dolly Parton - Jolene [Official Music Video],Dolly Parton,Spotify,0.674,0.537,-10.971,0.0363,0.566,0.0,0.131,0.809,110.578,161.5,Happy/Energetic,395292,3224,204,466519830,0.008672,0.008156,13.78,4.099236641,0,1
1007,Mötley Crüe,Same Ol' Situation (S.O.S.),Dr. Feelgood (Deluxe Version),album,Mötley Crüe - Same Old Situation,MotleyCrueVEVO,Spotify,0.498,0.984,-3.296,0.128,0.0363,2.96e-05,0.11,0.258,139.71,254.0,Angry/Intense,19901510,99654,4073,58208312,0.005212,0.005007,1.72,8.945454545,1,1
1008,Kelly Rowland,Like This (feat. Eve),Ms. Kelly,album,Kelly Rowland - Like This (Video) ft. Eve,kellyrowlandVEVO,Spotify,0.668,0.723,-5.995,0.279,0.00183,0.0,0.0545,0.486,178.126,215.9,Angry/Intense,20013431,167836,4069,60071333,0.008589,0.008386,1.77,13.26605505,1,1
1009,Diana Ross,I'm Coming Out,Diana,album,Diana Ross - I'm Coming Out,Marinko,Spotify,0.72,0.828,-9.211,0.0462,0.185,0.429,0.0839,0.768,110.071,323.3,Happy/Energetic,13312587,100120,6204,224613047,0.007987,0.007521,6.63,9.868891538,0,0
1010,21 Savage,On BS,Her Loss,album,"21 Savage ft. Drake ""On BS"" (Music Video)",Rap Radio,Spotify,0.841,0.358,-8.368,0.591,0.0201,0.0,0.39,0.329,158.014,261.5,Sad/Mellow,213119,3427,120,100595022,0.016643,0.01608,2.97,0.917948718,0,0
1011,Ol' Dirty Bastard,Shimmy Shimmy Ya,Return to the 36 Chambers: The Dirty Version,album,Ol' Dirty Bastard - Shimmy Shimmy Ya (Official Video) [Explicit],UPROXX Video,Spotify,0.814,0.481,-5.183,0.245,0.097,3.83e-05,0.0495,0.193,96.252,161.4,Sad/Mellow,37420971,354650,11047,128068048,0.009773,0.009477,3.78,9.717171717,1,1
1012,Atif Aslam,Dil Diyan Gallan,YRF Top 10 - Falling in Love,album,"Dil Diyan Gallan Song | Tiger Zinda Hai | Salman Khan, Katrina Kaif | Atif Aslam | Vishal & Shekhar",YRF,Youtube,0.717,0.64,-8.726,0.025,0.565,0.00139,0.127,0.485,105.021,260.5,Angry/Intense,743948623,3608702,157846,84413845,0.005063,0.004851,2.49,5.039370079,1,1
1013,Purple Disco Machine,Coma Cat - Purple Disco Machine Re-Work,Coma Cat (Purple Disco Machine Re-Work),single,Coma Cat (Purple Disco Machine Re-Work),Tensnake - Topic,Spotify,0.653,0.978,-4.868,0.0589,0.0151,0.714,0.309,0.756,122.017,208.5,Happy/Energetic,45858,772,2,3346785,0.016878,0.016835,0.1,3.165048544,1,1
1014,Bastille,Run Into Trouble,Run Into Trouble,single,Alok & Bastille - Run Into Trouble (Official Video),Alok,Spotify,0.621,0.885,-4.593,0.0415,0.265,0.0,0.0719,0.411,117.021,182.6,Angry/Intense,3394312,42228,855,22888543,0.012693,0.012441,0.68,12.30876217,0,1
1015,Pixies,Where Is My Mind? - Remastered,Surfer Rosa,album,Pixies - Where Is My Mind,i'm cyborg but that's ok,Spotify,0.519,0.441,-14.178,0.0353,0.0204,0.000453,0.076,0.25,81.334,235.0,Sad/Mellow,100043781,1571155,34635,618848440,0.016051,0.015705,18.27,5.802631579,0,0
1016,Matisse,Por Si Te Lo Preguntas,Así de Enamorados,album,Matisse - Por Si Te Lo Preguntas (Live Sessions),MatisseMXVEVO,Spotify,0.665,0.55,-5.597,0.0352,0.216,0.0,0.277,0.967,77.865,126.5,Happy/Energetic,689754,11016,161,3594760,0.016204,0.015971,0.11,1.985559567,1,1
1017,Benny Benassi,Satisfaction - Uk Radio Edit,Satisfaction (Benny Benassi Presents The Biz),single,Benny Benassi - Satisfaction,Ultra Records,Youtube,0.818,0.732,-4.253,0.209,0.0997,0.0389,0.074,0.37,130.063,143.9,Angry/Intense,110167764,1198527,40710,15411925,0.011249,0.010879,0.46,9.891891892,1,1
1018,CoComelon,Twinkle Twinkle Little Star,"CoComelon Kids Hits, Vol. 3",album,Twinkle Twinkle Little Star | CoComelon Nursery Rhymes & Kids Songs,Cocomelon - Nursery Rhymes,Youtube,0.459,0.206,-9.694,0.0282,0.673,0.0,0.294,0.354,160.072,177.5,Sad/Mellow,48798376,170681,0,36916835,0.003498,0.003498,1.09,0.700680272,1,1
1019,I Prevail,Scars,Lifelines,album,I Prevail - Scars (Official Music Video),IPrevailBand,Spotify,0.505,0.964,-3.673,0.0718,9.97e-05,2.85e-06,0.113,0.571,138.021,229.8,Happy/Energetic,58394962,499067,11265,110472003,0.008739,0.008546,3.26,8.530973451,0,0
1020,The Killers,Somebody Told Me,Hot Fuss,album,The Killers - Somebody Told Me (Official Music Video),TheKillersVEVO,Spotify,0.497,0.97,-4.851,0.0836,9.04e-05,0.000674,0.101,0.689,138.081,197.2,Happy/Energetic,202235570,1116572,28995,578122090,0.005665,0.005521,17.07,9.603960396,1,1
1021,Loud Luxury,Afterparty,Afterparty,single,Loud Luxury & Hook N Sling - Afterparty (Official Lyric Video),Armada Music TV,Spotify,0.753,0.836,-5.506,0.044,0.101,0.000896,0.118,0.661,121.95,160.8,Happy/Energetic,154288,1459,41,3754400,0.009722,0.009456,0.11,7.084745763,1,1
1022,Ñejo,Muy Feliz - Remix,Muy Feliz (Remix),single,Ñejo x Nicky Jam x Silvestre Dangond - Muy Feliz (Remix) [Official Video],Ñejo,Youtube,0.633,0.806,-5.42,0.0839,0.321,1.24e-05,0.111,0.65,97.528,231.9,Happy/Energetic,29634706,238471,5346,14364320,0.008227,0.008047,0.42,7.261261261,0,1
1023,Kishore Kumar,"Ek Ajnabee Haseena Se (From ""Ajanabee"")",The Enigma R. D. Burman,album,"Ek Ajnabee Haseena Se | 4K Video | Ajanabee | Rajesh Khanna, Zeenat Aman | Kishore Kumar | 90s Hits",Kishore Kumar,Spotify,0.355,0.451,-13.449,0.0387,0.985,0.324,0.692,0.706,97.939,266.6,Calm/Positive,1898997,18505,272,15827977,0.009888,0.009745,0.47,0.651734104,0,1
1024,Natasha Bedingfield,Love Like This (feat. Sean Kingston),Pocketful Of Sunshine,album,Natasha Bedingfield - Love Like This (Official Video) ft. Sean Kingston,NBedingfieldVEVO,Spotify,0.781,0.791,-3.903,0.0468,0.145,0.0,0.127,0.902,76.998,222.3,Happy/Energetic,28457398,123696,5045,40084435,0.004524,0.004347,1.18,6.228346457,1,1
1025,Placebo,Pure Morning,Without You I'm Nothing,album,Placebo - Pure Morning (Official Music Video),PLACEBO,Youtube,0.348,0.898,-6.835,0.0701,0.0367,3.73e-05,0.11,0.2,81.268,254.8,Angry/Intense,15797812,115526,3339,0,0.007524,0.007313,0.0,8.163636364,1,1
1026,Cardi B,Finesse - Remix; feat. Cardi B,Finesse (Remix) [feat. Cardi B],single,Bruno Mars - Finesse (Remix) (feat. Cardi B) (Official Music Video),Bruno Mars,Youtube,0.704,0.859,-4.877,0.0996,0.0185,0.0,0.0215,0.926,105.115,217.3,Happy/Energetic,824918371,6106823,262938,683821801,0.007722,0.007403,20.19,39.95348837,1,1
1027,Paolo Nutini,Coming up Easy,Sunny Side Up,album,Paolo Nutini - Coming Up Easy (Official Video),Paolo Nutini,Spotify,0.616,0.563,-6.414,0.04,0.313,0.0,0.548,0.629,113.737,258.5,Happy/Energetic,10471827,26931,1283,34458441,0.002694,0.002572,1.02,1.027372263,1,1
1028,El Cuarteto De Nos,Yendo a la Casa de Damián,Raro,album,Cuarteto de Nos   Yendo a la casa de Damián Video Oficial HD,daniel chirinos,Spotify,0.661,0.75,-5.816,0.0402,0.0614,0.0,0.267,0.524,105.984,254.1,Happy/Energetic,253656,5591,269,30016860,0.023102,0.022042,0.89,2.808988764,0,0
1029,Sheila On 7,Hari Bersamanya,Berlayar,album,Sheila On 7 - Hari Bersamanya (Video Clip),sheilaon7VEVO,Youtube,0.63,0.68,-4.556,0.0294,0.312,0.0,0.194,0.792,119.984,232.7,Happy/Energetic,44606191,125772,7657,27546852,0.002991,0.00282,0.81,3.505154639,1,1
1030,Aphex Twin,180db_ [130],Syro,album,180Db_ [130],Aphex Twin - Topic,Spotify,0.828,0.61,-7.305,0.0648,0.00104,0.894,0.0792,0.566,130.064,191.5,Happy/Energetic,967821,26128,73,8414052,0.027072,0.026997,0.25,7.702020202,1,1
1031,Seafret,Wildfire,Tell Me It's Real (Expanded Edition),album,Seafret - Wildfire (Official Video),SeafretVEVO,Spotify,0.587,0.58,-7.867,0.0329,0.252,0.00243,0.105,0.193,131.953,224.8,Angry/Intense,13038924,230089,3443,50536983,0.01791,0.017646,1.49,5.523809524,1,1
1032,Chayanne,Y Tú Te Vas,Chayanne,album,Chayanne - Y Tú Te Vas (Video Oficial),chayanneVEVO,Youtube,0.615,0.615,-7.939,0.0309,0.0189,1.78e-05,0.192,0.491,139.956,285.1,Angry/Intense,221552390,714967,22191,126878363,0.003327,0.003227,3.75,3.203125,1,1
1033,Mecano,La Fuerza del Destino,Descanso Dominical (Bonus Tracks Edition),album,Mecano - La Fuerza del Destino (Videoclip),MecanoVEVO,Youtube,0.761,0.606,-5.887,0.0374,0.223,0.0021,0.0662,0.882,89.822,311.2,Happy/Energetic,79304357,270396,9721,76326054,0.003532,0.00341,2.25,9.15407855,1,1
1034,21 Savage,Jimmy Cooks (feat. 21 Savage),"Honestly, Nevermind",album,Drake & 21 Savage - Jimmy Cooks,Drake,Spotify,0.529,0.673,-4.711,0.175,0.000307,2.41e-06,0.093,0.366,165.921,218.4,Angry/Intense,12454143,461647,14487,413205085,0.038231,0.037068,12.2,7.23655914,0,1
1035,Money Man,Attempted,Epidemic (Deluxe),album,Money Man - Attempted (Visualizer),Money Man,Spotify,0.823,0.613,-9.395,0.0514,0.0429,0.000159,0.145,0.691,120.036,120.5,Happy/Energetic,2659708,28143,568,8326072,0.010795,0.010581,0.25,4.227586207,1,1
1036,Romeo Santos,El Pañuelo,"Fórmula, Vol. 3",album,"Romeo Santos, ROSALÍA - El Pañuelo (Official Video)",RomeoSantosVEVO,Spotify,0.839,0.71,-3.823,0.0409,0.0534,0.0,0.283,0.661,129.997,234.8,Happy/Energetic,28174439,405260,10896,65328111,0.014771,0.014384,1.93,2.508833922,1,1
1037,Years & Years,Hallucination - Navos Remix,Hallucination (Navos Remix),single,Alesso - Years ft. Matthew Koma,Refune Music,Youtube,0.651,0.812,-8.021,0.0506,0.0749,6.28e-06,0.1,0.56,124.969,150.0,Happy/Energetic,41285525,229100,9158,7098916,0.005771,0.005549,0.21,8.12,0,0
1038,girl in red,.,if i could make it go quiet,album,girl in red - we fell in love in october,girl in red,Youtube,0.451,0.907,-7.362,0.291,0.0838,0.832,0.137,0.317,151.988,166.2,Angry/Intense,91870599,2437878,67525,27399977,0.027271,0.026536,0.81,6.620437956,0,1
1039,Camilo,Aeropuerto,De Adentro Pa Afuera,album,Camilo - Aeropuerto (Official Video),CamiloVEVO,Spotify,0.69,0.58,-4.395,0.199,0.0328,0.0,0.328,0.708,197.635,177.6,Happy/Energetic,15736532,152209,3756,31400753,0.009911,0.009672,0.93,1.768292683,1,1
1040,George Harrison,"My Back Pages - Live at Madison Square Garden, New York, NY - October 1992",Bob Dylan - 30th Anniversary Concert Celebration [(Deluxe Edition) [Remastered]],compilation,My Back Pages - Bob Dylan The 30th Anniversary Concert Celebration,EClaptonAddict,Spotify,0.439,0.867,-7.722,0.0618,0.00907,8.93e-06,0.679,0.318,129.103,279.9,Angry/Intense,567338,4874,459,13561396,0.0094,0.008591,0.4,1.276877761,0,0
1041,Grupo Revelação,Meu Amor É Todo Seu,Meu Amor É Todo Seu,single,Grupo Revelação e Vitinho - Meu Amor É Todo Seu #RSB,Grupo Revelação,Spotify,0.46,0.641,-7.569,0.0695,0.728,0.0,0.908,0.712,87.258,191.4,Happy/Energetic,547049,6948,127,5054137,0.012933,0.012701,0.15,0.705947137,1,1
1042,Heroes Del Silencio,La carta,Senderos De Traición - Edición Especial,album,Heroes del Silencio - La Carta,Diego Garcia,Spotify,0.494,0.858,-5.578,0.0811,0.215,0.0,0.0981,0.525,170.177,187.5,Happy/Energetic,54087,437,22,18097379,0.008486,0.00808,0.53,8.74617737,0,0
1043,Leon James,"Gundellonaa (From ""Ori Devuda"")","Gundellonaa (From ""Ori Devuda"") - Single",single,"Gundellonaa - Video Song | Ori Devuda | Vishwak Sen, Asha | Ashwath Marimuthu | Leon James | Anirudh",Saregama Telugu,Youtube,0.688,0.731,-6.665,0.108,0.324,0.0,0.326,0.566,132.194,200.1,Happy/Energetic,53007609,346994,3572,21040555,0.006614,0.006546,0.62,2.242331288,1,1
1044,TWICE,Feel Special,Feel Special,album,"TWICE ""Feel Special"" M/V",JYP Entertainment,Youtube,0.708,0.959,-1.338,0.0604,0.0296,0.00188,0.107,0.644,128.981,206.9,Happy/Energetic,459290870,5042542,592245,283695068,0.012268,0.010979,8.38,8.962616822,1,1
1045,Trueno,FEEL ME??,BIEN O MAL,album,Trueno - FEEL ME?? (Video Oficial),Trueno Oficial,Spotify,0.733,0.568,-5.987,0.0462,0.341,0.0,0.232,0.502,123.079,187.3,Happy/Energetic,111369303,1378114,25277,158950359,0.012601,0.012374,4.69,2.448275862,1,1
1046,Leo Dan,Qué Tiene la Niña,El Fenómeno,album,"Leo Dan - La Niña Está Triste (En Vivo) ft. Jesús ""Tuti"" Martínez",LeoDanVEVO,Youtube,0.492,0.454,-8.409,0.03,0.751,0.0,0.287,0.544,120.787,159.2,Calm/Positive,85088044,214822,5617,19871845,0.002591,0.002525,0.59,1.581881533,1,1
1047,Luke Bryan,Kick The Dust Up,Kill The Lights (Deluxe),album,Luke Bryan - Kick The Dust Up (Official Lyric Video),LukeBryanVEVO,Spotify,0.597,0.86,-2.315,0.0461,0.196,0.0,0.087,0.818,172.064,190.6,Happy/Energetic,91260443,337197,9218,154979561,0.003796,0.003695,4.58,9.885057471,1,1
1048,Nio Garcia,Te Boté - Remix,Now Or Never,album,0,0,Spotify,0.903,0.675,-3.445,0.214,0.543,1.29e-05,0.0595,0.442,96.507,417.9,Angry/Intense,0,0,0,1039782758,0.0,0.0,30.7,11.34453782,0,0
1049,Bryant Myers,Hoodie,LLNM2,album,"Anuel AA, Bryant Myers - Hoodie (Video Oficial) | LLNM2",Anuel AA,Youtube,0.539,0.657,-6.016,0.301,0.341,0.0,0.114,0.562,123.937,250.9,Happy/Energetic,13089474,324133,13030,8002128,0.025758,0.024763,0.24,5.763157895,1,1
1050,Camila,Aléjate de Mí,Dejarte De Amar,album,Camila - Aléjate De Mi,camilaVEVO,Youtube,0.464,0.536,-8.372,0.0472,0.159,0.0,0.0969,0.252,145.772,258.5,Angry/Intense,441487508,1233455,28703,152894852,0.002859,0.002794,4.51,5.531475748,1,1
1051,La Arrolladora Banda El Limón De Rene Camacho,De Ti Exclusivo,Para Ti Exclusivo (En Vivo Desde Arandas Jalisco),album,La Arrolladora Banda El Limón De René Camacho - De Ti Exclusivo,ArrolladoraLimonVEVO,Spotify,0.665,0.463,-7.068,0.0412,0.704,1.53e-05,0.104,0.786,124.996,196.4,Calm/Positive,41037600,107211,1586,43649333,0.002651,0.002613,1.29,4.451923077,1,1
1052,Klaas,Heart Swipe,Heart Swipe,single,Klaas – Heart Swipe,You Love Dance.TV,Spotify,0.617,0.866,-5.619,0.106,0.0208,0.000224,0.0472,0.461,130.117,146.8,Angry/Intense,87250,1545,72,1347876,0.018533,0.017708,0.04,18.34745763,1,1
1053,Cazzu,Mucha Data,Error 93,album,Cazzu - Mucha Data (Video Oficial),CAZZU Canal Oficial,Youtube,0.695,0.522,-7.271,0.321,0.192,9.94e-05,0.0816,0.327,134.979,154.1,Angry/Intense,143604141,1960445,41915,66242415,0.013944,0.013652,1.96,6.397058824,1,1
1054,Nicki Nicole,Entre Nosotros (Remix) [con Nicki Nicole],Entre Nosotros (Remix) [con Nicki Nicole],single,"Tiago PZK, LIT killah, Maria Becerra, Nicki Nicole - Entre Nosotros REMIX (Video Oficial)",Tiago PZK,Youtube,0.7,0.438,-5.784,0.0433,0.401,0.0,0.373,0.605,170.106,260.0,Calm/Positive,306860402,2897709,83141,201926628,0.009714,0.009443,5.96,1.174262735,1,1
1055,Willie Nelson,Roll Me Up and Smoke Me When I Die - Live,Willie Nelson American Outlaw (Live),compilation,Willie Nelson - Roll Me Up and Smoke Me When I Die (Live Version),WillieNelsonVEVO,Spotify,0.427,0.813,-9.02,0.0737,0.0713,0.109,0.873,0.344,106.859,134.3,Angry/Intense,8726124,58294,1658,9999321,0.00687,0.00668,0.3,0.931271478,1,1
1056,Lee Brice,Memory I Don't Mess With,Hey World,album,Lee Brice - Memory I Don't Mess With (Official Music Video),Lee Brice,Spotify,0.617,0.704,-7.61,0.0258,0.171,0.0,0.0924,0.57,91.541,180.6,Happy/Energetic,16149622,102246,2731,101221499,0.0065,0.006331,2.99,7.619047619,1,1
1057,Abel Pintos,Sin Principio Ni Final,Sueño Dorado,album,Abel Pintos - Sin Principio Ni Final (Official Video),abelpintosVEVO,Youtube,0.576,0.543,-7.785,0.0362,0.124,0.0,0.379,0.439,129.885,231.4,Angry/Intense,134111765,436365,9913,59742726,0.003328,0.003254,1.76,1.432717678,1,1
1058,Thomas Rhett,Marry Me,Life Changes,album,Thomas Rhett - Marry Me,ThomasRhettVEVO,Spotify,0.333,0.412,-8.633,0.029,0.0977,0.0,0.113,0.474,85.028,205.5,Sad/Mellow,247821183,896837,23852,314553798,0.003715,0.003619,9.29,3.646017699,1,1
1059,Los Panchos,Cuando Vuelva a Tu Lado,Canta En Español Con Los Panchos,album,Cuando Vuelva a Tu Lado,Eydie Gormé - Topic,Spotify,0.706,0.309,-11.635,0.0338,0.743,1.54e-06,0.195,0.746,100.382,159.7,Calm/Positive,2034944,19082,77,12125077,0.009415,0.009377,0.36,1.584615385,1,1
1060,Janis Joplin,Little Girl Blue,I Got Dem Ol' Kozmic Blues Again Mama!,album,Janis Joplin - Little Girl Blue,Trip Hop Universe,Spotify,0.399,0.366,-10.814,0.035,0.458,0.00431,0.117,0.143,130.246,228.7,Sad/Mellow,5321829,55428,1512,16448114,0.010699,0.010415,0.49,3.128205128,0,0
1061,JP Cooper,September Song - Guitar Acoustic,Raised Under Grey Skies (Deluxe),album,JP Cooper - September Song (Acoustic),JPCooperVEVO,Spotify,0.593,0.394,-8.946,0.029,0.355,0.0,0.121,0.543,94.909,212.2,Calm/Positive,13294977,111735,2366,165670932,0.008582,0.008404,4.89,3.256198347,1,1
1062,Phantogram,Don't Move,Nightlife,single,"Phantogram - ""Don't Move"" (Official Video)",Barsuk Records,Spotify,0.558,0.642,-5.206,0.0321,7.19e-05,0.00746,0.201,0.482,99.977,258.2,Angry/Intense,5256566,32636,1083,62945585,0.006415,0.006209,1.86,3.194029851,1,1
1063,Neha Kakkar,"Gali Gali (From ""Kgf Chapter 1"")","Gali Gali (From ""Kgf Chapter 1"")",single,Gali Gali Full Video Song | KGF | Neha Kakkar | Mouni Roy | Tanishk Bagchi | Rashmi Virag |T-SERIES,T-Series,Youtube,0.789,0.95,-3.604,0.0759,0.191,1.41e-05,0.0969,0.746,126.013,174.7,Happy/Energetic,472320564,2201834,33096,37324477,0.004732,0.004662,1.1,9.803921569,1,1
1064,Ana Gabriel,Mi Talismán,Mi Mexico,album,Ana Gabriel - Mi Talismán/No Entiendo/Hechizo,AnaGabrielVEVO,Youtube,0.628,0.387,-9.23,0.0261,0.437,8.07e-06,0.372,0.609,109.037,288.2,Calm/Positive,352435270,641970,15934,39830498,0.001867,0.001822,1.18,1.040322581,1,1
1065,Simply Red,Something Got Me Started - 2008 Remaster,Stars (Expanded Version),album,Simply Red - Something Got Me Started (Official Video),Simply Red,Spotify,0.698,0.91,-6.563,0.0459,0.019,7.73e-05,0.11,0.715,112.112,240.7,Happy/Energetic,27841752,113088,1456,67373078,0.004114,0.004062,1.99,8.272727273,1,1
1066,Christian Nodal,Aquí Abajo,AYAYAY! (Deluxe),album,Christian Nodal - Aquí Abajo (Video Oficial),ChristianNodalVEVO,Spotify,0.638,0.437,-3.857,0.0332,0.282,0.0,0.0894,0.618,147.88,143.9,Calm/Positive,279912656,1426190,21064,297585871,0.00517,0.005095,8.79,4.888143177,1,1
1067,Alan Jackson,Remember When,Playlist: The Very Best Of Alan Jackson,compilation,Alan Jackson - Remember When (Official Music Video),alanjacksonVEVO,Youtube,0.559,0.301,-10.522,0.0294,0.708,0.000561,0.152,0.25,125.584,270.7,Sad/Mellow,249882562,1099163,43811,104962016,0.004574,0.004399,3.1,1.980263158,1,1
1068,Aleks Syntek,Por Volverte A Ver,De Noche En La Ciudad,album,Aleks Syntek - Por volverte a ver,AleksSyntekVEVO,Spotify,0.566,0.828,-4.626,0.0384,0.635,0.0,0.065,0.669,149.965,178.1,Happy/Energetic,24014149,91868,2950,34811932,0.003948,0.003826,1.03,12.73846154,1,1
1069,La Ley,Día Cero,Invisible,album,"La Ley - ""Día Cero"" (Video Oficial)",Warner Music México,Spotify,0.684,0.763,-6.861,0.046,0.0438,7.68e-05,0.0916,0.678,99.918,271.7,Happy/Energetic,38151851,127316,7168,49991476,0.003525,0.003337,1.48,8.329694323,1,1
1070,NewJeans,Hurt,NewJeans 1st EP 'New Jeans',single,NewJeans (???) 'Hurt' Official MV,HYBE LABELS,Youtube,0.599,0.446,-6.511,0.0833,0.731,0.0,0.105,0.567,179.877,177.9,Calm/Positive,15839865,568151,13191,0,0.036701,0.035868,0.0,4.247619048,1,1
1071,Damian Marley,Road To Zion,Welcome to Jamrock,album,HD Damian Marley - Road To Zion ft. Nas Official Video W/LYRICS,reggaereggaefansite,Spotify,0.724,0.696,-6.326,0.201,0.123,0.0,0.106,0.433,93.607,317.3,Angry/Intense,480002,7841,264,111282308,0.016885,0.016335,3.29,6.566037736,0,0
1072,Diego Verdaguer,Quién De Los Dos Será,Mexicano Hasta Las Pampas,album,Diego Verdaguer - Quién De Los Dos Será [Video Oficial],Diego Verdaguer,Youtube,0.644,0.311,-8.513,0.0356,0.522,5.14e-05,0.434,0.44,141.998,213.9,Sad/Mellow,126851308,394930,10002,53311121,0.003192,0.003113,1.57,0.716589862,1,1
1073,Banda MS de Sergio Lizárraga,Me Dejé Ir Con Todo,PUNTO Y APARTE,album,Banda MS de Sergio Lizárraga - Me Deje? Ir Con Todo (Video Oficial),Lizos Music,Spotify,0.527,0.466,-6.143,0.0384,0.472,0.0,0.289,0.829,116.447,152.8,Calm/Positive,5831184,28413,341,8575574,0.004931,0.004873,0.25,1.612456747,1,1
1074,Misfits,Hybrid Moments - C.I. Recording 1978,The Misfits Box Set,album,Misfits - Hybrid Moments,Subculture,Spotify,0.17,0.81,-9.339,0.0521,0.27,0.0445,0.104,0.547,193.791,102.3,Happy/Energetic,3259948,12743,1679,46787908,0.004424,0.003909,1.38,7.788461538,0,0
1075,Kendrick Lamar,Die Hard,Mr. Morale & The Big Steppers,album,Kendrick Lamar - Die Hard ft Blxst & Amanda Reifer (Music Video),Iam Visions,Spotify,0.775,0.736,-8.072,0.247,0.319,0.00116,0.127,0.362,100.988,239.0,Angry/Intense,40465,903,0,183161519,0.022316,0.022316,5.41,5.795275591,0,0
1076,Israel & Rodolffo,Marca Evidente - Ao Vivo,Marca Evidente,album,0,0,Spotify,0.524,0.843,-3.456,0.0309,0.309,0.0,0.681,0.47,103.107,190.4,Angry/Intense,0,0,0,39083115,0.0,0.0,1.15,1.237885463,0,0
1077,Stone Sour,Through Glass,Come What(ever) May [10th Anniversary Edition],album,Stone Sour - Through Glass [OFFICIAL VIDEO],Roadrunner Records,Spotify,0.545,0.753,-4.618,0.036,0.0417,0.0,0.389,0.434,105.754,282.9,Angry/Intense,88674096,591072,22979,307631211,0.006925,0.006666,9.08,1.935732648,1,1
1078,Mc Paiva ZS,Nois É os Cara,Nois É os Cara,single,"NOIS É OS CARA - Gabb MC, MC Paiva, MC Kadu, e MC Lemos (Love Funk) DJ WN",Love Funk,Youtube,0.732,0.537,-2.839,0.336,0.631,0.0,0.168,0.765,113.251,248.0,Happy/Energetic,84888364,570863,4240,15540142,0.006775,0.006725,0.46,3.196428571,1,1
1079,The Kiboomers,Rock a Bye Baby,Baby Sleep Music,album,Rock a bye Baby - The Kiboomers Preschool Nursery Rhymes - Nap Time Song,The Kiboomers - Kids Music Channel,Youtube,0.435,0.0668,-25.339,0.044,0.924,0.00161,0.11,0.077,80.059,103.5,Sad/Mellow,50031019,25268,0,21455374,0.000505,0.000505,0.63,0.607272727,1,1
1080,Zedd,Beautiful Now,True Colors,album,Zedd - Beautiful Now ft. Jon Bellion (Official Music Video),ZEDDVEVO,Spotify,0.628,0.833,-4.126,0.0282,0.0079,1.48e-05,0.074,0.56,128.003,218.3,Happy/Energetic,211095129,1951726,45995,300184322,0.009464,0.009246,8.86,11.25675676,1,1
1081,Andrés Calamaro,Aunque no sea conmigo,Hijos del pueblo,album,Aunque no sea conmigo,Andrés Calamaro - Topic,Spotify,0.461,0.715,-6.246,0.0281,0.458,1.56e-05,0.719,0.455,86.09,212.6,Angry/Intense,1902044,16474,119,139132047,0.008724,0.008661,4.11,0.994436718,1,1
1082,Christopher von Uckermann,Baile de la Unidad,Sutil Universo,single,5. Christopher Von Uckermann - Baile de la Unidad (Audio Oficial),Christopher Von Uckermann,Spotify,0.571,0.703,-6.941,0.0916,0.0146,0.00123,0.106,0.369,98.0,154.7,Angry/Intense,17760,1027,77,96775,0.062162,0.057827,0.0,6.632075472,1,1
1083,Jubin Nautiyal,Dil Galti Kar Baitha Hai,Dil Galti Kar Baitha Hai,single,Dil Galti Kar Baitha Hai | Meet Bros Ft. Jubin Nautiyal | Mouni Roy | Manoj M | Ashish P | Bhushan K,T-Series,Youtube,0.612,0.78,-5.123,0.0814,0.0781,0.0,0.0593,0.554,92.059,273.3,Happy/Energetic,545408724,5986123,156578,39861245,0.011263,0.010975,1.18,13.153457,1,1
1084,Legião Urbana,Ainda É Cedo,Legião Urbana,album,Legião Urbana - Ainda É Cedo | Clipe,Heliomar Nascimento,Spotify,0.612,0.675,-10.39,0.0388,0.32,0.00093,0.0861,0.803,148.336,237.7,Happy/Energetic,53953,1961,137,46389775,0.038886,0.036346,1.37,7.839721254,0,0
1085,Redman,How High - Remix,How High,single,Method Man & Redman - How High Part 2 (Official Video),UPROXX Video,Youtube,0.816,0.841,-5.744,0.357,0.0395,1.4e-06,0.307,0.659,91.577,240.1,Happy/Energetic,25081830,191630,2717,20117129,0.007749,0.00764,0.59,2.739413681,0,0
1086,Aitana,Más De Lo Que Aposté,Más De Lo Que Aposté,single,"Aitana, Morat - Más De Lo Que Aposté",AitanaVEVO,Spotify,0.621,0.918,-3.01,0.0552,0.0754,0.0,0.13,0.834,151.988,205.0,Happy/Energetic,44343158,460610,11003,102347451,0.010636,0.010387,3.02,7.061538462,1,1
1087,NCT DREAM,Graduation,Candy - Winter Special Mini Album,single,NCT DREAM ??? ?? 'Graduation' Special Video,NCT DREAM,Spotify,0.4,0.663,-4.642,0.0712,0.426,0.0,0.141,0.41,169.772,237.1,Angry/Intense,2910703,337914,14303,5878579,0.121008,0.116094,0.17,4.70212766,1,1
1088,Ruth B.,Dandelions,Safe Haven,album,Ruth B. - Dandelions (Official Lyric Video),RuthBVEVO,Spotify,0.609,0.692,-2.958,0.0259,0.0157,0.0,0.0864,0.454,116.959,233.7,Angry/Intense,10037242,274954,4205,856614680,0.027812,0.027393,25.29,8.009259259,1,1
1089,Hardwell,Nothing Else Matters vs F*CKING SOCIETY - Hardwell Mashup,REBELS NEVER DIE (Deluxe Edition),album,Hardwell feat. Metallica - Nothing Else Matters vs F*CKING SOCIETY (Hardwell Mashup),Hardwell,Spotify,0.552,0.854,-6.389,0.0612,0.00109,0.85,0.836,0.0331,128.024,189.4,Angry/Intense,57973,3159,128,1906818,0.056699,0.054491,0.06,1.0215311,1,1
1090,HARDY,wait in the truck (feat. Lainey Wilson),the mockingbird & THE CROW,album,HARDY - wait in the truck (feat. Lainey Wilson) (Official Music Video),HARDYVEVO,Spotify,0.534,0.466,-6.98,0.0272,0.277,0.0,0.0979,0.23,140.0,277.7,Sad/Mellow,26683111,239052,9270,37249461,0.009306,0.008959,1.1,4.759959142,1,1
1091,Young Nudy,No Clue (feat. Lil Yachty),Nudy Land,album,"Young Nudy feat. Lil Yachty - ""No Clue"" OFFICIAL VERSION",StrictlyHits,Spotify,0.593,0.692,-10.082,0.483,0.169,0.0,0.1,0.708,131.07,209.6,Happy/Energetic,2392192,30946,405,16714708,0.013106,0.012936,0.49,6.92,1,1
1092,Amitabh Bhattacharya,Dance Ka Bhoot,Brahmastra (Original Motion Picture Soundtrack),album,Dance Ka Bhoot - Brahm?stra | Ranbir Kapoor | Alia Bhatt | Pritam | Arijit Singh | Amitabh B.,Sony Music India,Youtube,0.632,0.929,-5.297,0.128,0.0503,0.0,0.271,0.584,136.008,245.7,Happy/Energetic,63596476,544257,54606,24708296,0.009417,0.008558,0.73,3.42804428,1,1
1093,Alice In Chains,Nutshell,Jar Of Flies,album,Alice in Chains - Nutshell (Music Video),ChannelCoverTV,Spotify,0.384,0.561,-10.059,0.0296,0.373,0.253,0.0775,0.159,136.136,259.2,Angry/Intense,3762458,42620,2302,153621659,0.01194,0.011328,4.54,7.238709677,0,0
1094,Mike Perry,Told You So,Told You So,single,Mike Perry - Told You So (Ft. Orange Villa),Tropical House Records,Spotify,0.699,0.813,-4.177,0.112,0.0391,0.0,0.145,0.263,100.1,146.4,Angry/Intense,246066,5239,191,19333190,0.022067,0.021291,0.57,5.606896552,0,0
1095,Eyedress,Kiss Me Like It's the First Time,Let's Skip to the Wedding,album,EYEDRESS - KISS ME LIKE IT'S THE FIRST TIME (OFFICIAL VIDEO),EYEDRESS,Spotify,0.636,0.593,-10.269,0.0364,0.0755,0.859,0.0454,0.223,113.007,176.3,Angry/Intense,848380,27109,714,12139973,0.032795,0.031954,0.36,13.06167401,0,1
1096,Lil Peep,witchblades,CASTLES II,single,lil peep x lil tracy - witchblades (Official Video),Lil Peep,Spotify,0.634,0.54,-7.002,0.0777,0.0223,0.0,0.302,0.543,143.968,149.4,Happy/Energetic,253513571,2543685,87782,259222528,0.01038,0.010034,7.65,1.78807947,0,1
1097,Meghan Trainor,Lips Are Movin,Title (Deluxe),album,Meghan Trainor - Lips Are Movin (Official Music Video),MeghanTrainorVEVO,Youtube,0.775,0.825,-5.402,0.0464,0.0506,1.03e-06,0.111,0.95,139.091,182.7,Happy/Energetic,588338088,2573726,132274,384333791,0.004599,0.004375,11.35,7.432432432,1,1
1098,Benjamin Blümchen,Kapitel 01: Das große Gewitter (Folge 153),Folge 153: Das große Gewitter,album,Benjamin Blümchen - Das große Gewitter (Folge 153) | EXTRALANGE Hörprobe,Benjamin Blümchen TV,Spotify,0.517,0.451,-21.157,0.938,0.239,0.0,0.623,0.693,110.368,95.7,Calm/Positive,6583,62,0,68235,0.009418,0.009418,0.0,0.723916533,1,1
1099,Alessia Cara,Scars To Your Beautiful,Know-It-All,album,Alessia Cara - Scars To Your Beautiful (Official Video),AlessiaCaraVEVO,Spotify,0.573,0.739,-5.74,0.129,0.0285,0.0,0.111,0.451,97.085,230.2,Angry/Intense,130860083,2972328,88030,1162340580,0.023386,0.022714,34.32,6.657657658,1,1
1100,Código FN,Millennial,Corridos En Código,album,Código FN - Millennial (Video Oficial),CÓDIGO FN,Youtube,0.778,0.816,-5.886,0.081,0.327,0.0,0.147,0.845,100.086,164.4,Happy/Energetic,3834890,9137,130,3271859,0.002416,0.002383,0.1,5.551020408,0,0
1101,Black Sabbath,Heaven and Hell - 2008 Remaster,Heaven and Hell (2008 Remaster),album,Heaven and Hell,Black Sabbath - Topic,Youtube,0.329,0.673,-8.465,0.0296,0.0239,0.109,0.138,0.323,91.122,419.9,Angry/Intense,6179547,73778,122,0,0.011959,0.011939,0.0,4.876811594,1,1
1102,The Fray,Never Say Never,The Fray,album,The Fray - Never Say Never,thefrayVEVO,Spotify,0.23,0.492,-5.767,0.0317,0.568,8.18e-06,0.176,0.262,160.139,256.6,Sad/Mellow,54554358,369120,19482,206566798,0.007123,0.006766,6.1,2.795454545,1,1
1103,Rush,YYZ,Moving Pictures (2011 Remaster),album,Rush - YYZ,RushVEVO,Spotify,0.51,0.919,-8.244,0.0593,0.00205,0.809,0.068,0.386,141.053,265.8,Angry/Intense,1068982,40372,1845,41179962,0.039493,0.037767,1.22,13.51470588,1,1
1104,Ella Fitzgerald,Sleigh Ride,Ella Wishes You A Swinging Christmas (Expanded Edition),album,Ella Fitzgerald - Sleigh Ride (Official Video),EllaFitzgeraldVEVO,Spotify,0.508,0.287,-12.472,0.0523,0.764,0.0,0.153,0.644,154.759,176.0,Calm/Positive,554757,4589,88,130299557,0.008431,0.008272,3.85,1.875816993,1,1
1105,Milionário & José Rico,Estrada da vida,Volume 05 (Estrada da Vida),album,0,0,Spotify,0.501,0.374,-6.489,0.029,0.682,0.0,0.276,0.813,166.691,129.1,Calm/Positive,0,0,0,41086372,0.0,0.0,1.21,1.355072464,0,0
1106,Metallica,Nothing Else Matters (Remastered),Metallica (Remastered),album,Metallica: Nothing Else Matters (Official Music Video),Metallica,Youtube,0.547,0.394,-9.793,0.0262,0.0522,6.4e-06,0.0795,0.17,142.37,388.7,Sad/Mellow,1209806093,5127599,135946,0,0.004351,0.004238,0.0,4.955974843,1,1
1107,Los Rehenes,No Me Importa,Verdades Que Duelen,album,Los Rehenes - No Me Importa,LosRehenesVEVO,Youtube,0.695,0.595,-5.764,0.0341,0.345,8.91e-06,0.366,0.916,79.945,173.7,Happy/Energetic,63111715,139415,2652,16450731,0.002251,0.002209,0.49,1.62568306,1,1
1108,Mr.Kitty,Hold Me Down,Time,album,Mr.Kitty - Hold Me Down,the cinematic daydream,Spotify,0.468,0.51,-13.222,0.0335,0.00113,0.00525,0.0673,0.0396,134.99,236.7,Angry/Intense,4182,107,7,4552902,0.02726,0.025586,0.13,7.578008915,0,0
1109,Zion,Mi Error,Sauce Boyz,album,"Eladio Carrión, Zion - Mi Error (Video Oficial)",Eladio Carrion,Spotify,0.565,0.629,-5.516,0.0595,0.37,0.0,0.217,0.344,167.961,215.1,Angry/Intense,56893748,473850,4929,67716590,0.008415,0.008329,2.0,2.898617512,1,1
1110,Darlene Love,(Today I Met) The Boy I'm Gonna Marry,"Christmas (Baby, Please Come Home)",album,Darlene Love - (Today I Met) The Boy I'm Gonna Marry (Official Audio),DarleneLoveVEVO,Spotify,0.355,0.703,-5.847,0.0586,0.54,0.0645,0.911,0.607,100.878,166.1,Happy/Energetic,287435,3240,150,16964783,0.011794,0.011272,0.5,0.771679473,1,1
1111,A$AP Rocky,Potato Salad,Potato Salad,single,A$AP ROCKY X TYLER THE CREATOR - POTATO SALAD,ASAPROCKYUPTOWN,Spotify,0.538,0.612,-6.02,0.424,0.308,0.0,0.213,0.684,168.197,182.5,Happy/Energetic,65655617,883404,16705,223928278,0.01371,0.013455,6.61,2.873239437,0,0
1112,Tom Grennan,Don't Break the Heart,Evering Road (Special Edition),album,Tom Grennan - Don't Break the Heart (Official Video),TomGrennanVEVO,Spotify,0.726,0.827,-3.941,0.0341,0.029,0.0,0.223,0.479,123.003,229.1,Angry/Intense,10187087,63131,1613,49300008,0.006355,0.006197,1.46,3.708520179,1,1
1113,Río Roma,Todavía No Te Olvido (feat. Carlos Rivera),Eres la Persona Correcta en el Momento Equivocado (Deluxe Edition),album,Río Roma - Todavía No Te Olvido (Video Oficial) ft. Carlos Rivera,RioromaVEVO,Youtube,0.506,0.674,-4.546,0.0281,0.209,0.0,0.105,0.313,139.967,213.0,Angry/Intense,237322937,638293,13791,127217418,0.002748,0.00269,3.76,6.419047619,1,1
1114,Project Pat,North Memphis,Ghetty Green,album,Project Pat - North Memphis,Kelly K,Spotify,0.713,0.691,-8.794,0.304,0.00864,0.0,0.435,0.383,76.98,98.8,Angry/Intense,1332867,12396,589,5809633,0.009742,0.0093,0.17,1.588505747,0,0
1115,Los Cafres,Tus Ojos,Suena la Alarma,album,"Los Cafres - Tus ojos (DVD ""25 años"" Video oficial)",PopArt Discos,Youtube,0.853,0.48,-9.052,0.0512,0.0234,0.000618,0.0323,0.815,92.157,254.9,Calm/Positive,184879889,445351,6810,118676762,0.002446,0.002409,3.5,14.86068111,1,1
1116,Lisa Gerrard,"Gortoz A Ran - From ""Black Hawk Down""",Irvi,album,Lisa Gerrard & Denez Prigent - Gortoz A Ran,EnigmistaT,Spotify,0.123,0.136,-13.977,0.0412,0.931,0.00355,0.13,0.037,72.363,351.9,Sad/Mellow,1337410,17247,1077,20702028,0.013701,0.012896,0.61,1.046153846,0,0
1117,Bob Sinclar,Rock This Party - Everybody Dance Now,Rock This Party (Everybody Dance Now),single,Bob Sinclar - Rock This Party (Everybody Dance Now) [Official Music Video],Tommy Boy,Spotify,0.893,0.823,-3.708,0.122,0.0714,0.0,0.0509,0.902,128.009,245.5,Happy/Energetic,24336182,218714,2555,85941513,0.009092,0.008987,2.54,16.16895874,0,0
1118,Palak Muchhal,O Khuda,Hero,compilation,"O Khuda FULL VIDEO Song - Amaal Mallik | Hero | Sooraj Pancholi, Athiya Shetty | T-Series",T-Series,Youtube,0.358,0.479,-5.879,0.0286,0.511,9.72e-06,0.435,0.333,121.467,307.5,Sad/Mellow,72265344,705784,15324,23376678,0.009979,0.009767,0.69,1.101149425,1,1
1119,Vishal Dadlani,Desi Girl,Dostana (Original Motion Picture Soundtrack),single,"Desi Girl Full Video - Dostana|John,Abhishek,Priyanka|Sunidhi Chauhan, Vishal Dadlani",SonyMusicIndiaVEVO,Youtube,0.746,0.924,-6.057,0.0442,0.0169,0.00279,0.097,0.807,136.051,307.0,Happy/Energetic,93946617,516968,10319,32703723,0.005613,0.005503,0.97,9.525773196,1,1
1120,Tony Dize,Solos,"La Melodia de la Calle ""Updated""",album,Tony Dize Ft Plan B - Solos (Video Oficial) HD,PlanBOficial,Youtube,0.73,0.706,-5.274,0.0802,0.518,0.0,0.361,0.935,83.962,188.8,Happy/Energetic,3195,55,1,0,0.017527,0.017214,0.0,1.95567867,0,0
1121,IVE,After LIKE - Holiday Remix,Spotify Singles - Holiday,single,IVE(???) - After LIKE(Holiday Remix),???,Spotify,0.785,0.904,-1.838,0.0388,0.0372,4.92e-06,0.147,0.58,125.005,172.4,Happy/Energetic,12178,245,4,1877054,0.020447,0.020118,0.06,6.149659864,0,0
1122,Aya Nakamura,Djadja (feat. Maluma) - Remix,NAKAMURA (Deluxe Edition),album,AYA NAKAMURA feat. MALUMA – DJADJA Remix (Music Video),Dreamer,Spotify,0.791,0.682,-7.328,0.158,0.175,0.0,0.0926,0.672,98.031,166.9,Happy/Energetic,22929359,264846,2512,333547467,0.01166,0.011551,9.85,7.365010799,0,0
1123,Sade,No Ordinary Love,Love Deluxe,album,Sade - No Ordinary Love - Official - 1992,SadeVEVO,Youtube,0.629,0.364,-12.259,0.038,0.467,0.0204,0.0941,0.701,166.266,440.5,Calm/Positive,142751443,882395,27852,137801079,0.006376,0.006181,4.07,3.868225292,1,1
1124,Paul McCartney,Another Day - 2012 Remaster,Ram (Archive Collection),album,Another Day (2012 Remaster),Paul McCartney - Topic,Spotify,0.701,0.335,-13.534,0.034,0.293,0.00845,0.0872,0.824,122.239,222.5,Calm/Positive,7508,141,1,24754190,0.018913,0.01878,0.73,3.841743119,1,1
1125,The Mamas & The Papas,Go Where You Wanna Go,If You Can Believe Your Eyes & Ears,album,The Mamas & The Papas - California Dreamin',Folk Experience,Youtube,0.238,0.557,-10.066,0.033,0.237,0.0,0.336,0.635,209.953,149.5,Happy/Energetic,312226510,1678392,64523,8675994,0.005582,0.005376,0.26,1.657738095,0,0
1126,Eros Ramazzotti,Fuego en el Fuego,Estilolibre (Spanish Version),album,Eros Ramazzotti - Fuego en el Fuego (Official Video),ErosRamazzottiVEVO,Spotify,0.796,0.856,-3.851,0.0286,0.14,0.0,0.0912,0.961,126.987,240.9,Happy/Energetic,29739298,78738,2856,33460667,0.002744,0.002648,0.99,9.385964912,1,1
1127,Lil Wayne,Scared of the Dark (feat. XXXTENTACION),Spider-Man: Into the Spider-Verse (Soundtrack From & Inspired by the Motion Picture),compilation,"Lil Wayne, XXXTENTACION & Ty Dolla $ign - Scared of the Dark [Traduzione Italiana]",DistrictMusic,Spotify,0.443,0.623,-6.717,0.0718,0.0468,0.0,0.247,0.156,79.365,233.0,Angry/Intense,7163,256,8,205327632,0.036856,0.035739,6.06,2.522267206,0,0
1128,Ramin Djawadi,The Power of Prophecy,House of the Dragon: Season 1 (Soundtrack from the HBO® Series),album,House of the Dragon Soundtrack | The Power of Prophecy - Ramin Djawadi | WaterTower,WaterTower Music,Spotify,0.171,0.277,-20.228,0.04,0.778,0.872,0.103,0.0341,84.004,156.4,Sad/Mellow,268849,6217,196,1913119,0.023854,0.023125,0.06,2.689320388,1,1
1129,INXS,Disappear,X,album,INXS - Disappear,INXS,Spotify,0.645,0.88,-3.403,0.0329,0.0242,2.04e-06,0.0978,0.834,125.418,250.1,Happy/Energetic,26056701,127183,5372,30732096,0.005087,0.004881,0.91,8.99795501,0,1
1130,Maneva,Êxodo,Tempo de Paz,album,Maneva - Êxodo (Ao Vivo Em São Paulo) ft. Zeider,ManevaVEVO,Spotify,0.752,0.477,-9.455,0.0384,0.531,0.000683,0.25,0.664,139.905,171.1,Calm/Positive,5031894,29250,410,19081757,0.005894,0.005813,0.56,1.908,1,1
1131,Polo G,RAPSTAR,Hall of Fame,album,Polo G - RAPSTAR (Official Video),PoloGVEVO,Spotify,0.789,0.536,-6.862,0.242,0.41,0.0,0.129,0.437,81.039,165.9,Angry/Intense,188516213,2422299,135160,720921513,0.013566,0.012849,21.29,4.15503876,1,1
1132,Dr. Dre,Xxplosive,2001,album,Dr.Dre - Xxplosive,UrbanMusicSource,Spotify,0.765,0.88,-4.361,0.116,0.176,1e-05,0.139,0.929,168.96,215.2,Happy/Energetic,12036263,87956,1342,196936815,0.007419,0.007308,5.82,6.330935252,0,0
1133,Jhayco,No Me Conoce - Remix,Famouz,album,"Jhay Cortez, J. Balvin, Bad Bunny - No Me Conoce (Remix)",JhayCortezVEVO,Youtube,0.804,0.787,-3.824,0.0746,0.14,0.0,0.0927,0.562,91.974,309.1,Happy/Energetic,1979059865,5920550,107535,1067735521,0.003046,0.002992,31.53,8.489751888,1,1
1134,Trippie Redd,KRZY TRAIN (feat. Travis Scott),MANSION MUSIK,album,Trippie Redd – KRZY TRAIN Feat. Travis Scott (Official Audio),Trippie Redd,Spotify,0.579,0.725,-4.841,0.0547,0.00224,0.0,0.263,0.353,170.144,230.1,Angry/Intense,487177,19232,1423,4986873,0.042397,0.039476,0.15,2.756653992,0,1
1135,John Mellencamp,Hurts So Good,American Fool,album,John Mellencamp - Hurts So Good,JohnMellencampVEVO,Spotify,0.785,0.737,-5.306,0.0363,0.042,0.000107,0.108,0.971,125.447,219.0,Happy/Energetic,30967013,205955,5239,187624549,0.00682,0.006651,5.54,6.824074074,1,1
1136,Dove Cameron,Rotten to the Core,Descendants (Original TV Movie Soundtrack),compilation,Descendants Cast - Rotten to the Core (from Descendants) (Official Video),DisneyMusicVEVO,Youtube,0.693,0.808,-6.231,0.093,0.0506,1.18e-06,0.578,0.547,127.945,162.1,Happy/Energetic,429328244,2358103,119392,83675161,0.005771,0.005493,2.47,1.397923875,1,1
1137,Boston,Amanda,Third Stage,album,Boston   Amanda video audio edited & remastered HQ,Mauricio batista de queiroz,Spotify,0.449,0.424,-14.06,0.0323,0.32,1.69e-06,0.107,0.259,125.494,256.2,Sad/Mellow,869601,9246,569,75931662,0.011287,0.010632,2.24,3.962616822,0,0
1138,Pyotr Ilyich Tchaikovsky,"Tchaikovsky: The Nutcracker, Op. 71, Act II: No. 13, Waltz of the Flowers",Tchaikovsky: The Nutcracker,album,"The Nutcracker, Op. 71, Act II: No. 13, Waltz of the Flowers",Sir Simon Rattle - Topic,Spotify,0.149,0.128,-20.459,0.0462,0.944,0.928,0.0703,0.113,47.362,415.8,Sad/Mellow,280313,6070,19,37112679,0.021722,0.021654,1.1,1.820768137,1,1
1139,Angèle,Flou,Brol,album,Angèle - Flou [CLIP OFFICIEL],Angèle,Spotify,0.682,0.52,-9.623,0.0589,0.697,5.44e-06,0.265,0.468,112.965,196.9,Angry/Intense,31552191,387200,10049,66887333,0.01259,0.012272,1.98,1.962264151,0,1
1140,Mau y Ricky,La Boca - Remix,La Boca (Remix),single,"Mau y Ricky, Camilo, Lunay - La Boca (Remix - Audio)",MauyRickyVEVO,Spotify,0.691,0.773,-3.812,0.0355,0.236,0.0,0.329,0.85,92.992,188.5,Happy/Energetic,41207364,271297,4431,217045259,0.006691,0.006584,6.41,2.349544073,1,1
1141,YNW Melly,772 Love,772 Love,single,YNW Melly - 772 Love (Official Music Video) (Shot by @Drewfilmedit),YNW Melly,Spotify,0.676,0.623,-7.297,0.0352,0.226,1.66e-05,0.159,0.347,111.466,209.5,Angry/Intense,50059640,404782,10631,235110757,0.008298,0.008086,6.94,3.918238994,1,1
1142,LANY,dancing in the kitchen,gg bb xx,album,LANY - dancing in the kitchen (official video),LANY,Spotify,0.646,0.736,-7.658,0.0396,0.0334,0.0,0.0807,0.28,94.024,208.8,Angry/Intense,5764438,111301,4281,107095994,0.020051,0.019308,3.16,9.120198265,0,1
1143,Gwen Stefani,You Make It Feel Like Christmas (feat. Blake Shelton),You Make It Feel Like Christmas,album,Gwen Stefani - You Make It Feel Like Christmas ft. Blake Shelton,GwenStefaniVEVO,Spotify,0.635,0.87,-4.291,0.04,0.0152,0.0,0.118,0.912,92.999,156.8,Happy/Energetic,24611601,177464,5663,179799559,0.007441,0.007211,5.31,7.372881356,1,1
1144,CRO,Bad Chick,Melodie,album,CRO - Bad Chick (Official Version),Chimperator Channel,Spotify,0.775,0.684,-3.23,0.069,0.223,0.0,0.647,0.599,102.029,217.3,Happy/Energetic,46814185,311404,10465,77490198,0.006875,0.006652,2.29,1.057187017,1,1
1145,Jhené Aiko,Sativa,Trip,album,Jhené Aiko - Sativa ft. Rae Sremmurd,JheneAikoVEVO,Spotify,0.741,0.61,-7.34,0.0511,0.316,0.0,0.534,0.72,125.99,277.0,Happy/Energetic,300355444,1413058,25918,310187797,0.004791,0.004705,9.16,1.142322097,1,1
1146,Cavetown,Meteor Shower,Cavetown,album,Meteor Shower,Cavetown - Topic,Spotify,0.512,0.488,-10.31,0.0328,0.428,5.1e-05,0.109,0.141,170.017,265.0,Sad/Mellow,14167793,188760,340,77547527,0.013347,0.013323,2.29,4.47706422,1,1
1147,Little Big Town,Day Drinking,Pain Killer,album,Little Big Town - Day Drinking (Official Music Video),LittleBigTownVEVO,Spotify,0.591,0.959,-2.515,0.057,0.103,0.0,0.779,0.86,163.883,178.8,Happy/Energetic,17012920,74029,1288,62871959,0.004427,0.004351,1.86,1.231065469,1,1
1148,Luis R Conriquez,Malas Rachas,Malas Rachas,single,Malas Rachas - Luis R Conriquez ft Dareyes Ft Tony Aguirre ( 2022),ARD Records,Spotify,0.7,0.799,-4.185,0.0392,0.246,0.0,0.124,0.79,119.295,260.3,Happy/Energetic,158917,1481,13,8678433,0.009401,0.009319,0.26,6.443548387,0,0
1149,A$AP Ferg,"Runnin (with A$AP Rocky, A$AP Ferg & Nicki Minaj)",Creed II: The Album,album,0,0,Spotify,0.545,0.975,-3.193,0.454,0.17,0.0,0.145,0.609,123.906,131.7,Happy/Energetic,0,0,0,85351783,0.0,0.0,2.52,6.724137931,0,0
1150,Sasha Alex Sloan,House With No Mirrors,Only Child,album,Sasha Alex Sloan - House With No Mirrors (Official Video),SashaSloanVEVO,Spotify,0.72,0.408,-11.725,0.0498,0.832,2.61e-06,0.0992,0.341,121.972,227.6,Sad/Mellow,6852542,156605,3119,37753783,0.023309,0.022854,1.11,4.112903226,1,1
1151,D-Block Europe,Make You Smile,Home Alone 2,album,D-Block Europe - Make You Smile ft. @ajtracey  (Official Music Video),D Block Europe TV,Spotify,0.839,0.809,-6.509,0.196,0.578,0.0,0.0896,0.63,130.037,179.3,Happy/Energetic,10334627,68605,1317,53765309,0.006766,0.006638,1.59,9.029017857,0,0
1152,The Outfield,All the Love in the World,Play Deep,album,The Outfield - All The Love In The World,TheOutfieldVEVO,Youtube,0.624,0.531,-13.23,0.0408,0.0403,1.21e-06,0.0914,0.743,128.08,212.2,Happy/Energetic,93702243,543258,10843,91276791,0.005913,0.005798,2.7,5.809628009,1,1
1153,Eladio Carrion,Sin Frenos,Sauce Boyz 2,album,"Eladio Carrión Ft. Bizarrap, Duki - Sin Frenos (Video Oficial)",Eladio Carrion,Spotify,0.657,0.702,-7.667,0.0482,0.0723,0.0,0.188,0.75,145.022,211.4,Happy/Energetic,23061352,378032,6231,78225518,0.016663,0.016392,2.31,3.734042553,1,1
1154,Sub Focus,Ready To Fly - Sub Focus & Dimension,Ready To Fly (Sub Focus & Dimension),single,Sub Focus & Dimension - Ready To Fly,UKF Drum & Bass,Spotify,0.485,0.969,-0.517,0.0561,0.0485,0.664,0.192,0.448,173.941,204.5,Angry/Intense,1442105,19357,607,10258035,0.013844,0.013423,0.3,5.046875,0,0
1155,George Harrison,All Things Must Pass - Remastered 2014,All Things Must Pass (Remastered 2014),album,George Harrison - All Things Must Pass (2020 Mix / Audio),GeorgeHarrisonVEVO,Spotify,0.513,0.569,-8.278,0.029,0.468,0.00134,0.111,0.441,122.676,226.9,Angry/Intense,1714293,29947,2300,32360983,0.018811,0.017469,0.96,5.126126126,0,0
1156,Freshlyground,I'd Like,Nomvula,album,Freshlyground - I'd Like,freshlygroundVEVO,Youtube,0.577,0.195,-9.358,0.0294,0.805,4.33e-05,0.102,0.113,138.143,382.2,Sad/Mellow,1849605,23210,1572,1543720,0.013399,0.012549,0.05,1.911764706,1,1
1157,Danny Ocean,Dembow,54+1,album,Danny Ocean - Dembow (Official Music Video),Danny Ocean,Spotify,0.802,0.744,-5.968,0.078,0.0807,0.0,0.0917,0.45,99.983,215.1,Angry/Intense,133977481,809507,13935,456703145,0.006146,0.006042,13.49,8.113413304,1,1
1158,Bebe Rexha,I'm a Mess,Expectations,album,Bebe Rexha - I'm A Mess [Official Music Video],Bebe Rexha,Spotify,0.63,0.694,-6.257,0.0253,0.00281,0.0,0.0719,0.216,97.005,195.5,Angry/Intense,412514580,3681859,97798,597092194,0.009162,0.008925,17.63,9.652294854,1,1
1159,Eden Muñoz,Consejos Gratis,Consejos Gratis,album,Eden Muñoz - Consejos Gratis (Video Oficial),Eden Muñoz,Spotify,0.559,0.574,-7.77,0.0463,0.426,6.85e-06,0.0762,0.969,192.505,142.7,Happy/Energetic,6622129,68729,458,13405056,0.010448,0.010379,0.4,7.532808399,1,1
1160,Dilsinho,Color Esperanza 2020,Color Esperanza 2020,single,Color Esperanza 2020 - Various Artists (Official Video),Latin Waves,Spotify,0.591,0.785,-7.768,0.161,0.161,0.0,0.126,0.785,106.002,217.5,Happy/Energetic,24706333,557112,17598,89466323,0.023262,0.022549,2.64,6.23015873,0,0
1161,P!nk,What About Us,Beautiful Trauma,album,P!NK - What About Us (Official Video),PinkVEVO,Spotify,0.491,0.588,-6.177,0.0506,0.0281,2.01e-06,0.0906,0.193,113.608,269.6,Angry/Intense,339837769,1819636,38357,662431775,0.005467,0.005354,19.56,6.490066225,1,1
1162,Fall Out Boy,Summer Days (feat. Macklemore & Patrick Stump of Fall Out Boy),Summer Days (feat. Macklemore & Patrick Stump of Fall Out Boy),single,Martin Garrix feat. Macklemore & Patrick Stump of Fall Out Boy - Summer Days (Lyric Video),Martin Garrix,Spotify,0.661,0.723,-6.976,0.0566,0.179,1.23e-05,0.14,0.316,113.778,163.8,Angry/Intense,34352258,402701,6753,569454156,0.011919,0.011723,16.82,5.164285714,0,1
1163,BTS,Dreamers [Music from the FIFA World Cup Qatar 2022 Official Soundtrack],Dreamers [Music from the FIFA World Cup Qatar 2022 Official Soundtrack],single,?? Jung Kook (of BTS) featuring Fahad Al Kubaisi - Dreamers | FIFA World Cup 2022 Soundtrack,FIFA,Spotify,0.71,0.879,-4.218,0.0422,0.158,0.00142,0.439,0.341,114.993,201.4,Angry/Intense,123735277,4676568,226196,154428184,0.039623,0.037795,4.56,2.002277904,0,1
1164,Chris Isaak,Baby Did A Bad Bad Thing,Forever Blue,album,Baby Did a Bad Bad Thing - Official Music Video,Chris Isaak,Spotify,0.568,0.444,-10.815,0.0696,0.345,0.00052,0.113,0.592,152.712,174.5,Calm/Positive,4904247,48704,1013,32537942,0.010138,0.009931,0.96,3.92920354,0,1
1165,Richard Marx,Should've Known Better,Richard Marx,album,Richard Marx - Should've Known Better (Official Video),Richard Marx,Spotify,0.548,0.704,-13.061,0.0402,0.0751,0.00051,0.0463,0.682,169.119,250.2,Happy/Energetic,4481713,35499,1741,13283264,0.008309,0.007921,0.39,15.20518359,0,1
1166,Lloyd,Slow Wine Bass Line (feat. Teddy Riley),Slow Wine Bass Line (feat. Teddy Riley),single,Lloyd - Slow Wine Bass Line (Official Video) ft. Teddy Riley,LloydVEVO,Youtube,0.56,0.671,-8.125,0.0491,0.153,0.0,0.244,0.555,118.933,273.3,Happy/Energetic,14145027,159932,5338,4523002,0.011684,0.011307,0.13,2.75,1,1
1167,Andrea Bocelli,Musica è,Eros (Spanish Version),album,Andrea Bocelli - Musica E' (feat. Eros Ramazzotti),Akram Sheira,Spotify,0.496,0.359,-8.834,0.0356,0.449,6.38e-05,0.149,0.13,125.168,584.6,Sad/Mellow,7057075,32635,1314,30776596,0.004811,0.004624,0.91,2.409395973,0,0
1168,Hillsong Worship,Still - Live,Ultimate Worship: Hillsong (Live),album,Still - Hillsong Worship,Hillsong Worship,Youtube,0.386,0.457,-6.774,0.0301,0.324,0.0,0.0956,0.166,139.679,320.5,Sad/Mellow,8929201,56369,2148,0,0.006553,0.006313,0.0,4.780334728,1,1
1169,Saindhavi,Vinmeen,Thegidi (Original Motion Picture Soundtrack),album,vinmeen vithaiyil song sing by saindhavi from thegidi movie,Gv Prakash Saindhavi,Spotify,0.713,0.534,-7.622,0.0447,0.113,1.35e-05,0.0952,0.285,100.01,296.9,Angry/Intense,9086,390,27,7758824,0.045895,0.042923,0.23,5.609243697,0,0
1170,Simon & Garfunkel,Homeward Bound,"Parsley, Sage, Rosemary And Thyme",album,0,0,Spotify,0.485,0.378,-11.773,0.0337,0.831,0.0,0.103,0.528,92.928,149.6,Calm/Positive,0,0,0,91579617,0.0,0.0,2.7,3.669902913,0,0
1171,SZA,Snooze,SOS,album,SZA - Snooze (Lyric Video),SZAVEVO,Spotify,0.559,0.551,-7.231,0.132,0.141,0.0,0.11,0.392,143.008,201.8,Angry/Intense,2998379,38688,444,80147750,0.013051,0.012903,2.37,5.009090909,1,1
1172,Burl Ives,It Came Upon A Midnight Clear,Christmas Day In The Morning (Expanded Edition),album,Burl Ives - It Came Upon a Midnight Clear,Santa Claus is Coming. Again. Xmas time,Spotify,0.367,0.215,-12.271,0.0377,0.859,0.0,0.138,0.343,93.406,127.8,Sad/Mellow,7757,181,22,2078453,0.02617,0.023334,0.06,1.557971014,0,0
1173,Dierks Bentley,I Hold On,RISER,album,Dierks Bentley - I Hold On,DierksBentleyVEVO,Spotify,0.614,0.715,-6.451,0.0445,0.0849,0.000316,0.102,0.231,117.956,279.5,Angry/Intense,35375508,152951,3737,81340964,0.004429,0.004324,2.4,7.009803922,1,1
1174,Akon,"Sorry, Blame It On Me",Konvicted (Complete Edition),album,"Akon - Sorry, Blame It On Me (Official Music Video)",AkonVEVO,Youtube,0.716,0.698,-6.456,0.239,0.102,0.0,0.0728,0.569,176.012,295.7,Happy/Energetic,382592398,1915455,63429,140802659,0.005172,0.005007,4.16,9.587912088,1,1
1175,Jonas Brothers,I Need You Christmas,I Need You Christmas,single,Jonas Brothers - I Need You Christmas (Official Lyric Video),Jonas Brothers,Spotify,0.359,0.497,-6.244,0.0288,0.637,0.0,0.105,0.169,99.186,206.1,Sad/Mellow,1162605,51211,0,45948796,0.044048,0.044048,1.36,4.733333333,0,1
1176,Lindsey Stirling,Shatter Me Featuring Lzzy Hale,Shatter Me,album,Lindsey Stirling - Shatter Me ft. Lzzy Hale (Official Music Video),Lindsey Stirling,Youtube,0.483,0.947,-3.018,0.0594,0.000742,0.0,0.14,0.347,144.948,280.8,Angry/Intense,137018761,1489798,36291,0,0.011138,0.010873,0.0,6.764285714,1,1
1177,Bullet For My Valentine,Tears Don't Fall,The Poison,album,Bullet For My Valentine - Tears Don't Fall (Official Video),bulletvalentineVEVO,Spotify,0.213,0.927,-3.378,0.14,0.000729,4.85e-06,0.081,0.28,162.109,348.4,Angry/Intense,220450203,1412281,56830,262364688,0.006664,0.006406,7.75,11.44444444,1,1
1178,The Smiths,Panic - 2011 Remaster,Louder Than Bombs,compilation,The Smiths - Panic (Official Music Video),The Smiths,Spotify,0.53,0.861,-4.67,0.0372,0.0175,0.0177,0.0857,0.844,130.476,140.5,Happy/Energetic,14685008,88991,4828,69112639,0.006389,0.00606,2.04,10.04667445,1,1
1179,Sofía Reyes,24-Jul,Mal De Amores,album,Sofia Reyes - 24/7 (feat. The Change),Sofia Reyes,Spotify,0.713,0.601,-6.986,0.302,0.118,0.0,0.0931,0.72,172.045,190.8,Happy/Energetic,481118,13006,308,10097187,0.027673,0.027033,0.3,6.455424275,1,1
1180,Guilherme & Benuto,A Farra Vem Até Mim - Ao Vivo,A Farra Vem Até Mim (Ao Vivo),single,0,0,Spotify,0.656,0.812,-4.703,0.161,0.615,0.0,0.702,0.797,120.089,155.0,Happy/Energetic,0,0,0,3796209,0.0,0.0,0.11,1.156695157,0,0
1181,Hozier,Someone New,Hozier (Expanded Edition),album,Hozier - Someone New,HozierVEVO,Spotify,0.443,0.533,-5.956,0.0473,0.429,3.66e-06,0.332,0.596,183.791,222.8,Happy/Energetic,90064710,543504,8881,375319806,0.006133,0.006035,11.08,1.605421687,1,1
1182,Pedro Capó,Sin Haber Dormido,Sin Haber Dormido,single,"Luciano Pereyra, Pedro Capó - Sin Haber Dormido",LucianoPereyraVEVO,Spotify,0.567,0.699,-3.473,0.111,0.145,0.0,0.157,0.277,179.958,187.6,Angry/Intense,536133,12949,366,665847,0.024835,0.024153,0.02,4.452229299,1,1
1183,Guns N' Roses,Sweet Child O' Mine,Appetite For Destruction,album,Guns N' Roses - Sweet Child O' Mine (Official Music Video),GunsNRosesVEVO,Youtube,0.446,0.952,-5.321,0.0523,0.0901,0.0857,0.112,0.624,125.303,356.1,Happy/Energetic,1479702797,7392749,231100,1397611294,0.005152,0.004996,41.27,8.5,1,1
1184,Nakash Aziz,"Ra Ra Rakkamma (From ""Vikrant Rona"")","Ra Ra Rakkamma (From ""Vikrant Rona"")",single,Ra Ra Rakkamma Full Video Song [Kannada] | Vikrant Rona | Kichcha Sudeep | Jacqueline Fernandez|Anup,Lahari Music | T-Series,Youtube,0.832,0.962,-5.859,0.0959,0.517,0.00239,0.0857,0.359,130.006,218.4,Angry/Intense,48836788,397705,4519,17554316,0.008236,0.008144,0.52,11.2252042,1,1
1185,Eden Muñoz,Oficialmente en Soltería,Consejos Gratis,album,Eden Muñoz - Oficialmente en Soltería (Video Oficial),Eden Muñoz,Spotify,0.784,0.551,-8.697,0.0448,0.508,0.0,0.0596,0.926,106.987,122.2,Happy/Energetic,7800352,64159,986,18235423,0.008352,0.008225,0.54,9.244966443,1,1
1186,Cássia Eller,Luz Dos Olhos - Ao Vivo,Cássia Eller Em Casa,compilation,Luz dos Olhos Cassia Eller MTV ao vivo,Bismarck Menezes,Spotify,0.496,0.766,-7.515,0.0401,0.628,3.88e-06,0.797,0.306,97.027,249.9,Angry/Intense,763883,11707,373,22258107,0.015814,0.015326,0.66,0.961104141,0,0
1187,K. J. Yesudas,En Iniya Pon Nilave Pon,Moodu Pani (Original Motion Picture Soundtrack),album,"En Iniya Pon Nilave HD Improvised version   Moodu Pani   Ilayaraja, K J Yesudas flv",Aravind Iceskater,Spotify,0.466,0.526,-6.535,0.0489,0.958,0.204,0.0419,0.597,148.73,258.4,Happy/Energetic,7043571,32431,2537,7334520,0.004965,0.004604,0.22,12.55369928,0,0
1188,Jesús Adrián Romero,Sumérgeme,Colección Adoración,album,"Sumérgeme ""Jesús Adrián Romero (Letra)",CDO,Youtube,0.492,0.51,-9.141,0.0366,0.623,0.0,0.967,0.199,90.306,327.7,Angry/Intense,336012357,1100351,34653,96653754,0.003378,0.003275,2.85,0.527404343,0,0
1189,Dominic Fike,3 Nights,"Don't Forget About Me, Demos",album,Dominic Fike - 3 Nights (Official Video),DominicFikeVEVO,Spotify,0.815,0.518,-6.594,0.0897,0.223,0.0,0.104,0.877,151.891,177.7,Happy/Energetic,44911023,563950,11691,800582477,0.012817,0.012557,23.64,4.980769231,1,1
1190,XXXTENTACION,changes,?,album,XXXTENTACION - changes (Official Music Video),EU Clique,Spotify,0.669,0.308,-10.068,0.029,0.883,0.0,0.0984,0.52,64.934,121.9,Calm/Positive,3578932,109960,0,1212441344,0.030724,0.030724,35.8,3.130081301,0,0
1191,Rochak Kohli,"Ek Ladki Ko Dekha Toh Aisa Laga (From ""Ek Ladki Ko Dekha Toh Aisa Laga"")","Ek Ladki Ko Dekha Toh Aisa Laga (From ""Ek Ladki Ko Dekha Toh Aisa Laga"") - Single",single,Ek Ladki Ko Dekha Toh Aisa Laga | Title Song | Anil | Sonam | Rajkummar Rao | Juhi | Darshan |Rochak,Saregama Music,Youtube,0.537,0.604,-7.576,0.054,0.757,0.0,0.322,0.41,173.915,155.2,Angry/Intense,74620566,716624,13822,48038940,0.009789,0.009604,1.42,1.875776398,0,0
1192,The Prodigy,No Good (Start the Dance),Music for the Jilted Generation,album,The Prodigy - No Good (Start The Dance) (Official Video),The Prodigy,Youtube,0.642,0.996,-4.343,0.0557,0.00662,0.75,0.181,0.161,144.993,379.9,Angry/Intense,49424149,297075,12169,33337273,0.006257,0.006011,0.98,5.502762431,0,1
1193,Idina Menzel,"Defying Gravity - From ""Wicked"" Original Broadway Cast Recording/2003",Wicked,compilation,"Defying Gravity (From ""Wicked"" Original Broadway Cast Recording/2003)",Kristin Chenoweth - Topic,Spotify,0.333,0.377,-8.282,0.0343,0.722,0.0,0.0333,0.245,87.613,353.9,Sad/Mellow,11527824,83983,598,123331650,0.007337,0.007285,3.64,11.32132132,1,1
1194,Fugees,Fu-Gee-La,The Score (Expanded Edition),album,Fugees - Fu-Gee-La (Official HD Video),TheFugeesVEVO,Spotify,0.681,0.505,-11.709,0.138,0.137,0.0,0.234,0.399,89.953,260.1,Angry/Intense,70572997,473024,8645,126371223,0.006825,0.006703,3.73,2.158119658,1,1
1195,Redimi2,Bye Bye (feat. Oveja Cósmica),UNO,album,Funky x Alex Zurdo x Redimi2 Ft Dahian (La Oveja Cósmica) - Bye Bye #ByeBye???? #UNO,Funky,Youtube,0.836,0.851,-3.308,0.168,0.177,0.0,0.0588,0.766,95.009,253.9,Happy/Energetic,48304642,407408,14047,11067855,0.008725,0.008434,0.33,14.47278912,1,1
1196,Fito Paez,Dar es dar,Euforia,album,Fito Paez - Dar Es Dar (Official Video),FitoPaezVEVO,Spotify,0.654,0.869,-8.333,0.0864,0.509,0.0,0.948,0.435,110.632,188.1,Angry/Intense,112469,1113,23,11831045,0.010101,0.009896,0.35,0.916666667,1,1
1197,E-40,"Big Subwoofer (feat. Snoop Dogg, Ice Cube, E-40 & Too $hort ) - Single Version",Big Subwoofer,single,MOUNT WESTMORE – Big Subwoofer (Official Music Video),SnoopDoggTV,Youtube,0.92,0.549,-5.912,0.257,0.0262,3.1e-06,0.196,0.709,90.004,241.6,Happy/Energetic,29491746,485395,18232,17541227,0.017077,0.016459,0.52,2.801020408,0,0
1198,Lykke Li,I Follow Rivers - The Magician Remix,Wounded Rhymes (Anniversary Edition),album,Lykke Li - I Follow Rivers - Magician Remix [Music Video],officialsinsico,Spotify,0.785,0.7,-5.81,0.0406,0.0179,0.00251,0.0823,0.296,122.031,279.6,Angry/Intense,4751301,50245,1293,433478010,0.010847,0.010575,12.8,8.505467801,0,0
1199,Måneskin,I WANNA BE YOUR SLAVE,Teatro d'ira - Vol. I,album,Måneskin - I WANNA BE YOUR SLAVE (Official Video),ManeskinVEVO,Spotify,0.75,0.608,-4.008,0.0387,0.00165,0.0,0.178,0.958,132.507,173.3,Happy/Energetic,97644772,2781887,91183,755704919,0.029424,0.02849,22.32,3.415730337,1,1
1200,José Alfredo Jimenez,Que Te Vaya Bonito,Que Te Vaya Bonito,album,Jose Alfredo Jimenez - Que te vaya bonito,Mowgly Esparza,Spotify,0.473,0.257,-16.107,0.0524,0.623,8.68e-06,0.0727,0.806,133.577,159.3,Calm/Positive,24260383,51408,1884,25015981,0.002197,0.002119,0.74,3.535075653,0,0
1201,Stephen Sanchez,I Want You,"What Was, Not Now",single,Stephen Sanchez - I Want You,StephenSanchezVEVO,Spotify,0.499,0.313,-9.689,0.0288,0.815,0.0,0.103,0.233,125.991,210.5,Sad/Mellow,1262726,33315,668,6799735,0.026912,0.026383,0.2,3.038834951,1,1
1202,The Who,I Can't Explain - Stereo Version,My Generation (Stereo Version),album,The Who - I Can't Explain,TheWhoVEVO,Youtube,0.607,0.783,-8.391,0.0505,0.0409,0.0,0.0461,0.843,138.825,126.0,Happy/Energetic,12341326,68775,3478,6830661,0.005855,0.005573,0.2,16.98481562,1,1
1203,Wiz Khalifa,See You Again (feat. Charlie Puth),See You Again (feat. Charlie Puth),single,Wiz Khalifa - See You Again ft. Charlie Puth [Official Video] Furious 7 Soundtrack,Wiz Khalifa Music,Youtube,0.689,0.481,-7.503,0.0815,0.369,1.03e-06,0.0649,0.283,80.025,229.5,Sad/Mellow,5773797147,40147618,2127345,1521254554,0.007322,0.006953,44.92,7.411402157,1,1
1204,WIU,Angelina,Manual de Como Amar Errado,album,WIU - Angelina,30PRAUM,Spotify,0.861,0.704,-5.046,0.149,0.048,0.0,0.102,0.404,97.055,195.5,Angry/Intense,1867254,66276,1482,4079030,0.036288,0.035494,0.12,6.901960784,0,0
1205,Eve,Got What You Need,Scorpion,album,Eve   Got what you need,TimSta T,Spotify,0.731,0.781,-5.536,0.268,0.244,0.0,0.253,0.749,99.588,232.0,Happy/Energetic,153767,1117,58,26678214,0.007641,0.007264,0.79,3.086956522,0,0
1206,Lauren Daigle,Light of the World,Light of the World,single,Lauren Daigle - Light Of The World (Lyric Video),LaurenDaigleVEVO,Spotify,0.526,0.477,-7.159,0.0258,0.449,0.0,0.0962,0.117,108.03,259.7,Sad/Mellow,11049459,65958,1663,19403272,0.00612,0.005969,0.57,4.958419958,1,1
1207,Van Morrison,Into the Mystic - 2013 Remaster,Moondance,album,Van Morrison - Into The Mystic (Official Vinyl Video),RHINO,Spotify,0.608,0.524,-10.266,0.0309,0.367,0.00254,0.115,0.797,86.204,205.6,Happy/Energetic,4302880,38657,1371,259257572,0.009303,0.008984,7.66,4.556521739,1,1
1208,Bob Sinclar,Love Generation - Radio Edit,Love Generation (Radio Edit),single,Bob Sinclar - Love Generation (Official Video),Embassy One,Youtube,0.723,0.872,-3.617,0.0586,0.192,0.000154,0.0814,0.544,128.038,204.8,Happy/Energetic,153810049,846838,25341,110847929,0.00567,0.005506,3.27,10.71253071,0,0
1209,MØ,Final Song,Final Song,single,MØ - Final Song (Official Video),MOMOMOYOUTHVEVO,Spotify,0.695,0.672,-6.109,0.0345,0.014,7.95e-05,0.0756,0.245,104.988,235.8,Angry/Intense,138892285,1079681,25680,520159923,0.007958,0.007774,15.36,8.888888889,1,1
1210,surrenderdorothy,UsedCar,WeNeverAskedForThis,single,Surrenderdorothy - Usedcar,Marszeli B,Spotify,0.568,0.408,-15.212,0.0345,0.219,0.00508,0.135,0.429,115.035,95.8,Sad/Mellow,112802,2356,97,4332451,0.021746,0.020886,0.13,3.022222222,1,1
1211,Steve Edwards,Carry Me Home - Twenty Rave Remix,Twenty,album,Chicane & Steve Edwards - Carry Me Home (Rave Sandwich Album Mix),Armada Music TV,Spotify,0.623,0.86,-7.828,0.0355,0.000148,0.905,0.297,0.222,125.0,327.7,Angry/Intense,36257,658,37,253384,0.019169,0.018148,0.01,2.895622896,1,1
1212,Luis Fonsi,Despacito,VIDA,album,Luis Fonsi - Despacito ft. Daddy Yankee,LuisFonsiVEVO,Youtube,0.655,0.797,-4.787,0.153,0.198,0.0,0.067,0.839,177.928,229.4,Happy/Energetic,8079649362,50788652,4252791,1506598267,0.006812,0.006286,44.49,11.89552239,1,1
1213,Joy Division,Shadowplay - 2007 Remaster,Unknown Pleasures (Collector's Edition),album,Joy Division - Shadowplay (Official Reimagined Video),Joy Division,Spotify,0.433,0.756,-7.855,0.0565,0.000997,0.761,0.124,0.117,145.443,233.7,Angry/Intense,1218669,22570,762,45447935,0.019145,0.01852,1.34,6.096774194,1,1
1214,Natiruts,"Sorri, Sou Rei (feat. Claudia Leitte)",Raçaman,album,"Natiruts - Sorri, Sou Rei (Natiruts Acústico Ao Vivo no Rio de Janeiro)",NatirutsVEVO,Youtube,0.783,0.651,-6.757,0.0338,0.503,1.31e-05,0.121,0.643,101.015,332.7,Happy/Energetic,166657715,793747,13687,88951071,0.004845,0.004763,2.63,5.380165289,1,1
1215,Kate Bush,Oh to Be in Love,The Kick Inside,album,Kate Bush - Oh To Be In Love,Symphonyofflowers,Spotify,0.663,0.348,-13.911,0.0285,0.487,0.000406,0.163,0.468,93.961,198.1,Sad/Mellow,542306,2818,263,9825739,0.005681,0.005196,0.29,2.134969325,0,0
1216,Manuel Turizo,La Nota,Dopamina,album,La Nota - MTZ Manuel Turizo x Rauw Alejandro x Myke Towers | Video Oficial,MTZ Manuel Turizo,Spotify,0.736,0.632,-4.939,0.0648,0.18,0.0,0.349,0.503,92.03,216.1,Happy/Energetic,188027058,1168982,19460,483115913,0.006321,0.006217,14.27,1.810888252,1,1
1217,Gilberto Gil,Aos Pés da Cruz,Gilbertos Samba,album,Gilbertos Samba (Aos pés da cruz) - Gilberto Gil,Gilberto Gil,Spotify,0.725,0.299,-15.108,0.113,0.9,0.107,0.118,0.527,170.164,195.2,Calm/Positive,41755,458,12,18677193,0.011256,0.010969,0.55,2.533898305,1,1
1218,Booba,Petite fille,Trône,album,Booba - Petite Fille (Clip Officiel),B20baOfficiel,Youtube,0.795,0.459,-7.607,0.0421,0.944,0.000637,0.192,0.426,119.959,215.5,Sad/Mellow,77810161,528113,24286,55217713,0.007099,0.006787,1.63,2.390625,0,0
1219,Loud Luxury,Body,Body,single,Loud Luxury feat. brando - Body (Official Lyric Video),Armada Music TV,Spotify,0.752,0.764,-4.399,0.038,0.0476,9.44e-05,0.0543,0.582,121.958,163.2,Happy/Energetic,237428896,1383280,16151,986074934,0.005894,0.005826,29.12,14.06998158,1,1
1220,LE SSERAFIM,The Great Mermaid,FEARLESS,single,"LE SSERAFIM - ""The Great Mermaid"" M/V",Kpop Cloud,Spotify,0.625,0.824,-4.619,0.0614,0.000884,0.0,0.0908,0.438,94.963,177.8,Angry/Intense,26660,988,40,15171037,0.03856,0.037059,0.45,9.074889868,0,0
1221,Carla Morrison,Todo Pasa,Amor Supremo,album,TODO PASA- CARLA MORRISON (LA CHICA DEL TREN),Luis Laynes,Spotify,0.53,0.417,-7.874,0.027,0.637,0.000737,0.0986,0.0533,108.935,345.0,Sad/Mellow,59960,983,57,42887357,0.017345,0.016394,1.27,4.229208925,0,0
1222,Tom Morello,Human (feat. Barns Courtney),The Atlas Underground Flood,album,Tom Morello - Human feat. Barns Courtney (Official Lyric Video),Tom Morello,Spotify,0.511,0.854,-4.563,0.132,0.00434,3.17e-06,0.362,0.495,129.899,184.4,Angry/Intense,130232,3319,214,4327317,0.027129,0.025485,0.13,2.359116022,1,1
1223,E-40,"Captain Save a Hoe (feat. The Click, D-Shot, B-Legit & Suga T)",The Mail Man,album,"E-40 - Captain Save A Hoe (Official Video) ft. The Click, D-Shot, B-Legit, Suga T",E40VEVO,Spotify,0.753,0.514,-12.235,0.26,0.0612,0.0,0.292,0.563,166.015,287.6,Happy/Energetic,7769306,133862,5508,17459002,0.017939,0.01723,0.52,1.760273973,1,1
1224,GIMS,Je te pardonne (feat. Sia) - Pilule bleue,Mon coeur avait raison,album,Maître Gims - Je te pardonne (pilule bleue) (Audio) ft. Sia,MaitreGimsVEVO,Spotify,0.231,0.567,-4.505,0.0297,0.259,0.000107,0.057,0.448,176.082,213.0,Angry/Intense,10161117,69031,2167,44317700,0.007007,0.006794,1.31,9.947368421,1,1
1225,Cocteau Twins,Pitch the Baby,Heaven or Las Vegas,album,Cocteau Twins - Pitch The Baby,rp61productions,Spotify,0.478,0.821,-6.729,0.0407,0.438,0.324,0.559,0.975,178.131,194.1,Happy/Energetic,119888,1733,128,14511572,0.015523,0.014455,0.43,1.468694097,0,0
1226,Soprano,Hiro (feat. Indila),La colombe et le corbeau,album,SOPRANO - HIRO FEAT. INDILA [CLIP OFFICIEL],Soprano Officiel,Youtube,0.465,0.733,-6.935,0.444,0.495,0.0,0.0903,0.466,92.411,281.5,Angry/Intense,85897852,449954,24342,16840388,0.005522,0.005238,0.5,8.117386489,1,1
1227,Jack Harlow,INDUSTRY BABY (feat. Jack Harlow),MONTERO,album,"Lil Nas X, Jack Harlow - INDUSTRY BABY (Official Video)",LilNasXVEVO,Spotify,0.741,0.691,-7.395,0.0672,0.0221,0.0,0.0476,0.892,150.087,212.4,Happy/Energetic,409870619,9003090,435583,1657583997,0.023028,0.021966,48.95,14.51680672,1,1
1228,Of Monsters and Men,Crystals,Beneath The Skin,album,Of Monsters And Men - Crystals (Official Lyric Video),OfMonstersAndMenVEVO,Spotify,0.581,0.747,-7.207,0.0303,0.00202,0.000449,0.109,0.325,132.195,243.5,Angry/Intense,27189831,194058,7685,119987512,0.00742,0.007137,3.54,6.853211009,1,1
1229,Lvbel C5,MOVIE,MOVIE,single,LVBEL C5 - MOVIE,LVBELC5,Spotify,0.829,0.577,-10.666,0.441,0.101,0.00286,0.477,0.876,139.939,155.6,Happy/Energetic,6236215,80771,5001,15603087,0.013754,0.012952,0.46,1.209643606,0,0
1230,Tyler Childers,Way of the Triune God - Hallelujah Version,Can I Take My Hounds to Heaven?,album,Tyler Childers - Way of the Triune God (Hallelujah Version (Audio)),TylerChildersVEVO,Spotify,0.696,0.583,-6.384,0.0307,0.629,0.0,0.123,0.543,79.057,208.8,Happy/Energetic,1285834,12417,198,14409735,0.009811,0.009657,0.43,4.739837398,1,1
1231,Mandy Moore,"When Will My Life Begin (Reprise 2) - From ""Tangled""/Soundtrack Version",Tangled,compilation,"Mandy Moore - When Will My Life Begin? (Reprise 2) (From ""Tangled""/Sing-Along)",DisneyMusicVEVO,Spotify,0.286,0.19,-13.548,0.0417,0.901,0.00119,0.114,0.0874,108.769,126.1,Sad/Mellow,5060715,33970,0,17421408,0.006712,0.006712,0.51,1.666666667,1,1
1232,Juan Luis Guerra 4.40,Burbujas de Amor,Bachata Rosa,album,Juan Luis Guerra 4-40 - Burbujas De Amor (Video Oficial),Karen Records,Spotify,0.621,0.675,-5.941,0.0305,0.295,0.0,0.174,0.747,125.122,250.9,Happy/Energetic,3204308,21760,207,74156252,0.006855,0.006791,2.19,3.879310345,1,1
1233,Ciara,Like a Boy,The Evolution,album,Ciara - Like A Boy (Official Video),CiaraVEVO,Youtube,0.701,0.724,-5.751,0.145,0.267,0.0,0.0867,0.425,132.035,237.1,Angry/Intense,285069051,1525762,39219,115829820,0.00549,0.005352,3.42,8.350634371,1,1
1234,Fito y Fitipaldis,Soldadito marinero,Lo mas lejos a tu lado,album,Fito & Fitipaldis - Soldadito marinero (Videoclip oficial),Fito&Fitipaldis,Spotify,0.718,0.431,-8.736,0.0314,0.132,0.000165,0.0686,0.324,139.618,254.4,Sad/Mellow,64959295,248223,6078,124251753,0.003915,0.003821,3.67,6.282798834,1,1
1235,Roberto Carlos,El Gato Que Está Triste y Azul - Un Gato Nel Blu,30 Grandes Canciones,album,Roberto Carlos El Gato que Está Triste y Azul 1972 Con letra,Irene Sonrisas,Spotify,0.447,0.457,-10.969,0.0331,0.675,0.0,0.339,0.59,112.918,231.5,Calm/Positive,45538981,202758,6344,82066945,0.004592,0.004452,2.42,1.348082596,0,0
1236,Traditional,On Strings,On Strings,single,0,0,Spotify,0.554,0.459,-5.559,0.0378,0.832,0.0,0.128,0.535,133.337,199.1,Calm/Positive,0,0,0,246076,0.0,0.0,0.01,3.5859375,0,0
1237,Neha Kakkar,Bijli,"Bijli (From ""Govinda Naam Mera"")",single,"Bijli | Govinda Naam Mera | Vicky Kaushal, Kiara Advani |Sachin-Jigar, Mika Singh, Neha Kakkar, Vayu",Sony Music India,Youtube,0.573,0.819,-6.246,0.256,0.306,1.13e-06,0.0653,0.862,108.786,174.0,Happy/Energetic,44370705,346844,45716,5921975,0.008847,0.007817,0.17,12.54211332,1,1
1238,Antonio Orozco,Mi Héroe,Mi Héroe,single,Antonio Orozco - Mi Héroe,AntonioOrozcoVEVO,Youtube,0.39,0.356,-11.027,0.0512,0.462,0.0,0.0948,0.263,93.348,230.7,Sad/Mellow,47765726,207224,6245,1605892,0.004469,0.004338,0.05,3.755274262,1,1
1239,Cássia Eller,O Segundo Sol - Ao Vivo,Cássia Eller Em Casa,compilation,Cássia Eller - O Segundo Sol,CassiaEllerVEVO,Spotify,0.424,0.713,-7.406,0.0504,0.533,0.0,0.741,0.459,151.605,257.1,Angry/Intense,333759,5412,132,82116481,0.016611,0.016215,2.42,0.962213225,1,1
1240,Shenseea,Diana,Playboy,album,Fireboy DML & Chris Brown - Diana (Official Visualizer) (feat. Shenseea),Fireboy DML,Spotify,0.786,0.357,-7.735,0.0372,0.0695,8.37e-05,0.11,0.524,108.946,232.2,Calm/Positive,3704129,60358,2223,7236212,0.016895,0.016295,0.21,3.245454545,1,1
1241,Mandy Moore,Cry,Mandy Moore,album,Mandy Moore - Cry Music Video,ellaherz14,Spotify,0.587,0.68,-6.044,0.0308,0.0419,1.87e-06,0.384,0.522,86.736,223.3,Happy/Energetic,2427622,31449,1820,47060191,0.013704,0.012955,1.39,1.770833333,0,0
1242,Chris Lake,How Deep Is Your Love - Chris Lake Remix,How Deep Is Your Love (Remixes),single,Calvin Harris & Disciples - How Deep Is Your Love (Chris Lake Remix [Audio]),CalvinHarrisVEVO,Spotify,0.727,0.85,-4.991,0.0425,0.00224,0.00843,0.412,0.28,121.973,306.2,Angry/Intense,8906841,80564,1421,65606889,0.009205,0.009045,1.94,2.063106796,1,1
1243,Billy Ray Cyrus,Achy Breaky Heart,Some Gave All,album,Billy Ray Cyrus - Achy Breaky Heart (Official Music Video),BillyRayCyrusVEVO,Spotify,0.8,0.563,-10.209,0.0303,0.051,0.0,0.0797,0.961,121.808,203.4,Happy/Energetic,99869043,496839,22276,109740687,0.005198,0.004975,3.24,7.063989962,1,1
1244,City Girls,What We Doin',Girl Code,album,City Girls - What We Doin' (Audio),CityGirlsVEVO,Spotify,0.952,0.606,-5.032,0.0814,0.186,1.31e-06,0.327,0.305,100.434,143.4,Angry/Intense,5447716,61976,820,25949047,0.011527,0.011377,0.77,1.853211009,1,1
1245,"Tyler, The Creator",SWEET / I THOUGHT YOU WANTED TO DANCE (feat. Brent Faiyaz & Fana Hues),CALL ME IF YOU GET LOST,album,SWEET / I THOUGHT YOU WANTED TO DANCE (Audio),"Tyler, The Creator",Spotify,0.468,0.652,-4.912,0.0722,0.333,0.000318,0.55,0.39,140.223,588.1,Angry/Intense,16424537,300606,9201,139808607,0.018862,0.018302,4.13,1.185454545,0,1
1246,Kingpin Skinny Pimp,Scary Garry,Scary Garry,single,Scary Garry,Kaito Shoma - Topic,Spotify,0.812,0.974,-2.327,0.227,0.695,0.512,0.582,0.064,153.979,99.7,Angry/Intense,43820274,924593,835,136482067,0.021119,0.0211,4.03,1.673539519,1,1
1247,Charles Ans,Invisibles,Los No Tan Tristes,album,Nanpa Básico & Gera MX & Charles Ans - Invisibles (Video Oficial),Nanpa Basico Oficial,Spotify,0.659,0.535,-11.637,0.262,0.706,1.25e-05,0.144,0.196,84.048,232.2,Angry/Intense,17636893,186451,3301,23275257,0.010759,0.010572,0.69,3.715277778,1,1
1248,Los Dareyes De La Sierra,30 Blindadas,30 Blindadas,single,"Raul Vega, Los Dareyes De La Sierra - 30 Blindadas",Radial by The Orchard,Spotify,0.778,0.567,-5.243,0.0372,0.0852,0.0,0.0911,0.53,95.036,126.3,Happy/Energetic,2213293,13622,117,3182413,0.006207,0.006155,0.09,6.223929748,1,1
1249,Demi Lovato,Sorry Not Sorry,Tell Me You Love Me,album,Demi Lovato - Sorry Not Sorry (Official Video),DemiLovatoVEVO,Spotify,0.706,0.643,-6.929,0.234,0.0242,0.0,0.262,0.885,143.931,203.8,Happy/Energetic,507979111,4059746,156001,1049798982,0.008299,0.007992,31.0,2.454198473,1,1
1250,Benny Dayal,Ude Dil Befikre,Befikre,album,"Ude Dil Befikre Song | Befikre | Ranveer Singh, Vaani Kapoor, Benny Dayal, Vishal & Shekhar, Jaideep",YRF,Youtube,0.704,0.952,-2.331,0.0333,0.0408,0.0,0.335,0.902,106.99,231.3,Happy/Energetic,82767173,221636,6483,15976207,0.002756,0.002678,0.47,2.841791045,1,1
1251,Soprano,Musica (feat. Ninho),Du Phoenix aux étoiles...,album,Soprano - Musica feat. Ninho (Clip officiel),Soprano Officiel,Spotify,0.573,0.605,-5.932,0.205,0.592,0.0,0.146,0.354,113.302,202.8,Angry/Intense,15035045,177852,4001,22154699,0.012095,0.011829,0.65,4.143835616,1,1
1252,Mahalakshmi Iyer,Sadka,I Hate Luv Storys (Original Motion Picture Soundtrack),album,"Sadka Full Video - I Hate Luv Storys|Sonam Kapoor, Imran Khan|Suraj Jagan, Mahalaxmi Iyer",SonyMusicIndiaVEVO,Youtube,0.678,0.547,-6.89,0.0286,0.232,0.000176,0.0785,0.579,143.892,343.6,Happy/Energetic,22159180,181786,3979,9545349,0.008383,0.008204,0.28,6.968152866,1,1
1253,Kenia OS,Mía Mía,K23,album,Kenia OS - Mía Mía (Video Oficial),KeniaOSVEVO,Spotify,0.844,0.754,-4.192,0.185,0.0607,1.8e-05,0.101,0.787,153.928,130.6,Happy/Energetic,15699558,484022,134088,22155655,0.039371,0.03083,0.65,7.465346535,1,1
1254,Feid,LA INOCENTE,MICRODOSIS,album,"Mora, Feid - LA INOCENTE (Video Oficial) | MICRODOSIS",Mora,Spotify,0.757,0.789,-3.46,0.0583,0.307,0.0,0.0717,0.464,91.911,202.2,Angry/Intense,43882189,358610,4873,287850992,0.008283,0.008172,8.5,11.0041841,1,1
1255,Annie Lennox,"No More ""I Love You's""",Medusa,album,"Annie Lennox - No More ""I Love You's"" (Official Video)",AnnieLennoxVEVO,Spotify,0.372,0.57,-7.305,0.0305,0.517,2.57e-06,0.141,0.234,179.907,291.3,Angry/Intense,55899913,357962,19737,71544555,0.006757,0.006404,2.11,4.042553191,1,1
1256,NLE Choppa,Camelot,Top Shotta,album,NLE Choppa - Camelot (Directed by Cole Bennett),Lyrical Lemonade,Spotify,0.787,0.713,-5.252,0.401,0.0849,0.0,0.717,0.761,175.046,148.8,Happy/Energetic,250044794,2328626,68554,414808001,0.009587,0.009313,12.25,0.994421199,0,0
1257,Fleetwood Mac,Don't Stop - 2004 Remaster,Rumours,album,Fleetwood Mac - Don't Stop (Official Music Video),Fleetwood Mac,Spotify,0.671,0.71,-7.724,0.0356,0.0393,1.12e-05,0.0387,0.834,118.745,193.3,Happy/Energetic,5410145,42737,1411,252302426,0.00816,0.007899,7.45,18.34625323,1,1
1258,MAX,IT'S YOU (feat. keshi),IT'S YOU (feat. keshi),single,MAX – IT’S YOU (feat. keshi) [Official Music Video],MAX,Spotify,0.697,0.368,-9.708,0.056,0.835,0.00016,0.135,0.451,90.011,173.4,Sad/Mellow,4043499,83255,1151,32975824,0.020874,0.02059,0.97,2.725925926,0,1
1259,Jeet Gannguli,Suna Hai,Sanak (Original Motion Picture Soundtrack),single,Suna Hai - Sanak | Vidyut Jammwal & Rukmini Maitra | Jubin Nautiyal | Jeet Gannguli | Rashmi Virag,Zee Music Company,Youtube,0.462,0.472,-6.913,0.0281,0.726,0.000107,0.136,0.238,116.777,193.3,Sad/Mellow,60610198,976044,13351,13091068,0.016324,0.016104,0.39,3.470588235,1,1
1260,IVE,Take It,ELEVEN,single,Take It,IVE,Spotify,0.802,0.934,-3.216,0.0604,0.0609,0.0,0.0158,0.941,150.036,205.0,Happy/Energetic,1657512,71275,2109,15282286,0.044274,0.043001,0.45,59.11392405,0,1
1261,Jeremy Zucker,you were good to me,brent,single,"Jeremy Zucker, Chelsea Cutler - you were good to me (Official Video)",JeremyZuckerVEVO,Spotify,0.561,0.0848,-15.099,0.0404,0.913,2.62e-05,0.112,0.206,102.128,219.1,Sad/Mellow,16052311,312970,6169,482695916,0.019881,0.019497,14.25,0.757142857,1,1
1262,Cardi B,Money,Money,single,Cardi B - Money [Official Music Video],Cardi B,Spotify,0.95,0.59,-6.508,0.29,0.00534,0.0,0.11,0.219,130.003,183.5,Angry/Intense,111931434,2104276,132635,513853858,0.019985,0.0188,15.17,5.363636364,1,1
1263,Ying Yang Twins,Naggin',Me & My Brother,album,Ying Yang Twins - Naggin' (Official Music Video),Radial by The Orchard,Youtube,0.708,0.854,-5.724,0.0322,0.000682,0.0,0.278,0.914,100.005,263.2,Happy/Energetic,11041367,80177,2730,5747240,0.007509,0.007262,0.17,3.071942446,1,1
1264,Evanescence,Tourniquet,Fallen,album,Evanescence - Tourniquet (Music Video),LilaBlackkk,Spotify,0.204,0.898,-5.859,0.0938,0.00505,0.0107,0.31,0.14,98.943,278.1,Angry/Intense,688629,4068,212,45485831,0.006215,0.005907,1.34,2.896774194,0,0
1265,Daniel Caesar,Invincible (feat. Daniel Caesar),Ivory,album,Omar Apollo - Invincible feat. Daniel Caesar (Official Music Video),Omar Apollo,Spotify,0.555,0.474,-11.706,0.0668,0.224,0.00426,0.162,0.262,134.89,216.2,Sad/Mellow,1967232,38113,764,29596755,0.019762,0.019374,0.87,2.925925926,1,1
1266,Charles Ans,Canela,Canela,single,Nanpa Básico Ft. Charles Ans - Canela (Video Oficial),Nanpa Basico Oficial,Spotify,0.867,0.468,-7.056,0.0875,0.374,0.0,0.112,0.837,116.954,204.6,Calm/Positive,129059630,821355,15640,132854517,0.006485,0.006364,3.92,4.178571429,1,1
1267,TLC,What About Your Friends,Ooooooohhh... On The TLC Tip,album,TLC - What About Your Friends (Official Video),TLCVEVO,Spotify,0.744,0.851,-10.108,0.049,0.0267,0.00738,0.0989,0.626,105.882,293.6,Happy/Energetic,24267884,193337,8036,29762753,0.008298,0.007967,0.88,8.604651163,1,1
1268,Bobby Helms,Captain Santa Claus,Jingle Bell Rock/Captain Santa Claus (And His Reindeer Space Patrol),single,"Helms, Bobby - Captain Santa Claus - 1957",Choock5219,Spotify,0.684,0.453,-11.74,0.0285,0.743,0.0,0.329,0.795,83.015,151.5,Calm/Positive,6472,107,19,1305004,0.019468,0.016533,0.04,1.376899696,0,0
1269,Soprano,Dingue,Chasseur d'étoiles,album,Soprano - Dingue (Clip officiel),Soprano Officiel,Youtube,0.8,0.641,-4.149,0.185,0.00554,0.0,0.0662,0.917,160.961,206.1,Happy/Energetic,31135337,196781,5422,18297567,0.006494,0.00632,0.54,9.682779456,1,1
1270,Electric Light Orchestra,Evil Woman,Flashback,compilation,ELO- Evil Woman (Official Video),Red Dead Ridiculous,Spotify,0.703,0.58,-8.611,0.0282,0.461,2.74e-05,0.518,0.896,119.855,259.8,Happy/Energetic,554394,8726,551,89060133,0.016734,0.01574,2.63,1.11969112,0,0
1271,W&W,Skydance,Skydance,single,0,0,Spotify,0.377,0.895,-2.467,0.0476,0.000408,0.000647,0.607,0.449,75.108,166.8,Angry/Intense,0,0,0,31598389,0.0,0.0,0.93,1.47446458,0,0
1272,Motörhead,Rock Out,Motörizer,album,Motörhead – Rock Out (Official Video),Motörhead Official,Spotify,0.441,0.989,-5.327,0.175,0.00306,0.00131,0.0281,0.314,142.981,126.7,Angry/Intense,1927465,24932,477,4985433,0.013183,0.012935,0.15,35.19572954,0,0
1273,Bruno & Marrone,Ciclo Vicioso - Ao Vivo,Yasmin Santos Ao Vivo em Goiânia,album,0,0,Spotify,0.499,0.718,-4.944,0.0874,0.379,0.0,0.538,0.55,160.168,185.1,Happy/Energetic,0,0,0,19996576,0.0,0.0,0.59,1.334572491,0,0
1274,Key Glock,Gang Shit No Lame Shit,Glockoma,album,Key Glock - Gang Shit No Lame Shit (Audio),KeyGlockVEVO,Spotify,0.828,0.434,-10.609,0.301,0.0394,0.0,0.0806,0.38,115.071,131.6,Sad/Mellow,12584888,196857,2798,144110703,0.015865,0.015642,4.26,5.384615385,1,1
1275,Clairo,How - demo,diary 001,single,Clairo - How (demo),Dalcyt,Spotify,0.649,0.428,-4.584,0.0313,0.766,0.00294,0.0816,0.514,77.057,127.0,Calm/Positive,54413,2384,43,75364938,0.044603,0.043813,2.23,5.245098039,0,0
1276,Survivor,I Can't Hold Back,Vital Signs,album,Survivor - I Can't Hold Back (Video),SurvivorVEVO,Spotify,0.509,0.681,-10.659,0.0306,0.499,5.36e-05,0.1,0.33,143.645,238.8,Angry/Intense,23253504,120306,6588,26136478,0.005457,0.005174,0.77,6.81,1,1
1277,Starship,The Burn,Love Among The Cannibals,album,Starship -  The Burn,S Sol,Spotify,0.586,0.917,-5.681,0.0359,0.0141,7.02e-06,0.536,0.892,120.903,266.1,Happy/Energetic,25019,190,29,1028373,0.008753,0.007594,0.03,1.710820896,0,0
1278,Rafaga,"Cachengue Retromix - La Cola, La Cumbia De Los Trapos, Nunca Me Faltes, Yo tomo licor, Fuiste, La güera salome, No me abandones, La Luna Y Tu, Toda la Noche",Fiesta Fiesta 2022 Cumbia Fiesta,compilation,"Cachengue Retromix (La Cola, La Cumbia De Los Trapos, Nunca Me Faltes, Yo tomo licor, Fuiste,...",Emus DJ - Topic,Youtube,0.843,0.703,-7.862,0.103,0.189,1.52e-05,0.04,0.669,104.009,944.3,Happy/Energetic,1001264,7694,23,874816,0.007707,0.007684,0.03,17.575,1,1
1279,Juanes,Nada Valgo Sin Tu Amor,Mi Sangre,album,Juanes - Nada Valgo Sin Tu Amor,JuanesVEVO,Spotify,0.601,0.643,-4.581,0.0272,0.155,0.0,0.283,0.387,76.979,196.4,Angry/Intense,71016227,347023,7441,111397248,0.004991,0.004887,3.29,2.272084806,1,1
1280,Alan Gomez,Matatan - Remix,Matatan (Remix),single,"Kaleb Di Masi, ECKO, Cazzu, Feat. Brray, Alan Gomez, DJ TAO - Matatan (Remix) (Official Video)",KALEB DI MASI,Youtube,0.883,0.782,-6.286,0.314,0.259,0.0,0.0737,0.637,86.034,231.7,Happy/Energetic,29869391,324444,10651,17041228,0.011219,0.010862,0.5,10.61058345,0,0
1281,Marvin Gaye,Sexual Healing,Midnight Love,album,Marvin Gaye - Sexual Healing (Official HD Video),MarvinGayeVEVO,Spotify,0.805,0.602,-9.7,0.0579,0.119,0.000122,0.0581,0.744,94.382,238.6,Happy/Energetic,179541168,1243681,29399,319143311,0.007091,0.006927,9.42,10.36144578,1,1
1282,Frankie Ruiz,La Rueda,Frankie Ruiz La Leyenda,album,La Rueda - Orq. La Solución Frankie Ruiz,TitoMan,Spotify,0.727,0.904,-3.558,0.0338,0.419,3.99e-05,0.0738,0.945,104.036,382.7,Happy/Energetic,14344105,50992,2805,32148399,0.00375,0.003555,0.95,12.24932249,0,0
1283,Jaymes Young,I'll Be Good,Feel Something,album,Jaymes Young - I'll Be Good [Official Video],Jaymes Young,Spotify,0.389,0.277,-10.757,0.0323,0.698,0.0,0.0966,0.125,89.32,247.3,Sad/Mellow,52708068,593621,7579,187047961,0.011406,0.011262,5.52,2.867494824,1,1
1284,Los Tigres Del Norte,La Mesa Del Rincón,Los Dos Plebes,album,Los Tigres Del Norte - La Mesa Del Rincón (En Vivo),LosTigresNorteVEVO,Spotify,0.808,0.529,-10.719,0.0426,0.321,0.00124,0.252,0.967,113.583,203.7,Happy/Energetic,27710972,66249,1662,112947529,0.002451,0.002391,3.34,2.099206349,1,1
1285,Pradeep Kumar,"Idhayam Love (Megamo Aval) - From ""Meyaadha Maan""",I Love Pradeep Kumar,album,"Meyaadha Maan | Idhayam Love - Megamo Aval Video Song | Vaibhav, Priya | Santhosh Narayanan",Think Music India,Spotify,0.296,0.298,-10.169,0.0296,0.777,6.51e-06,0.0909,0.236,178.336,291.1,Sad/Mellow,8428785,81858,1132,9957878,0.009846,0.009712,0.29,3.278327833,1,1
1286,Kevin Gates,Me Too,Luca Brasi 3,album,0,0,Spotify,0.726,0.605,-5.002,0.296,0.152,0.0,0.642,0.36,139.233,202.3,Angry/Intense,0,0,0,104805994,0.0,0.0,3.09,0.942367601,0,0
1287,Alejandra Guzman,Hacer El Amor Con Otro,Flor De Piel,album,Alejandra Guzmán - Hacer el amor con otro (Videoclip),ANTOLOGÍA MUSICAL 2,Spotify,0.463,0.325,-14.762,0.0301,0.197,0.0,0.0641,0.386,135.728,283.1,Sad/Mellow,1159190,3822,84,134634501,0.00337,0.003297,3.98,5.070202808,0,0
1288,MC Cabelinho,Poesia Acústica #6: Era uma Vez,Poesia Acústica #6: Era uma Vez,single,"Poesia Acústica #13 - Mc Cabelinho,Tz da Coronel,Oruam,L7NNON,Chefin,N.I.N.A, Chris,Xamã,Luisa Sonza",PineappleStormTV,Spotify,0.518,0.575,-10.454,0.0524,0.427,0.0,0.153,0.577,93.885,577.8,Happy/Energetic,87290403,1609317,40180,211303593,0.018897,0.018436,6.24,3.758169935,1,1
1289,Avril Lavigne,My Happy Ending,Under My Skin,album,Avril Lavigne - My Happy Ending (Official Video),AvrilLavigneVEVO,Spotify,0.414,0.936,-2.407,0.0758,0.00136,0.0,0.369,0.74,170.229,242.4,Happy/Energetic,38370423,309955,8223,169782716,0.008292,0.008078,5.01,2.536585366,1,1
1290,Grupo Marca Registrada,El Rescate,El Rescate,single,Grupo Marca Registrada - El Rescate ft. Junior H [Official Video],Grupo Marca Registrada,Spotify,0.794,0.594,-8.698,0.139,0.283,0.000381,0.109,0.637,99.238,160.9,Happy/Energetic,31320771,161112,1218,174277731,0.005183,0.005144,5.15,5.449541284,1,1
1291,La K'onga,Universo Paralelo,Universo Paralelo,album,"La Konga, Nahuel Pennisi - UNIVERSO PARALELO (Video Oficial)",La Konga,Youtube,0.619,0.739,-5.743,0.167,0.464,0.0,0.285,0.672,149.975,217.1,Happy/Energetic,81638099,382064,5573,79057625,0.004748,0.00468,2.33,2.592982456,1,1
1292,Sorriso Maroto,50 Vezes - Ao Vivo,"Ao Cubo, Ao Vivo, Em Cores",album,"Sorriso Maroto, Dilsinho - 50 Vezes (Ao Vivo) [Clipe Oficial]",Sorriso Maroto,Youtube,0.561,0.65,-6.43,0.0277,0.816,1.61e-06,0.952,0.597,147.899,184.1,Happy/Energetic,134730976,567096,8724,91721897,0.004274,0.004209,2.71,0.682773109,0,1
1293,Jackson Browne,The Load-Out - Remastered,Running on Empty (Remastered),album,Jackson Browne   The Load Out and Stay   Live BBC 1978,S R,Spotify,0.516,0.319,-11.709,0.0343,0.739,0.000983,0.129,0.305,105.704,335.3,Sad/Mellow,6346976,42028,3386,40268672,0.007155,0.006622,1.19,2.472868217,0,0
1294,Nakash Aziz,"Current Laga Re (From ""Cirkus"")","Current Laga Re (From ""Cirkus"")",single,"Current Laga Re (Full Video) Cirkus | Ranveer, Deepika | Nakash Dhvani Jonita Lijo |Dj Chetas Kumaar",T-Series,Spotify,0.504,0.966,-3.072,0.389,0.282,1.89e-06,0.0733,0.414,151.031,226.5,Angry/Intense,1341373,17395,466,5024927,0.013315,0.012968,0.15,13.1787176,1,1
1295,Backstreet Boys,Quit Playing Games (With My Heart),Backstreet Boys,album,Backstreet Boys - Quit Playing Games (With My Heart) (Official HD Video),BackstreetBoysVEVO,Spotify,0.8,0.875,-4.952,0.0338,0.0615,2.79e-06,0.13,0.882,100.033,233.5,Happy/Energetic,162041553,607519,30094,195571417,0.003935,0.003749,5.77,6.730769231,1,1
1296,Cardenales De Nuevo León,Necesito Decírtelo,De Norte A Sur,album,Cardenales De Nuevo León - Necesito Decírtelo (Video Oficial),CardenalesDeNLVEVO,Youtube,0.8,0.556,-8.158,0.0477,0.461,1.4e-06,0.0656,0.847,99.176,209.6,Happy/Energetic,93129507,286600,3079,48070288,0.00311,0.003077,1.42,8.475609756,1,1
1297,Lionel Richie,Do It To Me,Back To Front,compilation,Lionel Richie - Do It To Me,LionelRichieVEVO,Spotify,0.686,0.536,-9.908,0.0274,0.161,4.97e-05,0.063,0.558,91.503,363.3,Happy/Energetic,2039685,18488,1005,36855434,0.009557,0.009064,1.09,8.507936508,1,1
1298,Jaden,Icon,SYRE,album,Jaden - Icon,JadenSmithVEVO,Spotify,0.786,0.82,-5.093,0.232,0.222,0.0,0.575,0.49,119.982,221.0,Angry/Intense,179505400,2621841,89645,334264391,0.015105,0.014606,9.87,1.426086957,1,1
1299,Pharrell Williams,Frontin' (feat. Jay-Z) - Club Mix,The Neptunes Present... Clones,album,Pharrell - Frontin' (Official HD Video) ft. Jay-Z,PharrellWilliamsVEVO,Spotify,0.894,0.404,-5.913,0.13,0.453,1.57e-06,0.0801,0.759,102.009,236.5,Calm/Positive,59095041,433116,13530,114177468,0.007558,0.007329,3.37,5.043695381,1,1
1300,Anuel AA,La Llevo Al Cielo (Ft. Ñengo Flow),La Llevo Al Cielo (Ft. Ñengo Flow),single,"Chencho Corleone, Chris Jedi, Anuel AA , Ñengo Flow - La Llevo Al Cielo (Official Video)",ChrisJediVEVO,Spotify,0.795,0.845,-3.809,0.135,0.105,1.14e-05,0.172,0.769,170.023,254.9,Happy/Energetic,188322940,1257608,31957,261092249,0.006848,0.006678,7.71,4.912790698,1,1
1301,Interpol,Rest My Chemistry,Our Love To Admire,album,Interpol - Rest My Chemistry,InterpolVEVO,Spotify,0.471,0.877,-5.576,0.0378,0.0193,0.0847,0.276,0.419,150.092,301.1,Angry/Intense,10996836,68164,1596,77325723,0.006344,0.006199,2.28,3.177536232,1,1
1302,Christopher von Uckermann,Heal Together,Heal Together,single,Christopher V Uckermann - Heal Together (Official Music Video),Christopher Von Uckermann,Youtube,0.666,0.695,-5.655,0.0278,0.0418,5.86e-06,0.119,0.144,112.011,216.0,Angry/Intense,801309,8568,920,155024,0.011841,0.010693,0.0,5.840336134,0,0
1303,Los Amables Del Norte,Mil Cadenas,Los Amables Del Norte,album,Mil Cadenas,Los Amables Del Norte - Topic,Spotify,0.574,0.562,-6.298,0.0813,0.272,0.0,0.0441,0.966,187.371,125.6,Happy/Energetic,3378,41,0,112620,0.012137,0.012137,0.0,12.74376417,1,1
1304,Vierra,Rasa Ini,Storytelling,album,VIERRA - Rasa Ini (Official Music Video),Musica Studios,Youtube,0.58,0.49,-6.267,0.0286,0.852,2.85e-05,0.402,0.194,124.986,240.3,Sad/Mellow,35156443,164305,14830,25236994,0.005095,0.004674,0.75,1.218905473,1,1
1305,Ado,Backlight,UTA'S SONGS ONE PIECE FILM RED,album,?Ado?????? from ONE PIECE FILM RED?,Ado,Youtube,0.564,0.896,-3.875,0.108,0.000387,8.17e-06,0.374,0.713,145.023,237.7,Happy/Energetic,68985481,811276,17272,53295724,0.01201,0.01176,1.57,2.395721925,0,1
1306,Vilma Palma e Vampiros,Auto Rojo,3980,album,Auto Rojo - Vilma Palma e Vampiros (Video Oficial),BARCAMUSICA,Spotify,0.764,0.82,-6.073,0.0441,0.158,0.0,0.0939,0.688,104.527,306.0,Happy/Energetic,67232098,273838,6163,79649697,0.004165,0.004073,2.35,8.732694356,1,1
1307,Sonu Nigam,Shukran Allah,Kurbaan (Original Motion Picture Soundtrack),single,"Shukran Allah Full Video - Kurbaan|Kareena Kapoor,Saif Ali Khan|Sonu Nigam,Shreya Ghoshal",SonyMusicIndiaVEVO,Spotify,0.432,0.695,-8.022,0.111,0.732,0.0014,0.274,0.513,116.153,290.1,Happy/Energetic,20117583,265586,4217,36135633,0.013411,0.013202,1.07,2.53649635,1,1
1308,Anuel AA,Ley Seca,Timelezz,album,"Jhay Cortez, Anuel AA - Ley Seca (Official Video)",JhayCortezVEVO,Spotify,0.759,0.842,-3.758,0.096,0.101,0.0,0.134,0.584,105.059,263.3,Happy/Energetic,125624620,719660,17062,320744693,0.005864,0.005729,9.47,6.28358209,1,1
1309,Gala,Freed From Desire,Come Into My Life (The Album),album,GALA - Freed from desire [Official Video],DO IT YOURSELF,Spotify,0.704,0.861,-4.221,0.0493,0.587,0.0615,0.0992,0.636,128.99,213.4,Happy/Energetic,192034757,1293160,46171,268454014,0.006974,0.006734,7.93,8.679435484,1,1
1310,The Pointer Sisters,Santa Claus Is Coming To Town,A Very Special Christmas,compilation,The Pointer Sisters - Santa Claus Is Coming To Town (Music Video),scamparoo,Spotify,0.398,0.799,-10.403,0.0468,0.0623,0.0,0.56,0.689,150.914,201.2,Happy/Energetic,80755,599,43,2916913,0.00795,0.007417,0.09,1.426785714,0,0
1311,Jota Quest,Só Hoje - Acústico,Acústico Jota Quest,album,Jota Quest - Só Hoje (Acústico),JotaQuestVEVO,Youtube,0.501,0.564,-9.358,0.0306,0.249,6.75e-06,0.418,0.438,144.101,307.1,Angry/Intense,177678901,825019,20007,81560624,0.004756,0.004643,2.41,1.349282297,1,1
1312,Eiffel 65,Heaven,Heaven,single,Eiffel 65 - Too Much Of Heaven (Official Video with subtitles),Bliss Corporation,Youtube,0.751,0.791,-6.17,0.0687,0.0324,0.0,0.3,0.684,105.063,168.0,Happy/Energetic,10299170,49433,3369,2523860,0.005127,0.0048,0.07,2.636666667,1,1
1313,Ferrugem,Pirata e tesouro - Ao vivo,"Prazer, eu sou Ferrugem (Ao vivo)",album,"DVD PRAZER, EU SOU FERRUGEM: ""PIRATA E TESOURO"" (CLIPE OFICIAL)",Ferrugem,Youtube,0.582,0.777,-5.905,0.0697,0.58,0.0,0.928,0.583,139.981,219.6,Happy/Energetic,233528463,1164711,18313,96492817,0.005066,0.004987,2.85,0.837284483,1,1
1314,The Police,Can't Stand Losing You,Outlandos D'Amour (Remastered 2003),album,The Police - Can't Stand Losing You,ThePoliceVEVO,Spotify,0.737,0.789,-5.299,0.3,0.0701,0.000933,0.0518,0.891,141.969,178.8,Happy/Energetic,22650974,119164,2988,24343091,0.005393,0.005261,0.72,15.23166023,1,1
1315,Klaas,Zombie,Zombie,single,Zombie,Klaas - Topic,Spotify,0.641,0.841,-5.0,0.0397,0.00252,0.000437,0.0941,0.236,119.986,158.2,Angry/Intense,191437,4380,2,1720239,0.02289,0.02288,0.05,8.937300744,1,1
1316,Ruger,Snapchat,The Second Wave,single,Ruger - Snapchat (Official Video),RugerVEVO,Youtube,0.809,0.454,-5.715,0.0429,0.121,0.000177,0.218,0.309,94.033,206.8,Sad/Mellow,21536854,165616,4792,10249453,0.007912,0.00769,0.3,2.082568807,1,1
1317,D-Block Europe,UFO,The Blue Print – Us Vs. Them,album,D Block Europe (Young Adz & Dirtbike LB) x Aitch - UFO [Music Video] | GRM Daily,GRM Daily,Spotify,0.87,0.588,-6.318,0.163,0.105,0.0,0.281,0.614,100.071,204.0,Happy/Energetic,15588806,122882,2631,64424512,0.008051,0.007883,1.9,2.09252669,0,1
1318,A Day To Remember,Since U Been Gone,For Those Who Have Heart,album,A Day To Remember - Since U Been Gone (Official Video),ADayToRememberVEVO,Spotify,0.625,0.951,-5.209,0.0494,0.00497,0.0,0.107,0.721,128.01,198.3,Happy/Energetic,20883805,123682,5400,68972276,0.006181,0.005922,2.04,8.887850467,1,1
1319,Slayer,Bloodline,God Hates Us All,album,Slayer - Bloodline,SlayerVEVO,Spotify,0.408,0.97,-3.882,0.125,6.05e-05,0.171,0.0812,0.223,118.441,217.0,Angry/Intense,17803561,149405,4773,19578701,0.00866,0.008392,0.58,11.94581281,1,1
1320,Fito Paez,El amor después del amor,El Amor Después del Amor,album,El amor despues del amor Fito Paez HD,Natsu Dragón Slayer,Spotify,0.641,0.797,-6.536,0.0431,0.00357,3.25e-05,0.0279,0.655,94.884,311.9,Happy/Energetic,1643231,8193,554,72682130,0.005323,0.004986,2.15,28.56630824,0,0
1321,Savage Garden,The Animal Song,Affirmation,album,Savage Garden - The Animal Song (Video Version),SavageGardenVEVO,Spotify,0.652,0.669,-7.663,0.037,0.0639,3.83e-06,0.0671,0.834,116.088,278.0,Happy/Energetic,15530876,68607,3557,24404516,0.004646,0.004417,0.72,9.970193741,1,1
1322,Mohit Chauhan,Tune Jo Na Kaha,New York,compilation,"Tune Jo Na Kaha Song | New York | John Abraham, Katrina Kaif, Neil Nitin M | Mohit Chauhan | Pritam",YRF,Youtube,0.314,0.475,-12.38,0.0838,0.779,0.00539,0.34,0.312,78.992,310.1,Sad/Mellow,57856607,746233,19750,46358811,0.013239,0.012898,1.37,1.397058824,1,1
1323,PNAU,Chameleon,Chameleon,single,PNAU - Chameleon (Official Music Video),etcetc music,Spotify,0.718,0.933,-3.211,0.0419,0.00181,0.00013,0.3,0.197,119.999,198.4,Angry/Intense,9524386,70634,1781,80612434,0.007603,0.007416,2.38,3.11,0,0
1324,Adolescent's Orquesta,Persona Ideal - Me Tengo Que Ir,Persona Ideal,album,Adolescent's Orquesta - Persona Ideal (Letra Oficial),Adolescent's Orquesta,Spotify,0.527,0.59,-8.897,0.0347,0.39,0.0,0.223,0.881,96.687,279.9,Happy/Energetic,13627867,0,336,157742522,2.5e-05,0.0,4.66,2.64573991,1,1
1325,Falling In Reverse,I'm Not A Vampire,The Drug In Me Is You,album,"Falling In Reverse - ""I'm Not A Vampire""",Epitaph Records,Spotify,0.235,0.965,-2.882,0.28,0.00887,0.0,0.0448,0.322,185.278,231.8,Angry/Intense,51187542,485392,38360,95124934,0.010232,0.009483,2.81,21.54017857,1,1
1326,Gabry Ponte,Dance Dance (feat. Alessandra),Dance Dance (feat. Alessandra),single,Gabry Ponte - Dance Dance (feat. Alessandra) [Official Visualizer],Spinnin' Records,Spotify,0.705,0.872,-6.093,0.0416,0.0135,0.00271,0.0805,0.815,124.048,151.1,Happy/Energetic,476327,3921,117,1086008,0.008477,0.008232,0.03,10.83229814,1,1
1327,Tchakabum,Aviao,Aviao,album,tchakabum aviao,tiigresaa,Spotify,0.611,0.874,-6.458,0.202,0.105,5.99e-06,0.404,0.639,101.587,216.4,Happy/Energetic,95544,171,8,1312664,0.001873,0.00179,0.04,2.163366337,0,0
1328,Young Dolph,Get Away,Paper Route Frank,album,Young Dolph - Get Away (Official Visualizer),YoungDolphVEVO,Spotify,0.843,0.626,-6.351,0.0527,0.0403,8.78e-05,0.127,0.228,140.064,181.5,Angry/Intense,9460792,173104,8348,12843445,0.019179,0.018297,0.38,4.929133858,1,1
1329,Casting Crowns,Voice of Truth,Casting Crowns,album,Casting Crowns - Voice of Truth (Official Lyric Video),Casting Crowns,Spotify,0.511,0.64,-7.161,0.0276,0.0917,0.0,0.246,0.224,81.977,323.9,Angry/Intense,5138839,42915,1237,39677711,0.008592,0.008351,1.17,2.601626016,1,1
1330,Montell Fish,Hotel,Her Love Still Haunts Me Like a Ghost,album,HOTEL,Montell Fish,Spotify,0.228,0.427,-8.739,0.0363,0.752,0.0167,0.592,0.192,180.345,197.3,Sad/Mellow,7224033,161568,2261,74337312,0.022678,0.022365,2.2,0.721283784,0,1
1331,LANY,13,LANY,album,LANY - 13 (Official Audio),LANYVEVO,Spotify,0.784,0.539,-8.148,0.0628,0.69,1.75e-05,0.0367,0.697,133.963,234.8,Happy/Energetic,72322370,224081,4472,151662633,0.00316,0.003098,4.48,14.6866485,1,1
1332,Kordhell,LAND OF FIRE,LAND OF FIRE,single,KORDHELL - LAND OF FIRE,KORDHELL,Spotify,0.686,0.952,-2.524,0.0529,0.00545,0.00713,0.111,0.269,149.968,153.6,Angry/Intense,4933734,107200,2107,27926832,0.022155,0.021728,0.82,8.576576577,0,1
1333,Thomas Rhett,Look What God Gave Her,Center Point Road,album,Thomas Rhett - Look What God Gave Her,ThomasRhettVEVO,Spotify,0.739,0.85,-3.966,0.0308,0.0272,0.0,0.181,0.883,113.0,169.0,Happy/Energetic,49825212,195185,3556,201625935,0.003989,0.003917,5.95,4.696132597,1,1
1334,Pablo Alborán,Dónde está el amor (feat. Jesse & Joy),Tanto (Edición Premium),album,Pablo Alboran - Donde Está El Amor ft. Jesse & Joy (Videoclip oficial),Pablo Alborán,Youtube,0.597,0.848,-5.458,0.0406,0.173,0.0,0.373,0.324,139.876,233.9,Angry/Intense,663771076,1792821,28201,208095371,0.002743,0.002701,6.14,2.273458445,1,1
1335,Capo,PECHSCHWARZ,HYAT,album,PECHSCHWARZ,Capo - Topic,Spotify,0.686,0.419,-10.979,0.0698,0.152,0.00189,0.0971,0.0397,108.049,180.3,Sad/Mellow,2957681,23960,23,7425329,0.008109,0.008101,0.22,4.315139032,1,1
1336,Alan Jackson,Drive (For Daddy Gene),Drive,album,Alan Jackson - Drive (For Daddy Gene) (Official Music Video),alanjacksonVEVO,Spotify,0.713,0.579,-8.066,0.0413,0.338,0.0,0.174,0.511,125.179,242.7,Happy/Energetic,36583881,138429,5339,102020883,0.00393,0.003784,3.01,3.327586207,1,1
1337,Bruce Springsteen,Dancing In the Dark,Born In The U.S.A.,album,Bruce Springsteen - Dancing In the Dark (Official Video),BruceSpringsteenVEVO,Spotify,0.527,0.942,-5.64,0.0366,0.0115,0.0,0.188,0.495,148.723,241.3,Angry/Intense,297307102,1221890,54070,511961928,0.004292,0.00411,15.12,5.010638298,1,1
1338,Insane Clown Posse,Halls Of Illusions,The Great Milenko,album,Insane Clown Posse - Halls Of Illusions,InsaneClownPosseVEVO,Spotify,0.571,0.909,-3.774,0.287,0.133,5.33e-06,0.25,0.557,175.996,260.2,Happy/Energetic,7016213,53229,3372,7957575,0.008067,0.007587,0.23,3.636,1,1
1339,Glee Cast,Bust Your Windows - Cover of Jazmine Sullivan,Glee LGBTQIA+ Pride,album,Jazmine Sullivan - Bust Your Windows,JazmineSullivanVEVO,Youtube,0.409,0.774,-4.716,0.122,0.606,1.63e-06,0.0821,0.734,110.033,260.1,Happy/Energetic,56640660,568412,14039,48306146,0.010283,0.010035,1.43,9.427527406,1,1
1340,Bone Thugs-N-Harmony,Mo'murda,E. 1999 Eternal,album,"Bone Thugs-N-Harmony - ""Mo' Murda""",Lombrera Bizness,Spotify,0.746,0.727,-8.787,0.147,0.0775,0.0,0.585,0.517,152.084,344.9,Happy/Energetic,16057444,88780,4863,22857929,0.005832,0.005529,0.67,1.242735043,0,0
1341,Tom Odell,Can't Pretend,Long Way Down (Deluxe),album,Tom Odell - Can't Pretend (at Dean Street Studios),Tom Odell,Spotify,0.468,0.473,-8.503,0.0281,0.278,0.00061,0.117,0.286,79.055,217.8,Sad/Mellow,30490640,357875,8867,71808058,0.012028,0.011737,2.12,4.042735043,0,1
1342,Soundgarden,Blow Up The Outside World,Down On The Upside,album,Soundgarden - Blow Up The Outside World,SoundgardenVEVO,Spotify,0.33,0.529,-10.043,0.0358,0.000807,0.214,0.126,0.148,140.156,345.7,Angry/Intense,14945025,98965,5728,29964219,0.007005,0.006622,0.88,4.198412698,1,1
1343,Fatboy Slim,"Right Here, Right Now",You've Come A Long Way Baby,album,"Fatboy Slim - Right Here, Right Now [Official Video]",Fatboy Slim,Spotify,0.572,0.862,-8.065,0.101,0.0127,0.388,0.674,0.111,124.708,387.7,Angry/Intense,47058107,358820,13637,93625596,0.007915,0.007625,2.76,1.278931751,0,1
1344,Steve Miller Band,Fly Like An Eagle,Fly Like An Eagle,album,Fly Like An Eagle ~ Steve Miller Band {Music Video HD},?????? ??????,Spotify,0.561,0.754,-12.769,0.112,0.61,0.0194,0.328,0.642,100.08,282.7,Happy/Energetic,19324,432,31,130683787,0.02396,0.022356,3.86,2.298780488,0,0
1345,Barbra Streisand,Woman in Love,Guilty,album,Barbra   Streisand    --       Woman   In   Love  Video  HQ,Mystic Plug Relics,Spotify,0.469,0.278,-16.311,0.028,0.248,0.000126,0.133,0.331,169.735,231.8,Sad/Mellow,1715425,14869,801,133419253,0.009135,0.008668,3.94,2.090225564,0,0
1346,Billy Talent,Devil on My Shoulder,Billy Talent III (Special Edition),album,Billy Talent - Devil On My Shoulder - Official Video,Billy Talent,Spotify,0.588,0.892,-4.322,0.0337,0.00193,0.000991,0.32,0.565,95.905,229.5,Happy/Energetic,9101519,44829,922,38867025,0.005027,0.004925,1.15,2.7875,1,1
1347,Blur,Girls & Boys,Blur: The Best Of,compilation,Blur - Girls And Boys (Official Music Video),Blur,Spotify,0.693,0.875,-8.354,0.0315,0.00986,0.0,0.0601,0.899,120.048,259.4,Happy/Energetic,46455300,382166,12984,150649070,0.008506,0.008227,4.45,14.55906822,1,1
1348,Sir Simon Rattle,"Tchaikovsky: The Nutcracker, Op. 71, Act II: No. 14a, Pas de deux. Andante maestoso",Tchaikovsky: The Nutcracker,album,"The Nutcracker, Op. 71, Act II: No. 14a, Pas de deux. Andante maestoso",Sir Simon Rattle - Topic,Spotify,0.139,0.148,-18.882,0.0386,0.929,0.954,0.106,0.0788,142.536,306.5,Sad/Mellow,219577,5551,19,14647125,0.025367,0.02528,0.43,1.396226415,1,1
1349,Kirk Franklin,Love Theory,LONG LIVE LOVE,album,Kirk Franklin - Love Theory (Official Music Video),KirkFranklinVEVO,Youtube,0.739,0.668,-5.464,0.246,0.184,0.0,0.0869,0.742,97.097,251.7,Happy/Energetic,41586964,405581,13103,33486079,0.010068,0.009753,0.99,7.686996548,1,1
1350,BK,Músicas de amor nunca mais,ICARUS,album,"BK', Luccas Carlos, Nansy Silvvz - Músicas de amor nunca mais (Visualizer)",BK',Spotify,0.725,0.585,-5.675,0.109,0.244,0.0,0.11,0.409,113.151,202.9,Angry/Intense,4729231,82970,2011,7083950,0.017969,0.017544,0.21,5.318181818,1,1
1351,DJ Snake,"Taki Taki (feat. Selena Gomez, Ozuna & Cardi B)",Carte Blanche,album,"DJ Snake - Taki Taki ft. Selena Gomez, Ozuna, Cardi B (Official Music Video)",DJSnakeVEVO,Youtube,0.842,0.801,-4.167,0.228,0.157,4.82e-06,0.0642,0.617,95.881,212.5,Happy/Energetic,2414201716,18776025,552969,1379765140,0.008006,0.007777,40.74,12.47663551,1,1
1352,Genesis,In Too Deep - 2007 Remaster,Invisible Touch,album,Genesis - In Too Deep (Official Music Video),GenesisVEVO,Youtube,0.67,0.419,-10.266,0.0249,0.503,6.9e-06,0.101,0.304,103.538,302.8,Sad/Mellow,12132138,63333,2641,0,0.005438,0.00522,0.0,4.148514851,1,1
1353,Kevin Roldan,Una Noche Más,The Beginning,album,Kevin Roldan Ft. Nicky Jam -  Una Noche Más [Vídeo Oficial],KevinRoldanOfficial,Spotify,0.778,0.736,-6.007,0.145,0.516,0.0,0.431,0.639,169.979,216.0,Happy/Energetic,9449072,99748,868,80415537,0.010648,0.010556,2.37,1.707656613,0,0
1354,Tom Odell,Flying :)),Best Day of My Life,album,Tom Odell - Flying :)) (Official Music Video),Tom Odell,Spotify,0.515,0.147,-15.054,0.0316,0.965,0.0373,0.112,0.3,133.402,179.2,Sad/Mellow,696553,24559,619,10819047,0.036147,0.035258,0.32,1.3125,1,1
1355,Omar Varela,Mañosa,Mañosa,single,LA JOAQUI | Omar Varela - MAÑOSA (Video Oficial),LA JOAQUI Canal Oficial,Youtube,0.902,0.62,-4.012,0.068,0.0797,0.00594,0.0422,0.756,124.018,157.7,Happy/Energetic,20715141,157574,2758,8609640,0.00774,0.007607,0.25,14.69194313,1,1
1356,Duki,Una Vaina Loca,Una Vaina Loca,single,"Fuego, Manuel Turizo, Duki - Una Vaina Loca [Video Oficial]",Fuego,Spotify,0.811,0.588,-3.161,0.0464,0.128,0.0004,0.0929,0.553,107.022,226.2,Happy/Energetic,62173996,743619,17264,165747529,0.012238,0.01196,4.89,6.329386437,0,1
1357,Anuel AA,Sola (Remix),Sola (Remix),single,"Anuel AA - Sola ft. Daddy Yankee, Farruko, Zion & Lennox y Wisin (Remix) [Official Vídeo]",FIND X,Spotify,0.639,0.869,-4.024,0.147,0.27,0.0,0.0802,0.767,169.801,307.9,Happy/Energetic,57081,758,6,561667018,0.013384,0.013279,16.59,10.83541147,0,0
1358,Shilpa Rao,Allah Maaf Kare,Desi Boyz,album,"""Allah Maaf Kare Full Song Desi Boyz"" Feat. Akshay Kumar, Chitrangada Singh",T-Series,Youtube,0.664,0.792,-5.294,0.0283,0.184,0.000417,0.106,0.86,139.961,230.2,Happy/Energetic,143894933,678176,13214,12702123,0.004805,0.004713,0.38,7.471698113,1,1
1359,Grey,Starving,Starving,single,"Hailee Steinfeld, Grey - Starving ft. Zedd (Official Video)",HaileeSteinfeldVEVO,Spotify,0.728,0.616,-4.238,0.0645,0.378,0.0,0.105,0.508,99.962,181.9,Happy/Energetic,304834664,1966676,55579,1089163472,0.006634,0.006452,32.16,5.866666667,1,1
1360,Rain Fruits Sounds,"Rain and Thunderstorm, Pt. 3",Rain and Thunderstorm,album,"Rain Thunder Sounds 10 Hours [Sleep Fruits Music] Relaxing, Meditation, Help Insomnia",Lofi Fruits,Spotify,0.16,1.0,-25.277,0.0508,0.661,0.555,0.952,1e-05,65.576,41.0,Angry/Intense,433396,4923,125,16701441,0.011648,0.011359,0.49,1.050420168,1,1
1361,Sid Sriram,"Kanja Poovu Kannala (From ""Viruman"")","Kanja Poovu Kannala (From ""Viruman"")",single,"Viruman - Kanja Poovu Kannala Video | Karthi, Aditi Shankar | Yuvan Shankar Raja | Muthaiya",Sony Music South,Youtube,0.72,0.692,-6.354,0.0894,0.291,0.0,0.177,0.52,110.011,237.6,Happy/Energetic,38525579,259150,3072,35093727,0.006806,0.006727,1.04,3.90960452,1,1
1362,TAEYEON,I,I - The 1st Mini Album,single,TAEYEON ?? 'I (feat. Verbal Jint)' MV,SMTOWN,Youtube,0.506,0.788,-2.372,0.0324,0.0666,0.0,0.324,0.233,89.993,206.0,Angry/Intense,249814693,2312256,127232,56598488,0.009765,0.009256,1.67,2.432098765,1,1
1363,Mos Def,I Against I,Special Cases,single,Massive Attack feat. Mos Def - I Against I,music rappers,Spotify,0.677,0.524,-10.873,0.0462,0.00573,0.086,0.102,0.265,100.007,341.0,Angry/Intense,7703173,71062,2738,10742054,0.00958,0.009225,0.32,5.137254902,0,0
1364,Lamp,Last Train At 25 O'clock,For Lovers,album,Last Train At 25 O’Clock- Lamp [AMV],Star ? 25.5,Spotify,0.595,0.741,-5.601,0.0293,0.501,0.0,0.383,0.706,130.047,263.8,Happy/Energetic,1252,77,9,9746313,0.06869,0.061502,0.29,1.934725849,0,0
1365,Arijit Singh,Jhoome Jo Pathaan,Pathaan,single,"Jhoome Jo Pathaan Song (Official Video) Arijit Singh | Shahrukh Khan, Deepika P | Pathan Movie Song",Clu Music,Spotify,0.817,0.738,-7.639,0.0748,0.0964,0.0,0.331,0.616,104.964,208.2,Happy/Energetic,879995,5781,46,22899885,0.006622,0.006569,0.68,2.229607251,0,0
1366,EXO,The Eve,THE WAR - The 4th Album,album,EXO ?? '?? (??) (The Eve)' Dance Practice,SMTOWN,Youtube,0.636,0.702,-5.352,0.0334,0.0223,0.0,0.293,0.516,135.104,176.0,Happy/Energetic,143211507,2312642,100031,131189438,0.016847,0.016148,3.87,2.395904437,1,1
1367,Armin van Buuren,No Fun,"Feel Again, Pt. 1",album,Armin van Buuren x The Stickmen Project - No Fun (Official Music Video),Armada Music TV,Spotify,0.731,0.904,-4.774,0.0349,0.00861,0.000164,0.0916,0.328,121.03,130.4,Angry/Intense,553816,5851,158,45687362,0.01085,0.010565,1.35,9.868995633,1,1
1368,Elvis Presley,Can't Help Falling in Love,Blue Hawaii,album,Elvis Presley - Can't Help Falling In Love (Official Audio),ElvisPresleyVEVO,Spotify,0.396,0.293,-14.062,0.0275,0.941,0.000196,0.105,0.343,100.307,182.4,Sad/Mellow,363854960,3486602,125337,642724292,0.009927,0.009582,18.98,2.79047619,1,1
1369,Estopa,Por la Raja de Tu Falda,Estopa,album,Estopa - La Raja de Tu Falda (Videoclip) (En Directo),EstopaVEVO,Spotify,0.759,0.722,-9.906,0.0765,0.323,0.0,0.719,0.928,97.518,202.8,Happy/Energetic,27970355,105571,2947,62463879,0.00388,0.003774,1.84,1.004172462,1,1
1370,Nakash Aziz,Pungi,Agent Vinod,album,Agent Vinod Pyar Ki Pungi Full Video Song (HD) | Saif Ali Khan | Pritam,T-Series,Youtube,0.939,0.933,-2.688,0.0819,0.235,1.04e-06,0.0293,0.708,122.994,247.8,Happy/Energetic,77042096,721469,10598,9155939,0.009502,0.009365,0.27,31.84300341,1,1
1371,Dropkick Murphys,The Last One (feat. Evan Felker of Turnpike Troubadours),This Machine Still Kills Fascists (Expanded Edition),album,"Dropkick Murphys ""The Last One"" feat. Evan Felker of Turnpike Troubadours",Dropkick Murphys,Spotify,0.488,0.936,-4.206,0.0456,0.0212,0.0,0.255,0.851,171.898,213.4,Happy/Energetic,158516,4389,223,882908,0.029095,0.027688,0.03,3.670588235,1,1
1372,Eladio Carrion,Kemba Walker,Sauce Boyz,album,"Bad Bunny, Eladio Carrion ""KEMBA WALKER"" (Video Musical)",BailaMundo,Spotify,0.832,0.59,-7.168,0.272,0.446,1.43e-06,0.123,0.596,146.907,153.0,Happy/Energetic,76405,1269,9,205403461,0.016727,0.016609,6.07,4.796747967,0,0
1373,BLACKPINK,BOOMBAYAH,SQUARE ONE,single,BLACKPINK - '??? (BOOMBAYAH)' M/V,BLACKPINK,Youtube,0.661,0.836,-3.164,0.059,0.00268,0.0,0.497,0.396,124.952,240.8,Angry/Intense,1532197552,15390062,1106942,414173416,0.010767,0.010044,12.23,1.682092555,1,1
1374,Roger,Emotions,Bridging The Gap,album,Roger Troutman - Emotions (High Quality),lil12dead,Youtube,0.598,0.469,-10.786,0.0263,0.164,0.000394,0.053,0.725,151.878,369.5,Calm/Positive,351226,4677,346,218177,0.014301,0.013316,0.01,8.849056604,0,0
1375,Al Green,I'm a Ram,Gets Next to You,album,Al Green - I'm a ram,Trip Hop Universe,Spotify,0.848,0.499,-10.176,0.0696,0.261,0.517,0.209,0.879,81.098,227.5,Calm/Positive,255225,2400,189,16921524,0.010144,0.009403,0.5,2.387559809,0,0
1376,Disney,Zero To Hero,Hercules (Original Motion Picture Soundtrack),compilation,Hercules | Zero to Hero | Lyric Video | Disney Sing Along,Disney,Spotify,0.474,0.82,-7.699,0.243,0.493,0.0,0.0978,0.697,164.718,140.6,Happy/Energetic,43190273,179776,0,101142300,0.004162,0.004162,2.99,8.384458078,1,1
1377,Armaan Malik,Pehla Pyaar,Kabir Singh,compilation,"Full Song: Pehla Pyaar | Kabir Singh | Shahid Kapoor, Kiara Advani | Armaan Malik | Vishal Mishra",T-Series,Spotify,0.607,0.713,-5.105,0.03,0.56,4.98e-05,0.101,0.611,124.868,272.5,Happy/Energetic,70407364,677200,9518,83904984,0.009753,0.009618,2.48,7.059405941,1,1
1378,Meet Bros.,Befikra,Befikra,single,"Befikra FULL VIDEO SONG | Tiger Shroff, Disha Patani | Meet Bros ADT | Sam Bombay",T-Series,Youtube,0.6,0.979,-3.513,0.243,0.138,0.0,0.1,0.453,137.06,351.6,Angry/Intense,47755639,272246,7439,19126150,0.005857,0.005701,0.56,9.79,1,1
1379,MØ,Lean On,Peace Is The Mission (Extended),album,Major Lazer & DJ Snake - Lean On (feat. MØ) (Official Music Video),Major Lazer Official,Youtube,0.723,0.809,-3.081,0.0625,0.00346,0.00123,0.565,0.274,98.007,176.6,Angry/Intense,3324835140,16211083,450170,1713070715,0.005011,0.004876,50.58,1.431858407,0,0
1380,The Lumineers,Flowers in Your Hair,The Lumineers,album,"The Lumineers - ""Flowers In Your Hair"" Tour Video",The Lumineers,Youtube,0.67,0.609,-10.088,0.0333,0.749,6.74e-05,0.227,0.573,127.463,109.7,Happy/Energetic,10546336,37622,835,0,0.003646,0.003567,0.0,2.682819383,1,1
1381,Orelsan,Millions,Millions,single,"No Limit, Orelsan, Ninho - Millions (Clip officiel)",NoLimitVEVO,Spotify,0.755,0.497,-8.838,0.359,0.482,0.0,0.0796,0.481,141.126,197.8,Sad/Mellow,19380710,209297,4429,49582949,0.011028,0.010799,1.46,6.243718593,1,1
1382,Zoé,Labios Rotos - En Vivo,MTV Unplugged Música De Fondo (Reissue/Live),album,Zoé - Labios Rotos (MTV Unplugged),ZoeVEVO,Youtube,0.579,0.758,-7.08,0.0281,0.0731,0.00292,0.708,0.288,109.054,243.0,Angry/Intense,621954556,1810081,43581,229687617,0.00298,0.00291,6.78,1.070621469,1,1
1383,Brytiago,Asesina,Asesina,single,Brytiago x Darell - Asesina (Video Oficial),BrytiagoTV,Youtube,0.846,0.659,-5.277,0.259,0.643,0.0,0.119,0.497,94.195,187.3,Angry/Intense,539838346,2617949,16860,289873288,0.004881,0.00485,8.56,5.537815126,1,1
1384,Claptone,Liquid Spirit - Claptone Remix,Liquid Spirit (Claptone Remix),single,Gregory Porter - Liquid Spirit (Claptone Remix),CLAPTONE,Spotify,0.877,0.62,-9.069,0.0549,0.00406,0.388,0.0549,0.296,120.997,383.6,Angry/Intense,46928583,249750,2008,62563413,0.005365,0.005322,1.85,11.29326047,0,0
1385,Summer Walker,No Love (with SZA),Still Over It,album,"Summer Walker, SZA, & Cardi B - No Love (Extended Version) [Official Video]",SummerWalkerVEVO,Spotify,0.707,0.618,-5.825,0.19,0.17,0.0,0.293,0.517,133.876,231.5,Happy/Energetic,26869527,466960,18197,148654787,0.018056,0.017379,4.39,2.109215017,1,1
1386,Alphaville,Dance With Me,Afternoons in Utopia,album,Alphaville - Dance With Me (Official Music Video),RHINO,Spotify,0.556,0.787,-11.403,0.0275,0.191,0.00386,0.263,0.928,139.353,241.0,Happy/Energetic,5176365,38230,1065,10092636,0.007591,0.007385,0.3,2.992395437,1,1
1387,Standly,Marisola,Marisola,single,MARISOLA (Video Oficial) - CRIS MJ x STANDLY x STARS MUSIC CHILE,StarsMusic Chile,Spotify,0.806,0.85,-4.84,0.0967,0.155,0.0,0.201,0.728,95.014,184.4,Happy/Energetic,86048955,441082,7055,110860399,0.005208,0.005126,3.27,4.228855721,0,0
1388,Nine Inch Nails,Closer,The Downward Spiral,album,Nine inch nails - Closer (HQ- high quality) music video,bazzy3000,Spotify,0.547,0.714,-8.628,0.044,0.000242,0.636,0.122,0.541,89.996,373.0,Happy/Energetic,930,32,0,194379950,0.034409,0.034409,5.74,5.852459016,0,0
1389,21 Savage,Major Distribution,Her Loss,album,"Drake, 21 Savage - Major Distribution (Audio)",DrakeVEVO,Spotify,0.908,0.546,-10.491,0.323,0.0127,0.0,0.0707,0.225,131.016,170.5,Angry/Intense,7706203,102385,2065,107919519,0.013554,0.013286,3.19,7.722772277,1,1
1390,6ix9ine,MALA,DUMMY BOY,album,6IX9INE - MALA Ft. Anuel AA (Music video),Bxrnz,Spotify,0.72,0.825,-3.627,0.0424,0.689,0.0,0.103,0.789,100.008,206.6,Happy/Energetic,47924,667,50,284479357,0.014961,0.013918,8.4,8.009708738,0,0
1391,Miguel Bosé,Morena mía,Sereno,album,Miguel Bose - Morenamia (video clip),Miguel Bosé,Spotify,0.712,0.676,-7.313,0.153,0.191,0.0665,0.125,0.869,79.994,291.4,Happy/Energetic,44420808,181173,6433,140503008,0.004223,0.004079,4.15,5.408,1,1
1392,Travis Barker,PILL BREAKER (feat. blackbear & Machine Gun Kelly),Pegasus: Neon Shark vs Pegasus Presented By Travis Barker (Deluxe),album,"Trippie Redd, Machine Gun Kelly, blackbear – PILL BREAKER (Official Lyric Video)",Trippie Redd,Spotify,0.527,0.79,-6.268,0.0788,0.016,0.0,0.37,0.236,153.034,177.1,Angry/Intense,4821472,95173,3456,41346295,0.020456,0.019739,1.22,2.135135135,0,1
1393,Hoobastank,The Reason,The Reason (15th Anniversary Deluxe),album,Hoobastank - The Reason (Official Music Video),HoobastankVEVO,Youtube,0.472,0.671,-4.649,0.029,0.0129,0.0,0.159,0.0681,82.952,232.8,Angry/Intense,938269816,4825010,95705,731604203,0.005244,0.005142,21.6,4.220125786,1,1
1394,IU,Blueming,Love poem,single,[MV] IU(???) _ Blueming(???),1theK (????),Youtube,0.819,0.674,-3.145,0.0587,0.0849,0.0,0.0667,0.682,106.032,217.1,Happy/Energetic,156419709,2237886,47680,109096091,0.014612,0.014307,3.22,10.10494753,1,1
1395,PnB Rock,Needed That,Me vs. Myself (Deluxe),album,A Boogie Wit da Hoodie & PnB Rock - Needed That [Official Audio],A Boogie Wit da Hoodie,Spotify,0.489,0.548,-7.907,0.271,0.108,0.0,0.0865,0.68,146.33,206.3,Happy/Energetic,780115,22724,851,7332449,0.03022,0.029129,0.22,6.335260116,1,1
1396,AC/DC,It's a Long Way to the Top (If You Wanna Rock 'N' Roll),High Voltage,album,AC/DC - It's a Long Way to the Top (If You Wanna Rock 'n' Roll) (Official Video),Official Lives & Music Videos - Official Channel,Spotify,0.456,0.863,-3.551,0.0894,0.133,0.0538,0.0553,0.532,135.962,301.2,Happy/Energetic,102527,1881,240,196347993,0.020687,0.018346,5.8,15.60578662,0,0
1397,Kina,Wish I Was Better,Wish I Was Better,single,"Kina, Yaeow - Wish I Was Better (Official Lyric Video)",KinaVEVO,Spotify,0.732,0.304,-13.086,0.111,0.747,6.13e-05,0.143,0.185,139.965,140.6,Sad/Mellow,998152,20441,428,72993845,0.020908,0.020479,2.16,2.125874126,1,1
1398,Ñejo,Se Te Hizo Tarde,Se Te Hizo Tarde,single,Ñejo ? Jon Z ? Ele A El Dominio ? Jamby EL Favo - Se Te Hizo Tarde ? [Official Video],Ñejo,Spotify,0.698,0.801,-5.746,0.0639,0.319,0.0,0.316,0.905,169.995,358.8,Happy/Energetic,42903831,536431,14202,48554551,0.012834,0.012503,1.43,2.534810127,1,1
1399,Owl City,Fireflies,Ocean Eyes,album,Owl City - Fireflies (Official Music Video),OwlCityVEVO,Spotify,0.512,0.662,-6.797,0.0439,0.0275,0.0,0.118,0.472,180.114,228.3,Angry/Intense,480239520,4432091,370936,722904665,0.010001,0.009229,21.35,5.610169492,1,1
1400,Thaman S,"Tum Tum (From ""Enemy - Tamil"")","Tum Tum (From ""Enemy - Tamil"")",single,"Tum Tum - Video Song | Enemy (Tamil) | Vishal,Arya | Anand Shankar | Vinod Kumar | Thaman S",Divo Music,Youtube,0.741,0.761,-5.414,0.143,0.759,0.000607,0.126,0.912,147.047,228.6,Happy/Energetic,319919998,2237321,32803,51312507,0.007096,0.006993,1.52,6.03968254,1,1
1401,George Benson,Breezin',Breezin',album,George Benson - Breezin' (Official Live Video),RHINO,Spotify,0.682,0.752,-9.521,0.0454,0.476,0.863,0.0768,0.964,81.081,341.7,Happy/Energetic,79277,1640,106,41148706,0.022024,0.020687,1.22,9.791666667,1,1
1402,Alexis y Fido,Me Quiere Besar,Los Reyes del Perreo,album,Alexis y Fido: Me Quiere Besar (Official Video),Fresh Production,Spotify,0.792,0.814,-5.319,0.0706,0.143,0.0,0.302,0.847,95.015,155.4,Happy/Energetic,8221010,57929,1327,28068507,0.007208,0.007046,0.83,2.695364238,0,0
1403,Perry Como,O Holy Night - 1968 Version,Greatest Christmas Songs,album,O Holy Night (1968 Version),Perry Como - Topic,Spotify,0.154,0.138,-13.236,0.0338,0.931,1e-06,0.0988,0.0799,83.624,220.1,Sad/Mellow,607958,2384,20,7967376,0.003954,0.003921,0.24,1.396761134,1,1
1404,MGMT,She Works Out Too Much,Little Dark Age,album,MGMT - She Works Out Too Much (Music Video),RedNose Productions,Spotify,0.633,0.919,-6.208,0.0343,0.00596,0.273,0.43,0.805,147.97,278.4,Happy/Energetic,10598,554,37,20772958,0.055765,0.052274,0.61,2.137209302,0,0
1405,Anitta,Envolver Remix,Envolver Remix,single,"Anitta, Justin Quiles – Envolver Remix  [Official Music Video]",Anitta,Spotify,0.824,0.819,-4.336,0.0786,0.125,2.45e-05,0.137,0.616,92.001,182.9,Happy/Energetic,48920304,515593,13518,62023519,0.010816,0.010539,1.83,5.97810219,1,1
1406,Jack Johnson,Angel,Sleep Through The Static,album,Jack Johnson Angel music video,saynotorice,Spotify,0.619,0.0568,-19.197,0.0433,0.896,0.0967,0.114,0.357,176.279,122.7,Sad/Mellow,15216,48,3,69780800,0.003352,0.003155,2.06,0.498245614,0,0
1407,Cassie,Miss Your Touch,Cassie (U.S. Version),album,Cassie - Miss Your Touch,NikkiTHEsinger,Spotify,0.577,0.723,-8.761,0.105,0.000797,0.000682,0.0961,0.835,101.992,148.7,Happy/Energetic,114663,605,15,1113894,0.005407,0.005276,0.03,7.523413111,0,0
1408,Limp Bizkit,Behind Blue Eyes,Results May Vary,album,Limp Bizkit ~ Behind Blue Eyes,Étoile 17,Spotify,0.595,0.489,-6.66,0.0271,0.497,0.0,0.119,0.0902,120.315,270.0,Sad/Mellow,497909,7358,151,314464772,0.015081,0.014778,9.29,4.109243697,0,0
1409,Five Finger Death Punch,Living The Dream,F8,album,Five Finger Death Punch - Living The Dream (Official Music Video),Five Finger Death Punch,Spotify,0.416,0.988,-3.466,0.113,0.000839,0.0,0.137,0.47,174.995,214.5,Angry/Intense,6725700,152789,27898,43621031,0.026865,0.022717,1.29,7.211678832,0,1
1410,Skylar Grey,Mai Tais (feat. Skylar Grey),Mai Tais (feat. Skylar Grey),single,"Train, Skylar Grey - Mai Tais (Lyric Video)",TrainVEVO,Spotify,0.6,0.701,-6.035,0.0606,0.139,1.21e-06,0.12,0.723,163.975,224.8,Happy/Energetic,976413,11111,405,20437094,0.011794,0.011379,0.6,5.841666667,1,1
1411,Rema,Sad Girls (feat. Rema),Sad Girls (feat. Rema),single,Clean Bandit x French The Kid – Sad Girls ft. Rema (Official Lyric Video),Clean Bandit,Spotify,0.789,0.862,-7.787,0.141,0.305,6.23e-06,0.34,0.507,115.005,163.5,Happy/Energetic,360978,8571,340,7490489,0.024686,0.023744,0.22,2.535294118,1,1
1412,Shankar-Ehsaan-Loy,It's the Time to Disco,Kal Ho Naa Ho (Original Motion Picture Soundtrack),album,It's the Time to Disco Full Video - Kal Ho Naa Ho|Shah Rukh Khan|Saif Ali|Preity|Shaan|KK,SonyMusicIndiaVEVO,Youtube,0.902,0.772,-8.29,0.0383,0.0452,0.000129,0.12,0.808,131.992,333.1,Happy/Energetic,45760825,270689,6397,21940803,0.006055,0.005915,0.65,6.433333333,1,1
1413,Becky Hill,Remember (and David Guetta),Only Honest On The Weekend,album,"Becky Hill, David Guetta - Remember (Official Video)",BeckyHillVEVO,Spotify,0.626,0.864,-3.12,0.0378,0.0682,0.0,0.087,0.555,123.833,161.4,Happy/Energetic,31405657,192654,2797,282543051,0.006223,0.006134,8.34,9.931034483,1,1
1414,Romeo Santos,Sobredosis (feat. Ozuna),Golden,album,Romeo Santos - Sobredosis (Official Video) ft. Ozuna,RomeoSantosVEVO,Youtube,0.759,0.639,-8.085,0.0511,0.207,0.0,0.23,0.682,128.01,198.3,Happy/Energetic,624500818,2501143,38156,323487441,0.004066,0.004005,9.55,2.77826087,1,1
1415,Armin van Buuren,Repeat After Me,Repeat After Me,single,Dimitri Vegas & Like Mike x Armin van Buuren x W&W - Repeat After Me (Official Music Video),Armin van Buuren,Spotify,0.321,0.939,-4.86,0.0616,0.00342,0.81,0.0905,0.179,131.933,194.3,Angry/Intense,1937779,44456,1545,77788956,0.023739,0.022942,2.3,10.37569061,1,1
1416,OneRepublic,Sunshine,Sunshine,single,OneRepublic - Sunshine (Official Lyric Video),OneRepublicVEVO,Spotify,0.697,0.875,-4.621,0.034,0.137,0.0,0.28,0.774,140.069,163.9,Happy/Energetic,5053767,79834,1450,223323334,0.016084,0.015797,6.59,3.125,1,1
1417,Four Tops,Loco in Acapulco,Indestructible,album,The Four Tops - Loco in Acapulco (Audio),FourTopsVEVO,Spotify,0.818,0.705,-9.609,0.0329,0.413,0.0,0.0269,0.965,123.436,274.1,Happy/Energetic,4193832,19551,840,65470962,0.004862,0.004662,1.93,26.20817844,1,1
1418,Los Pericos,Waitin',Serie De Oro,album,Los pericos - Waiting,djextremechile,Spotify,0.882,0.411,-13.449,0.0423,0.00638,2.83e-06,0.0946,0.866,98.032,168.1,Calm/Positive,182158,2890,105,48135750,0.016442,0.015865,1.42,4.344608879,0,0
1419,"Sergio Vega ""El Shaka""",Disculpe Usted,Más Exitos Con El Shaka,album,"Sergio Vega ""El Shaka"" - Quién Es Usted",SergioVegaVEVO,Youtube,0.664,0.498,-4.555,0.0661,0.605,0.0,0.089,0.966,156.799,180.0,Calm/Positive,141294502,420613,9490,74838661,0.003044,0.002977,2.21,5.595505618,1,1
1420,Natiruts,Andei Só - Ao Vivo,Natiruts Acústico no Rio de Janeiro (Ao Vivo),album,Natiruts - Andei Só (Video Ao Vivo),NatirutsVEVO,Spotify,0.585,0.622,-6.865,0.0305,0.207,0.0,0.83,0.612,145.954,263.1,Happy/Energetic,1608363,10096,182,87897413,0.00639,0.006277,2.6,0.74939759,1,1
1421,Lynyrd Skynyrd,Free Bird,Pronounced' Leh-'Nerd 'Skin-'Nerd,album,Lynyrd Skynyrd - Free Bird,The Best Of - Home Of Classic Music,Spotify,0.249,0.834,-8.21,0.0577,0.0738,9.48e-05,0.0924,0.338,118.223,547.1,Angry/Intense,45915141,373297,20513,463992990,0.008577,0.00813,13.7,9.025974026,0,0
1422,Motörhead,Hellraiser - 30th Anniversary Edition,No More Tears (30th Anniversary Expanded Edition),album,Hellraiser (30th Anniversary Edition - Official Animated Video),OzzyOsbourneVEVO,Youtube,0.622,0.905,-5.12,0.0428,0.00329,2.93e-05,0.115,0.441,96.049,295.2,Angry/Intense,21322114,489168,13696,9867762,0.023584,0.022942,0.29,7.869565217,1,1
1423,Seu Jorge,Felicidade,"Musica para Churrasco, Vol. 2",album,Seu Jorge :Felicidade (Lyric Vídeo),Hugo br 72,Spotify,0.549,0.81,-6.425,0.0398,0.342,0.0,0.203,0.806,113.819,267.4,Happy/Energetic,72173,979,20,36711513,0.013842,0.013565,1.08,3.990147783,0,0
1424,Mazzy Star,Halah,She Hangs Brightly,album,Mazzy Star - Halah (Official Music Video),Telegenics,Spotify,0.622,0.448,-10.709,0.0265,0.23,0.0,0.102,0.553,106.085,196.2,Calm/Positive,105529,2861,143,24915324,0.028466,0.027111,0.74,4.392156863,0,0
1425,B.o.B,Nothin' on You (feat. Bruno Mars),B.o.B Presents: The Adventures of Bobby Ray,album,B.o.B - Nothin' On You (feat. Bruno Mars) [Official Video],Atlantic Records,Spotify,0.688,0.853,-5.814,0.0493,0.386,0.0,0.0862,0.743,103.993,268.3,Happy/Energetic,412165445,2551890,74382,436151047,0.006372,0.006191,12.88,9.895591647,1,1
1426,Stan Getz,Só Danço Samba,Jazz Samba Encore!,album,Stan Getz & Joao Gilberto - So Danco Samba,declique,Spotify,0.578,0.364,-15.162,0.0441,0.683,0.0539,0.105,0.723,78.073,216.2,Calm/Positive,1409971,8843,147,61463773,0.006376,0.006272,1.81,3.466666667,0,0
1427,Nina Simone,Don't Let Me Be Misunderstood,Broadway-Blues-Ballads,album,Nina Simone - Don't Let Me Be Misunderstood,ParticuleYair,Spotify,0.388,0.501,-11.296,0.0731,0.778,0.0,0.305,0.532,158.348,166.2,Happy/Energetic,33116600,278871,8475,38947086,0.008677,0.008421,1.15,1.642622951,0,0
1428,Grupo 5,Tu Hipocresía,Puro Corazón,album,Tu Hipocresía,Grupo 5 - Topic,Spotify,0.733,0.781,-4.939,0.04,0.182,0.0,0.0648,0.666,96.027,196.3,Happy/Energetic,2128305,12526,16,7867215,0.005893,0.005885,0.23,12.05246914,1,1
1429,REO Speedwagon,In Your Letter,Hi Infidelity (30th Anniversary Edition),album,REO Speedwagon - In Your Letter,Julio Poleo,Spotify,0.641,0.894,-5.108,0.0284,0.273,0.0,0.409,0.926,131.079,196.2,Happy/Energetic,517908,3407,25,5662948,0.006627,0.006578,0.17,2.185819071,0,0
1430,Cocteau Twins,Iceblink Luck,Heaven or Las Vegas,album,Cocteau Twins - Iceblink Luck (Official Video),4AD,Spotify,0.396,0.812,-5.704,0.0331,7.19e-05,0.0117,0.328,0.5,102.151,198.7,Happy/Energetic,2249472,26305,1447,12165364,0.012337,0.011694,0.36,2.475609756,1,1
1431,Rick Ross,Stay Schemin,Stay Schemin,single,Rick Ross Ft. Drake & French Montana - Stay Schemin,OfficialRickRossTV,Spotify,0.541,0.734,-4.232,0.166,0.0621,0.0,0.12,0.321,162.304,267.7,Angry/Intense,22790777,165897,6445,107348067,0.007562,0.007279,3.17,6.116666667,0,0
1432,Ellie Goulding,Burn,Halcyon Nights,album,Ellie Goulding - Burn (Official Video),EllieGouldingVEVO,Youtube,0.555,0.772,-5.007,0.0523,0.315,0.0,0.105,0.346,86.921,231.2,Angry/Intense,1528479165,5900497,184730,636434575,0.003981,0.00386,18.79,7.352380952,1,1
1433,Stephanie Beatriz,The Family Madrigal,Encanto (Original Motion Picture Soundtrack),album,"Stephanie Beatriz, Olga Merediz, Encanto - Cast - The Family Madrigal (From ""Encanto"")",DisneyMusicVEVO,Youtube,0.594,0.628,-6.345,0.359,0.12,0.0,0.0582,0.556,141.391,257.2,Happy/Energetic,240582434,1302176,34362,162508709,0.005555,0.005413,4.8,10.79037801,1,1
1434,Sherlock Holmes,Teil 6 - Fall 53: Die sieben Zinnsoldaten,"Die neuen Fälle, Fall 53: Die sieben Zinnsoldaten",album,Sherlock Holmes & Dottor Watson 7 - L'nganno del cieco.,cuccioloebeppe,Youtube,0.699,0.595,-11.011,0.948,0.314,0.0,0.365,0.593,84.856,194.6,Happy/Energetic,133311,674,23,103420,0.005228,0.005056,0.0,1.630136986,0,0
1435,Michael Giacchino,The Batman,The Batman (Original Motion Picture Soundtrack),album,The Batman | Michael Giacchino | WaterTower,WaterTower Music,Spotify,0.209,0.152,-16.519,0.0324,0.5,0.903,0.103,0.0482,80.136,407.5,Sad/Mellow,15516293,307422,15313,17918477,0.0208,0.019813,0.53,1.475728155,1,1
1436,Willie Colón,Todo Tiene Su Final,Lo Mato,album,Todo tiene su final Hector Lavoe video oficial,Dj Pablo,Spotify,0.498,0.85,-6.494,0.042,0.74,0.000273,0.292,0.935,101.299,303.4,Happy/Energetic,24514,391,22,22573910,0.016848,0.01595,0.67,2.910958904,0,0
1437,Soulja Boy,Crank That (Soulja Boy) [Travis Barker Remix],Crank That (Soulja Boy) [Travis Barker Remix],single,Crank That (Soulja Boy) (Travis Barker Remix),Soulja Boy - Topic,Spotify,0.671,0.531,-5.551,0.0467,0.0307,0.0,0.365,0.28,140.013,247.0,Angry/Intense,1214946,21292,55,30345858,0.01757,0.017525,0.9,1.454794521,1,1
1438,Dadju,Grand bain,Poison Ou Antidote,album,DADJU - Grand Bain ft. Ninho (Clip Officiel),DADJU,Spotify,0.63,0.393,-10.762,0.183,0.88,0.0,0.0894,0.166,145.051,207.1,Sad/Mellow,71086071,445570,13327,99847291,0.006456,0.006268,2.95,4.395973154,1,1
1439,Smash Mouth,All Star - Owl City Remix,All Star (Owl City Remix),single,All Star (Owl City Remix),Smash Mouth - Topic,Spotify,0.757,0.659,-6.16,0.0414,0.148,0.0,0.277,0.624,104.008,270.3,Happy/Energetic,343344,10625,43,2029410,0.031071,0.030946,0.06,2.379061372,1,1
1440,Mac Miller,Small Worlds,Swimming,album,Mac Miller - Small Worlds,Mac Miller,Spotify,0.516,0.546,-9.105,0.249,0.814,4.5e-06,0.0995,0.515,78.267,271.7,Happy/Energetic,13625529,187146,4111,208187811,0.014037,0.013735,6.15,5.487437186,1,1
1441,Pancho Barraza,Una Noche Cualquiera,"Mis 30 Aniversario, Vol. 1",album,Pancho Barraza & Carin León -  Una Noche Cualquiera,Pancho Barraza Oficial,Youtube,0.524,0.423,-7.292,0.0854,0.127,0.0,0.16,0.649,148.369,215.1,Calm/Positive,24487810,103775,914,17842926,0.004275,0.004238,0.53,2.64375,1,1
1442,Grupo 5,Te Vas,Motor Y Motivo,album,Te vas - Grupo 5 (Letra),Chévere pe' ,Spotify,0.763,0.709,-4.815,0.0317,0.0947,0.0,0.278,0.706,98.975,226.2,Happy/Energetic,112117,1229,22,15340270,0.011158,0.010962,0.45,2.550359712,0,0
1443,Meghan Trainor,Don't I Make It Look Easy,Takin' It Back,album,Meghan Trainor - Don't I Make It Look Easy (Official Lyric Video),MeghanTrainorVEVO,Spotify,0.628,0.742,-4.51,0.0668,0.0624,0.0,0.274,0.829,148.756,154.9,Happy/Energetic,2449411,48888,596,23017127,0.020202,0.019959,0.68,2.708029197,1,1
1444,Sublime,Same In The End,Sublime,album,Sublime - Same In The End (Official Video),TheofficialSublime,Spotify,0.638,0.864,-4.255,0.0358,0.00253,0.0,0.178,0.811,102.289,156.2,Happy/Energetic,4115185,28874,842,30594402,0.007221,0.007016,0.9,4.853932584,0,0
1445,Philharmonia Orchestra,"Symphony No. 5 in C Minor, Op.67 - I. Allegro con brio",Essential Beethoven,compilation,Beethoven - Symphony No 5 in C minor Op 67,Mario Calogiuri,Spotify,0.351,0.232,-15.058,0.0437,0.983,0.839,0.218,0.202,85.144,395.7,Sad/Mellow,598936,6441,369,4475285,0.01137,0.010754,0.13,1.064220183,0,0
1446,PXNDX,Los Malaventurados No Lloran,Amantes Sunt Amentes,album,PXNDX - Los Malaventurados No Lloran (Official Video) [4K Remastered],MASTER RJ,Spotify,0.488,0.897,-6.503,0.114,0.00904,5.91e-05,0.311,0.814,172.054,207.8,Happy/Energetic,71855,1295,39,157861000,0.018565,0.018022,4.66,2.884244373,0,0
1447,Novo Amor,Anchor,Bathing Beach,single,Novo Amor - Anchor (official video),Novo Amor,Spotify,0.457,0.407,-11.475,0.0308,0.805,0.884,0.126,0.126,117.053,257.5,Sad/Mellow,19681746,277521,5943,247255946,0.014402,0.0141,7.3,3.23015873,1,1
1448,Eddie Santiago,Tu Me Quemas,Atrevido Y Diferente,album,Eddie Santiago - Tu me quemas,Computadoras Cañete,Youtube,0.714,0.762,-6.654,0.0429,0.341,5.88e-05,0.0468,0.963,171.409,300.0,Happy/Energetic,1462781,13550,432,0,0.009559,0.009263,0.0,16.28205128,0,0
1449,Kidz Bop Kids,Astronaut In The Ocean,KIDZ BOP 2022,album,KIDZ BOP Kids - Astronaut In The Ocean (Seated Dance Along),KIDZ BOP,Spotify,0.824,0.744,-5.879,0.0619,0.00995,3.56e-06,0.332,0.698,150.021,134.1,Happy/Energetic,692851,2892,0,9335064,0.004174,0.004174,0.28,2.240963855,0,1
1450,2Pac,Ambitionz Az A Ridah,All Eyez On Me,album,2pac - Ambitionz Az A Ridah (MUSIC VIDEO),Makaveli 'G,Spotify,0.801,0.91,-6.566,0.225,0.00239,0.000891,0.0737,0.805,87.277,278.4,Happy/Energetic,89682,1301,41,578493150,0.014964,0.014507,17.08,12.34735414,0,0
1451,Tayc,No No No,Fleur froide - Second état : la cristallisation,album,Tayc x @JasonDerulo - No No No (Official Lyrics Video),Tayc,Spotify,0.524,0.736,-5.708,0.12,0.119,0.00177,0.655,0.648,204.09,155.4,Happy/Energetic,211613,5646,169,11294635,0.027479,0.026681,0.33,1.123664122,1,1
1452,Ella Fitzgerald,We Three Kings - Remastered 2006,Ella Fitzgerald's Christmas (Deluxe Edition),album,We Three Kings (Remastered 2006),Ella Fitzgerald - Topic,Spotify,0.32,0.283,-14.078,0.0365,0.922,0.000305,0.145,0.431,79.716,127.3,Sad/Mellow,29012,315,3,8456463,0.010961,0.010858,0.25,1.951724138,1,1
1453,Hariharan,Venmegam,Yaaradi Nee Mohini (Original Motion Picture Soundtrack),album,Yaaradi Nee Mohini - Venmegam Video | Dhanush | Yuvanshankar Raja,SonyMusicSouthVEVO,Youtube,0.803,0.426,-11.54,0.0742,0.418,2.23e-05,0.11,0.556,114.945,274.9,Calm/Positive,64425903,431122,11445,26277076,0.006869,0.006692,0.78,3.872727273,1,1
1454,Avril Lavigne,Here's to Never Growing Up,Avril Lavigne (Expanded Edition),album,Avril Lavigne - Here's to Never Growing Up (Official Video),AvrilLavigneVEVO,Youtube,0.482,0.873,-3.145,0.0853,0.0111,0.0,0.409,0.737,165.084,214.3,Happy/Energetic,206642026,1681417,104304,190837489,0.008642,0.008137,5.64,2.134474328,1,1
1455,IVE,ELEVEN -Japanese version-,ELEVEN -Japanese version-,single,IVE ELEVEN Palette of IVE Purple ver.,IVE,Spotify,0.822,0.748,-3.144,0.0852,0.0686,4.13e-06,0.053,0.477,119.886,178.5,Angry/Intense,378541,39906,1236,3306289,0.108686,0.105421,0.1,14.11320755,0,1
1456,Aleman,VETE YA,CONTINGENTE,album,"Junior H, Aleman - Vete Ya (LETRA) | Contingente",Yordi Rivera,Spotify,0.537,0.595,-9.503,0.109,0.112,0.0,0.113,0.115,104.029,230.5,Angry/Intense,271418,3055,8,10460166,0.011285,0.011256,0.31,5.265486726,0,0
1457,Cris Mj,Llamame Bebe,Llamame Bebe,single,Pailita - Llámame Bebé - ft. Cris Mj & Young Cister (Prod. Reelian),P A I L I T A -,Spotify,0.808,0.688,-6.78,0.106,0.232,0.0,0.149,0.351,105.034,258.3,Angry/Intense,14511677,215080,5166,20161636,0.015177,0.014821,0.6,4.617449664,1,1
1458,Jacquees,You Belong To Somebody Else,Fuck A Friend Zone,album,Dej Loaf & Jacquees - You Belong To Somebody Else Lyrics,therealdavdior,Spotify,0.79,0.472,-6.999,0.0656,0.325,5.83e-06,0.276,0.287,115.055,218.7,Sad/Mellow,42832057,245657,3555,60604032,0.005818,0.005735,1.79,1.710144928,0,0
1459,Pink Floyd,"Another Brick in the Wall, Pt. 2",The Wall,album,"Pink Floyd - Another Brick In The Wall, Part Two (Official Music Video)",Pink Floyd,Youtube,0.693,0.394,-15.882,0.0428,0.0782,0.000694,0.247,0.721,104.114,238.7,Calm/Positive,42252469,405995,7172,0,0.009779,0.009609,0.0,1.5951417,1,1
1460,Gala,Freed From Desire - Full Vocals Mixx,Coming Into a Decade (10Th Anniversary),album,GALA - Freed from desire [Official Video],DO IT YOURSELF,Youtube,0.751,0.836,-4.486,0.0815,0.287,0.216,0.0758,0.647,128.988,255.5,Happy/Energetic,192034757,1293160,46171,4687169,0.006974,0.006734,0.14,11.02902375,1,1
1461,Stray Kids,Deep end (Felix),SKZ-REPLAY,album,Deep end (???) Deep end (Felix),Stray Kids - Topic,Spotify,0.485,0.223,-10.585,0.06,0.879,0.0,0.15,0.257,113.541,208.4,Sad/Mellow,2493049,173620,12087,7312957,0.07449,0.069642,0.22,1.486666667,1,1
1462,DIVINE,Bornfire,Gunehgar,album,DIVINE - Bornfire feat. Russ | Official Music Video,DIVINE,Youtube,0.714,0.596,-6.966,0.172,0.251,0.0,0.201,0.218,93.984,164.7,Angry/Intense,5375131,260961,6642,3162241,0.049785,0.04855,0.09,2.965174129,1,1
1463,Pyotr Ilyich Tchaikovsky,"Tchaikovsky: The Nutcracker, Op. 71, Act I, Scene 1: No. 2, March",Tchaikovsky: The Nutcracker,album,"The Nutcracker, Op. 71, Act I, Scene 1: No. 2, March",Sir Simon Rattle - Topic,Spotify,0.444,0.116,-23.172,0.041,0.977,0.868,0.0862,0.512,150.319,145.6,Calm/Positive,38737,626,1,16145328,0.016186,0.01616,0.48,1.345707657,1,1
1464,Maldy,La Fórmula Sigue,La Fórmula,compilation,"Zion, Arcangel, Lennox, RKM, Chencho, Maldy, Ken-Y - La Formula Sigue (La Formula) [Official Video]",Pina Records,Youtube,0.732,0.974,-4.161,0.264,0.15,0.0,0.123,0.256,90.006,295.8,Angry/Intense,57359525,250591,13067,6175950,0.004597,0.004369,0.18,7.918699187,1,1
1465,Tove Lo,Don't Say Goodbye (feat. Tove Lo),Don't Say Goodbye (feat. Tove Lo),single,ALOK & Ilkay Sencan (feat. Tove Lo) - Don't Say Goodbye (Lyric Video),Tove Lo,Spotify,0.698,0.719,-4.923,0.0455,0.00829,4.01e-06,0.326,0.364,120.062,186.7,Angry/Intense,33325022,336565,5990,201437609,0.010279,0.010099,5.95,2.205521472,0,1
1466,Yeah Yeah Yeahs,Gold Lion,Show Your Bones,album,Yeah Yeah Yeahs - Gold Lion (E-version),YeahYeahYeahsVEVO,Spotify,0.521,0.848,-3.396,0.065,0.0204,1.21e-05,0.081,0.297,158.739,187.1,Angry/Intense,2301743,19945,441,44402584,0.008857,0.008665,1.31,10.4691358,1,1
1467,Jorge Ben Jor,Menina Mulher Da Pele Preta / O Telefone Tocou Novamente - Ao Vivo,MPB das Antigas,compilation,Jorge Ben Jor - Menina Mulher da Pele Preta / O Telefone Tocou Novamente (Acústico MTV),Leonardo Blundi,Spotify,0.435,0.674,-9.281,0.0952,0.143,2.34e-06,0.668,0.937,82.023,298.0,Happy/Energetic,297581,5652,198,18800932,0.019659,0.018993,0.56,1.008982036,0,0
1468,Hugo & Guilherme,Meu Número - Ao Vivo,Próximo Passo (Ao Vivo),album,0,0,Spotify,0.427,0.834,-4.169,0.0978,0.434,0.0,0.939,0.32,179.089,208.0,Angry/Intense,0,0,0,106654467,0.0,0.0,3.15,0.888178914,0,0
1469,Crystal Castles,Vanished,Crystal Castles,album,Crystal Castles - Vanished,Crystal Waves,Spotify,0.713,0.868,-6.644,0.0305,0.00206,9.23e-05,0.225,0.641,119.98,243.0,Happy/Energetic,3187985,107604,931,103837288,0.034045,0.033753,3.07,3.857777778,0,0
1470,Jowell & Randy,Si Te Pillo,Si Te Pillo,single,Jowell y Randy ft. Wisin y Yandel - Si Te Pillo (Video Oficial),Jowell & Randy,Spotify,0.687,0.781,-4.657,0.0944,0.166,4.32e-06,0.255,0.655,180.1,219.7,Happy/Energetic,8266725,92753,2561,9342135,0.01153,0.01122,0.28,3.062745098,1,1
1471,Gipsy Kings,Volare,Mosaique,album,Gipsy Kings - Volare (Official Video),gipsykingsVEVO,Youtube,0.612,0.876,-8.323,0.0515,0.644,1.2e-05,0.383,0.909,116.104,218.5,Happy/Energetic,51105776,366976,8055,0,0.007338,0.007181,0.0,2.287206266,1,1
1472,Jesse & Joy,Me Soltaste,Un Besito Más,album,0,0,Spotify,0.4,0.398,-6.038,0.0385,0.786,3.47e-06,0.333,0.16,111.661,229.9,Sad/Mellow,0,0,0,169381261,0.0,0.0,5.0,1.195195195,0,0
1473,Scorpions,Send Me An Angel,Crazy World,album,Scorpions - Send Me An Angel,ScorpionsVEVO,Youtube,0.153,0.417,-11.587,0.0318,0.434,0.000622,0.211,0.166,80.87,273.3,Sad/Mellow,327633448,1565889,44915,166627981,0.004916,0.004779,4.92,1.976303318,1,1
1474,Jory Boy,HOOKIA,SIXDO,single,"Feid, Jory Boy - HOOKIA (Vertical Video)",FeidVEVO,Spotify,0.733,0.814,-2.817,0.145,0.0708,0.0,0.118,0.483,172.104,171.6,Angry/Intense,3896151,75762,1415,11317924,0.019809,0.019445,0.33,6.898305085,1,1
1475,A.R. Rahman,Ennodu Nee Irundhaal,I (Original Motion Picture Soundtrack),album,"I - Ennodu Nee Irundhaal Video | A. R. Rahman | Vikram, Amy Jackson | Shankar",SonyMusicSouthVEVO,Youtube,0.261,0.603,-6.733,0.0367,0.558,0.0,0.184,0.207,158.125,352.7,Angry/Intense,65094477,417473,11032,37409758,0.006583,0.006413,1.1,3.277173913,1,1
1476,Daft Punk,Digital Love,Discovery,album,Daft Punk - Digital Love (Official Video),Daft Punk,Spotify,0.644,0.664,-8.398,0.0332,0.048,0.867,0.342,0.53,124.726,301.4,Happy/Energetic,30079390,203063,8957,115484456,0.007049,0.006751,3.41,1.941520468,1,1
1477,Barbra Streisand,Memory,Memories,album,Barbra Streisand - Memory (Official Video),barbrastreisandVEVO,Spotify,0.185,0.24,-14.889,0.0399,0.415,0.0007,0.105,0.11,79.471,235.2,Sad/Mellow,24216375,236480,7663,35568373,0.010082,0.009765,1.05,2.285714286,1,1
1478,Shweta Mohan,Innum Konjam Naeram,Maryan (Original Motion Picture Soundtrack),album,Innum Konjam Neram - Shweta Mohan f. Bennet & the band - Music Mojo - Kappa TV,Kappa Originals ,Spotify,0.647,0.389,-10.35,0.0336,0.509,7.8e-06,0.103,0.436,134.976,313.5,Sad/Mellow,17420108,90421,3611,24191310,0.005398,0.005191,0.71,3.776699029,0,0
1479,Noah Kahan,New Perspective,Stick Season,album,Noah Kahan - New Perspective (Official Lyric Video),NoahKahanVEVO,Spotify,0.685,0.522,-9.635,0.0415,0.264,1.31e-06,0.0837,0.509,156.529,256.9,Happy/Energetic,312676,2633,57,9918557,0.008603,0.008421,0.29,6.23655914,1,1
1480,Toni Braxton,Just Be A Man About It,The Heat,album,Toni Braxton - Just Be A Man About It (Video Version),ToniBraxtonVEVO,Youtube,0.753,0.45,-6.909,0.0919,0.274,2.05e-06,0.321,0.56,109.408,288.9,Calm/Positive,150665707,689456,16831,16309533,0.004688,0.004576,0.48,1.401869159,1,1
1481,Jerry Rivera,Mi Libertad - with Special Guest: Voltio,Canto A Mi Idolo...Frankie Ruiz,album,Jerry Rivera - Mi Libertad ft.Voltio (Video Oficial),jerryriveraVEVO,Youtube,0.774,0.771,-4.463,0.0417,0.678,0.0,0.739,0.905,94.945,275.8,Happy/Energetic,75200907,315848,5553,17666456,0.004274,0.0042,0.52,1.043301759,1,1
1482,Supertramp,Breakfast In America - 2010 Remastered,Breakfast In America (Deluxe Edition),album,Supertramp - Breakfast In America (Official 4K Video),Supertramp Official,Spotify,0.532,0.663,-5.886,0.0292,0.425,1.07e-06,0.0734,0.756,75.14,159.3,Happy/Energetic,27729,744,26,215785194,0.027769,0.026831,6.37,9.032697548,0,0
1483,Destiny's Child,Soldier (feat. T.I. & Lil' Wayne),Destiny Fulfilled,album,"Destiny's Child - Soldier ft. T.I., Lil' Wayne",DestinysChildVEVO,Youtube,0.878,0.417,-6.799,0.361,0.0444,0.0,0.0833,0.904,77.49,325.6,Calm/Positive,225592008,1048760,27610,136912173,0.004771,0.004649,4.04,5.006002401,1,1
1484,NEFFEX,Destiny,Destiny: The Collection,album,NEFFEX - Destiny ??   [Copyright Free] No.8,NEFFEX,Spotify,0.861,0.58,-7.571,0.0505,0.0172,1.06e-06,0.0545,0.874,130.006,206.8,Happy/Energetic,79021013,892211,20266,94663784,0.011547,0.011291,2.8,10.64220183,1,1
1485,LP,Other People,Lost on You,album,LP - Other People (Official Video),Energy TV,Spotify,0.55,0.677,-4.679,0.0259,0.0842,0.0,0.144,0.489,90.992,244.9,Angry/Intense,24349319,134592,2666,72457420,0.005637,0.005528,2.14,4.701388889,1,1
1486,Travis Scott,Raindrops (Insane) [with Travis Scott],HEROES & VILLAINS,album,Metro Boomin & Travis Scott - Raindrops (Insane) [Unofficial Music Video],NAKI,Spotify,0.796,0.539,-5.974,0.0433,0.103,0.0,0.343,0.123,111.988,188.6,Angry/Intense,1823,71,6,55173171,0.042238,0.038947,1.63,1.571428571,0,0
1487,Los Cafres,Casi q' me pierdo,El Paso Gigante,album,Los Cafres - Casi q` me pierdo (video oficial) HD,PopArt Discos,Youtube,0.697,0.638,-5.246,0.091,0.0216,0.00286,0.103,0.598,165.929,265.7,Happy/Energetic,110668761,240028,3988,78422991,0.002205,0.002169,2.32,6.194174757,1,1
1488,Trippie Redd,KNIGHT CRAWLER (feat. Juice WRLD),MANSION MUSIK,album,TRASH or PASS! Trippie Redd ft Juice WRLD ( KNIGHT CRAWLER ),LayedBakDFR,Spotify,0.679,0.769,-3.539,0.24,0.0537,0.0,0.309,0.424,130.094,177.2,Angry/Intense,34550,3218,372,10908573,0.103907,0.09314,0.32,2.488673139,0,0
1489,Jessie Reyez,ADIÓS AMOR,YESSIE,album,Jessie Reyez - Adiós Amor | GALLERY SESSION,Gallery Sessions,Spotify,0.355,0.584,-5.501,0.116,0.752,0.0,0.0968,0.149,175.347,159.5,Angry/Intense,264772,10527,266,2752122,0.040763,0.039759,0.08,6.033057851,1,1
1490,Patrick Watson,Ode to Vivian,Better in the Shade,album,Ode to Vivian (Rework),Patrick Watson - Topic,Spotify,0.496,0.15,-22.415,0.0355,0.981,0.94,0.123,0.464,134.311,89.6,Sad/Mellow,86950,955,7,8273038,0.011064,0.010983,0.24,1.219512195,1,1
1491,Ado,Odo,Kyougen,album,?Ado??,Ado,Youtube,0.709,0.962,-0.753,0.106,0.153,1.77e-06,0.621,0.767,128.013,210.3,Happy/Energetic,161561467,1534595,60268,94288576,0.009872,0.009499,2.78,1.549114332,0,1
1492,Waylon Jennings,Highwayman,Highwayman,album,The Highwaymen - Highwayman,HighwaymenVEVO,Spotify,0.67,0.351,-16.842,0.0463,0.48,0.0176,0.115,0.45,101.384,182.7,Sad/Mellow,47676921,335189,16382,193343622,0.007374,0.00703,5.71,3.052173913,1,1
1493,Usher,Yeah! (feat. Lil Jon & Ludacris),Confessions (Expanded Edition),album,"Usher - Yeah! (Official Video) ft. Lil Jon, Ludacris",UsherVEVO,Spotify,0.894,0.791,-4.699,0.112,0.0183,0.0,0.0388,0.583,105.018,250.4,Happy/Energetic,766892796,5030572,101986,942052772,0.006693,0.00656,27.82,20.38659794,1,1
1494,Hugh Jackman,A Million Dreams,The Greatest Showman (Original Motion Picture Soundtrack),compilation,"The Greatest Showman | ""A Million Dreams” Full Scene with Hugh Jackman | 20th Century FOX",Fox Family Entertainment,Spotify,0.265,0.312,-11.689,0.0569,0.243,0.0,0.0893,0.0998,54.747,269.5,Sad/Mellow,19733123,195179,0,458170442,0.009891,0.009891,13.53,3.493840985,0,0
1495,Mijares,Para Amarnos Más,21 Black Jack,album,Mijares - Para Amarnos Mas,MijaresVEVO,Spotify,0.536,0.665,-7.743,0.0367,0.641,0.000608,0.113,0.243,140.256,206.7,Angry/Intense,57839934,170069,5297,138711251,0.003032,0.00294,4.1,5.884955752,1,1
1496,Filipe Ret,Sonho Dos Cria,LUME,album,Filipe Ret ? Sonho Dos Cria (Ft. Poze do Rodo - Prod. Nagalli),Filipe Ret,Spotify,0.766,0.641,-5.1,0.132,0.414,0.0,0.104,0.301,128.993,143.3,Angry/Intense,29184101,359164,4927,36329513,0.012476,0.012307,1.07,6.163461538,1,1
1497,Burl Ives,"Overture And A Holly Jolly Christmas - From ""Rudolph The Red-Nosed Reindeer"" Soundtrack",Rudolph The Red-Nosed Reindeer,album,"Overture And A Holly Jolly Christmas (From ""Rudolph The Red-Nosed Reindeer"" Soundtrack)",Burl Ives - Topic,Spotify,0.366,0.191,-15.278,0.0298,0.923,7.08e-05,0.225,0.296,94.347,148.3,Sad/Mellow,318836,2524,11,6153765,0.007951,0.007916,0.18,0.848888889,1,1
1498,RADWIMPS,Ms. Phenomenal,"Original Soundtrack of ""The Last Ten Years""",album,RADWIMPS - ????? [Official Music Video],RADWIMPS,Spotify,0.489,0.522,-5.291,0.0306,0.401,0.0,0.238,0.43,78.035,318.9,Angry/Intense,9623730,141782,3160,15928537,0.015061,0.014733,0.47,2.193277311,1,1
1499,Polimá Westcoast,ULTRA SOLO,ULTRA SOLO,single,Polimá Westcoast - TU ME QUIERES? ( Video Oficial ),Polimá Westcoast,Spotify,0.802,0.846,-4.495,0.207,0.233,1.92e-05,0.114,0.26,109.982,227.2,Angry/Intense,199271,18874,823,268794467,0.098845,0.094715,7.94,7.421052632,0,1
1500,Mohammed Rafi,"Chura Liya Hai Tumne Jo Dil Ko (From ""Yaadon Ki Baaraat"")",Singing Icon - Asha Bhosle,album,"Chura Liya Hai Tumne Jo Dil Ko (( 4K Video )) | Yaadon Ki Baaraat | Zeenat A | Asha B, Mohammed Rafi",Mohammed Rafi,Spotify,0.559,0.318,-11.106,0.0317,0.857,1.88e-06,0.11,0.684,80.242,287.8,Calm/Positive,9523967,57088,899,19610237,0.006089,0.005994,0.58,2.890909091,0,1
1501,Major Lazer,Don't Go Yet - Major Lazer Remix,Don't Go Yet (Major Lazer Remix),single,Camila Cabello - Don't Go Yet (Major Lazer Remix - Official Audio),CamilaCabelloVEVO,Spotify,0.806,0.73,-5.73,0.149,0.228,0.000114,0.0817,0.629,124.914,171.3,Happy/Energetic,1098905,33076,1382,27563606,0.031357,0.030099,0.81,8.935128519,1,1
1502,Joan Sebastian,Rumores,Rumores,album,Rumores-Joan Sebastian,Rockola Videobar,Youtube,0.805,0.697,-7.349,0.0363,0.488,0.0,0.0922,0.721,125.842,222.5,Happy/Energetic,183047572,291898,7647,138173166,0.001636,0.001595,4.08,7.559652928,0,0
1503,Cazzu,De Pari,De Pari,single,"Cazzu, Mora - De Pari (Video Oficial)",CAZZU Canal Oficial,Spotify,0.79,0.569,-6.097,0.0867,0.369,0.0,0.127,0.563,91.957,174.3,Happy/Energetic,6533916,102895,4970,9987823,0.016508,0.015748,0.29,4.480314961,1,1
1504,Roop Kumar Rathod,Maula Mere Maula - LoFi,Lofi Chill Mix,compilation,Maula Mere Maula | Anwar (2007) | Siddharth Koirala | Nauheed Cyrusi| Bollywood Romantic Song,Romantic Hindi Songs,Youtube,0.508,0.535,-6.784,0.0325,0.0177,0.894,0.115,0.162,117.057,151.8,Angry/Intense,17481638,141210,2347,2394326,0.008212,0.008078,0.07,4.652173913,1,1
1505,Lorenzo,Fume à fond,Rien à branler,album,Fume a fond /lorenzo :parols + clips,Kalash Clash VEVO,Spotify,0.833,0.629,-6.203,0.404,0.471,0.0,0.0986,0.767,75.031,182.5,Happy/Energetic,541236,7314,133,64696556,0.013759,0.013514,1.91,6.379310345,0,0
1506,Diana Ross,Upside Down,Diana,album,Upside Down - DIANA ROSS '1980,ALL NIGHT LONG,Spotify,0.873,0.855,-8.559,0.0615,0.179,0.0285,0.0377,0.884,107.868,245.6,Happy/Energetic,7709508,86640,3096,151170314,0.01164,0.011238,4.46,22.67904509,0,0
1507,Julio Iglesias,"Soy un Truhán, Soy un Señor",Begin the Beguine,album,"JULIO IGLESIAS - SOY UN TRUHÁN, SOY UN SEÑOR, TVE 1977",Dúo Dinámico Oficial,Spotify,0.573,0.426,-14.448,0.0349,0.602,0.0,0.393,0.724,98.719,186.7,Calm/Positive,12429033,61031,2214,44496646,0.005088,0.00491,1.31,1.083969466,1,1
1508,REO Speedwagon,Time for Me to Fly,"You Can Tune a Piano, But You Can't Tuna Fish",album,REO Speedwagon - Time for Me to Fly (Official Music Video),RSpwagonVEVO,Spotify,0.463,0.629,-7.075,0.0269,0.0524,0.0,0.176,0.459,81.797,221.4,Angry/Intense,7660515,61576,3105,48362442,0.008443,0.008038,1.43,3.573863636,1,1
1509,Santhosh Narayanan,Kaarkuzhal Kadavaiye,VadaChennai (Original Motion Picture Soundtrack),album,VADACHENNAI - Kaarkuzhal Kadavaiye (Redux) Video Song | Dhanush | Vetri Maaran | Santhosh Narayanan,Wunderbar Films,Spotify,0.698,0.5,-11.249,0.0844,0.307,2.15e-05,0.101,0.353,129.973,312.4,Angry/Intense,787611,20978,321,5913684,0.027043,0.026635,0.17,4.95049505,1,1
1510,LX,10 Jahre,187 Allstars - EP,single,187 Strassenbande - 10 Jahre (Jambeatz),CrhymeTV,Spotify,0.599,0.825,-6.484,0.373,0.0734,0.0,0.288,0.419,121.115,227.7,Angry/Intense,49698103,342642,17178,52448796,0.00724,0.006894,1.55,2.864583333,1,1
1511,Jubin Nautiyal,"Tum Hi Aana (From ""Marjaavaan"")","Tum Hi Aana (From ""Marjaavaan"")",single,"Tum Hi Aana Full Video | Marjaavaan | Riteish D, Sidharth M, Tara S | Jubin N | Payal Dev Kunaal V",T-Series,Youtube,0.473,0.401,-7.018,0.0241,0.629,1.17e-05,0.154,0.345,90.076,249.1,Sad/Mellow,348233689,2722262,69328,100793156,0.008016,0.007817,2.98,2.603896104,1,1
1512,Tainy,Adicto (with Anuel AA & Ozuna),Adicto (with Anuel AA & Ozuna),single,"Tainy, Anuel AA, Ozuna - Adicto (Official Video)",TainyVEVO,Youtube,0.734,0.836,-4.803,0.0735,0.017,1.64e-05,0.179,0.623,80.002,270.7,Happy/Energetic,1008938076,3374362,55566,587928998,0.0034,0.003344,17.36,4.670391061,1,1
1513,Sean Paul,No Lie,Mad Love The Prequel,album,Sean Paul - No Lie (Official Music Video) ft. Dua Lipa,SeanPaulVEVO,Youtube,0.742,0.882,-2.862,0.117,0.0466,0.0,0.206,0.463,102.04,221.2,Angry/Intense,1120854023,7147862,108564,851711837,0.006474,0.006377,25.15,4.281553398,1,1
1514,Kavita Seth,"Tum Hi Ho Bandhu (From ""Cocktail"")",Cocktail,album,"Tumhi Ho Bandhu Full Video Song | Cocktail | Saif Ai Khan, Deepika Padukone & Diana Penty | Pritam",Eros Now Music,Youtube,0.714,0.892,-5.342,0.0516,0.00145,0.000817,0.0462,0.899,134.997,282.0,Happy/Energetic,203663239,945918,17935,63959745,0.004733,0.004645,1.89,19.30735931,1,1
1515,Boef,Als Je Bij Me Blijft,Als Je Bij Me Blijft,single,"$hirak - Als Je Bij Me Blijft ft. Cristian D, Bilal Wahib, Ronnie Flex & Boef",Maison $hirak,Spotify,0.94,0.918,-7.416,0.234,0.0775,0.0,0.0918,0.652,129.997,165.5,Happy/Energetic,2158515,18004,480,17828474,0.008563,0.008341,0.53,10.0,0,0
1516,Jowell & Randy,La Máquina,LLNM2,album,Jowell y Randy ft. Wisin y Yandel - Si Te Pillo (Video Oficial),Jowell & Randy,Spotify,0.799,0.775,-5.869,0.077,0.0308,0.00526,0.309,0.605,95.027,296.9,Happy/Energetic,8266725,92753,2561,24745466,0.01153,0.01122,0.73,2.508090615,1,1
1517,Jóhann Jóhannsson,Forces of Attraction,The Theory of Everything (Original Motion Picture Soundtrack),album,Force of Attraction · Jóhann Jóhannsson (Music Video 2020),manolo1918,Spotify,0.511,0.126,-20.852,0.0374,0.895,0.869,0.102,0.403,103.997,123.2,Sad/Mellow,2798,106,15,24641200,0.043245,0.037884,0.73,1.235294118,0,0
1518,L7NNON,Poesia Acústica #9: Melhor Forma,Poesia Acústica #9: Melhor Forma,single,Poesia Acústica #9 - Melhor Forma - L7NNON | CHRIS | Xamã | Lourena | Cesar Mc | Djonga | Filipe Ret,PineappleStormTV,Youtube,0.733,0.688,-5.458,0.0672,0.455,0.0,0.117,0.654,130.026,611.1,Happy/Energetic,371928912,3513716,121500,155780831,0.009774,0.009447,4.6,5.88034188,1,1
1519,D12,Pimp Like Me,Devils Night,album,D12 - Pimp Like Me (Lyrics),gtafan313,Spotify,0.878,0.544,-4.618,0.284,0.0981,0.0,0.198,0.546,135.987,357.0,Happy/Energetic,389253,3768,104,14350115,0.009947,0.00968,0.42,2.747474747,0,0
1520,Antonio Aguilar,Bandido De Amores,Grandes Duetos,album,antonio aguilar-bandido de amores,Daniel Cota,Spotify,0.415,0.504,-6.05,0.0649,0.824,3.8e-06,0.322,0.97,189.937,178.9,Happy/Energetic,4380864,18399,327,53367571,0.004274,0.0042,1.58,1.565217391,0,0
1521,Harish Raghavendra,"Devathaiya Kandein (From ""Kadhal Kondaen"")",Hits of Harish Ragavendra,album,Devathaiyai Kanden Video Song | Kadhal Konden | Dhanush | Harish Raghavendra | Yuvan Shankar Raja,Pyramid Glitz Music,Spotify,0.879,0.434,-10.778,0.0385,0.113,2.46e-05,0.105,0.794,110.018,310.6,Calm/Positive,6860192,64093,2396,12510392,0.009692,0.009343,0.37,4.133333333,1,1
1522,Smash Mouth,Walkin' On The Sun,Fush Yu Mang (20th Anniversary Edition),album,Smash Mouth - Walkin' On The Sun (Official Music Video),SmashMouthVEVO,Spotify,0.745,0.972,-5.598,0.0316,0.346,0.0,0.148,0.968,123.067,207.8,Happy/Energetic,67100148,399464,14303,125554975,0.006166,0.005953,3.71,6.567567568,1,1
1523,Madvillain,Raid,Madvillainy,album,Madvillain - Raid,Stones Throw,Spotify,0.419,0.871,-6.432,0.468,0.715,0.0,0.211,0.577,201.451,150.5,Happy/Energetic,5595950,59077,3420,39094279,0.011168,0.010557,1.15,4.127962085,0,0
1524,Alejandro Fernández,Me Dediqué a Perderte,A Corazón Abierto,album,Alejandro Fernández - Me Dedique A Perderte (Video Oficial),AFernandezVEVO,Youtube,0.642,0.442,-9.115,0.074,0.491,1.58e-06,0.102,0.465,148.01,231.8,Sad/Mellow,459879507,1139522,25291,456626889,0.002533,0.002478,13.48,4.333333333,1,1
1525,Pretenders,Back on the Chain Gang - 2007 Remaster,Learning to Crawl (Expanded & Remastered),album,Pretenders - Back on the Chain Gang (Official Music Video),Pretenders,Spotify,0.598,0.901,-6.081,0.0359,0.116,0.0401,0.178,0.814,153.24,231.1,Happy/Energetic,9601064,79063,2209,77676515,0.008465,0.008235,2.29,5.061797753,0,1
1526,Jairo Vera,Lealtad,Lealtad,single,JAIRO VERA  - LEALTAD (Video Oficial),Jairo Vera TV,Youtube,0.828,0.546,-6.443,0.111,0.0485,4.05e-05,0.207,0.466,98.019,167.8,Angry/Intense,2245370,41295,1380,1806866,0.019006,0.018391,0.05,2.637681159,0,0
1527,TINI,Muñecas,Muñecas,single,"TINI, La Joaqui, Steve Aoki - Muñecas (Official Video)",TiniVEVO,Spotify,0.681,0.711,-4.79,0.0846,0.0278,0.0,0.312,0.826,89.89,156.3,Happy/Energetic,17110327,354462,15338,17899601,0.021613,0.020716,0.53,2.278846154,1,1
1528,La Arrolladora Banda El Limón De Rene Camacho,Si Tu Amor No Vuelve,La Otra Cara De La Moneda,album,La Arrolladora Banda El Limón De René Camacho - Si Tu Amor No Vuelve,ArrolladoraLimonVEVO,Spotify,0.728,0.408,-6.66,0.0401,0.807,1.45e-05,0.0727,0.806,124.02,247.6,Calm/Positive,44393734,147327,2392,72717311,0.003373,0.003319,2.15,5.612104539,1,1
1529,Devi Sri Prasad,"Poonakaalu Loading (From ""Waltair Veerayya"")","Poonakaalu Loading (From ""Waltair Veerayya"")",single,Waltair Veerayya - Poonakaalu Loading Lyric | Megastar Chiranjeevi | Ravi Teja | DSP | Bobby Kolli,Sony Music South,Youtube,0.815,0.934,-7.756,0.173,0.514,0.0194,0.0942,0.63,90.048,198.2,Happy/Energetic,28210597,384127,13129,4371178,0.014082,0.013616,0.13,9.91507431,1,1
1530,Jimmy Eat World,Last Christmas,Bleed American (Deluxe Edition),album,Jimmy Eat World - Last Christmas,Aldo Rodrigo,Spotify,0.517,0.881,-4.657,0.0423,0.00144,0.0,0.342,0.689,126.013,267.8,Happy/Energetic,1034380,6066,515,13151755,0.006362,0.005864,0.39,2.576023392,0,0
1531,PNAU,Changes - Original Mix,Changes,single,"Faul, Wad Ad, Pnau - Changes (Videoclip)",faulwadadVEVO,Spotify,0.824,0.697,-8.245,0.0372,0.00899,0.682,0.0651,0.261,125.998,343.6,Angry/Intense,85866095,617070,10475,214854734,0.007308,0.007186,6.34,10.70660522,0,0
1532,Starship,Nothing's Gonna Stop Us Now,No Protection,album,Starship - Nothing's Gonna Stop Us Now (Official Music Video) [HD],RHINO,Spotify,0.643,0.802,-4.92,0.0227,0.0299,0.0,0.0719,0.53,95.99,270.3,Happy/Energetic,323948953,1498820,42678,397652961,0.004758,0.004627,11.74,11.15438108,1,1
1533,Outkast,ATLiens,ATLiens,album,Outkast - ATliens (Official HD Video),OutkastVEVO,Spotify,0.918,0.734,-2.832,0.269,0.0296,8.01e-06,0.191,0.608,97.044,230.7,Happy/Energetic,7573337,82198,2152,124742886,0.011138,0.010854,3.68,3.842931937,1,1
1534,The Script,Run Through Walls,Sunsets & Full Moons,album,The Script - Run Through Walls (Official Video),TheScriptVEVO,Spotify,0.337,0.66,-3.644,0.0324,0.226,0.0,0.744,0.49,158.864,206.7,Angry/Intense,3256356,70973,2156,37045138,0.022457,0.021795,1.09,0.887096774,1,1
1535,Lecrae,Jireh (My Provider),Jireh (My Provider),single,"Limoblaze, Lecrae, Happi - Jireh (My Provider) [Official Video]",LimoblazeVEVO,Youtube,0.443,0.778,-7.564,0.266,0.241,0.0,0.215,0.628,128.25,168.0,Happy/Energetic,8043976,161018,4230,7374533,0.020543,0.020017,0.22,3.618604651,1,1
1536,SEGA SOUND TEAM,Friday Night,????0 ????? ????????????? (Side B),album,Friday Night,SEGA - Topic,Spotify,0.586,0.978,-4.884,0.0311,0.00181,0.0113,0.363,0.636,125.826,96.1,Happy/Energetic,748694,13711,99,11949808,0.018445,0.018313,0.35,2.694214876,1,1
1537,Lil Jon,LET'S GET CRAZY! (Mambo Drop),LET'S GET CRAZY! (Mambo Drop),single,Don Omar x Lil Jon - LET'S GET CRAZY! (Mambo Drop) [Official Music Video],Don Omar,Youtube,0.702,0.906,-4.811,0.032,0.00659,1.07e-05,0.104,0.667,120.021,159.8,Happy/Energetic,15782512,176658,8849,3199106,0.011754,0.011193,0.09,8.711538462,0,1
1538,Sabaton,Primo Victoria,Primo Victoria (Re-Armed),album,SABATON - Primo Victoria (Official Music Video),Sabaton,Spotify,0.436,0.748,-6.349,0.031,0.000676,3.01e-06,0.221,0.589,62.11,250.7,Happy/Energetic,13040673,176035,8507,93119440,0.014151,0.013499,2.75,3.384615385,1,1
1539,Eve,Who's That Girl?,Scorpion,album,Eve - Who's That Girl? (Official Music Video),EveVEVO,Spotify,0.77,0.86,-3.702,0.19,0.0159,0.000713,0.0682,0.547,96.428,281.9,Happy/Energetic,38675670,260147,8204,99251662,0.006938,0.006726,2.93,12.60997067,1,1
1540,Carla Morrison,Déjenme Llorar,Déjenme Llorar,album,Carla Morrison - Dejenme Llorar (feat. Leonel Garcia) Video Oficial,Cosmica Artists,Youtube,0.636,0.306,-7.103,0.0366,0.853,0.0,0.108,0.0796,93.991,235.3,Sad/Mellow,339921939,1495152,39393,118892800,0.004514,0.004399,3.51,2.833333333,1,1
1541,Papa Roach,Born For Greatness,Crooked Teeth (Deluxe),album,Papa Roach - Born For Greatness (Official Video),Better Noise Music,Spotify,0.525,0.85,-5.469,0.0678,0.0571,0.0,0.0555,0.275,134.115,227.8,Angry/Intense,11509365,129891,3397,128199963,0.011581,0.011286,3.79,15.31531532,1,1
1542,NF,Let You Down,Perception,album,NF - Let You Down,NFVEVO,Spotify,0.662,0.714,-5.68,0.121,0.312,0.0,0.179,0.464,147.997,212.1,Angry/Intense,230298585,3053566,83662,1248081569,0.013622,0.013259,36.85,3.988826816,1,1
1543,Eden Muñoz,Te Vale Madre,Te Vale Madre,single,"Matisse, Eden Muñoz - Te Vale Madre (Video Oficial)",MatisseMXVEVO,Spotify,0.56,0.583,-4.713,0.0291,0.614,0.0,0.263,0.823,150.115,151.6,Happy/Energetic,3210450,65473,952,9018795,0.02069,0.020394,0.27,2.216730038,1,1
1544,Colbie Caillat,Realize,Coco,album,Colbie Caillat - Realize (Official Video),ColbieCaillatVEVO,Spotify,0.693,0.594,-6.408,0.0325,0.13,0.0,0.115,0.192,123.932,244.1,Angry/Intense,48722999,182170,7327,99278891,0.003889,0.003739,2.93,5.165217391,1,1
1545,Ronnie Flex,Adrenaline,Adrenaline,single,Kris Kross Amsterdam x Ronnie Flex x Zoë Tauran - Adrenaline,Kris Kross Amsterdam,Spotify,0.741,0.727,-4.835,0.155,0.0231,0.0,0.121,0.716,150.061,148.7,Happy/Energetic,541977,3015,169,21368309,0.005875,0.005563,0.63,6.008264463,0,1
1546,Chelsea Cutler,Let Me Down (with Chelsea Cutler),The People's Champ,album,Quinn XCII ft. Chelsea Cutler - Let Me Down (Official Music Video),QuinnXCIIVEVO,Spotify,0.835,0.333,-5.769,0.0766,0.266,0.0,0.185,0.385,95.01,149.7,Sad/Mellow,105888,2709,40,5911726,0.025961,0.025584,0.17,1.8,1,1
1547,The Smashing Pumpkins,Zero - Remastered 2012,Mellon Collie And The Infinite Sadness (Deluxe Edition),album,The Smashing Pumpkins - Zero (Official Music Video),SmashingPumpkinsVEVO,Spotify,0.438,0.728,-7.105,0.0458,3.49e-05,0.57,0.0509,0.701,128.04,160.2,Happy/Energetic,8745403,101248,3679,96905261,0.011998,0.011577,2.86,14.30255403,1,1
1548,Saindhavi,"Yaaro Ivan (From ""Udhayam NH4"")",My Playlist: G.V. Prakash Kumar,album,"Udhayam NH4 - Yaaro Ivan Video | Siddharth, Ashrita",SonyMusicSouthVEVO,Youtube,0.699,0.496,-7.88,0.0479,0.74,0.000347,0.112,0.75,82.008,283.9,Calm/Positive,27148038,144845,3717,10832154,0.005472,0.005335,0.32,4.428571429,1,1
1549,Dina Rae,Post It,Post It,single,Dina Rae - Post It,Dina Rae,Youtube,0.894,0.553,-8.366,0.0478,0.448,0.0,0.0497,0.614,117.924,167.9,Happy/Energetic,2520,60,0,0,0.02381,0.02381,0.0,11.12676056,0,1
1550,Jay Sean,Surma Surma,Surma Surma,single,"SURMA SURMA: Guru Randhawa Feat. Jay Sean | Larissa Bonesi, Vee, DirectorGifty | Bhushan Kumar",T-Series,Youtube,0.734,0.909,-4.4,0.124,0.258,0.0,0.0657,0.691,95.989,216.0,Happy/Energetic,162700518,1552140,74040,14690933,0.009995,0.00954,0.43,13.83561644,1,1
1551,Ryan Castro,Avemaría,Avemaría,single,"Ryan Castro, SOG - Ave María (Vídeo Oficial)",Ryan Castro,Youtube,0.877,0.697,-6.486,0.0902,0.062,9.71e-05,0.428,0.745,97.019,132.0,Happy/Energetic,10838443,96423,6616,9327917,0.009507,0.008896,0.28,1.628504673,0,1
1552,Dino James,Jealous,D,album,"Dino James - Jealous (From the album ""D"") | Ft. Kaprila | Def Jam India",Dino James,Spotify,0.803,0.514,-6.81,0.046,0.589,1.9e-06,0.113,0.591,131.945,182.3,Happy/Energetic,1002312,52909,1805,1792104,0.054588,0.052787,0.05,4.548672566,0,1
1553,Kelis,FEED THEM,FEED THEM,single,"Kelis - ""Feed Them"" (Official Music Video)",iamkelis,Spotify,0.903,0.728,-6.716,0.177,0.0498,0.00968,0.0495,0.814,101.967,93.6,Happy/Energetic,314836,21111,1517,2001302,0.071872,0.067054,0.06,14.70707071,0,0
1554,The Lyndhurst Orchestra,Maximus,"More Music From The Motion Picture ""Gladiator""",album,"Honor Him - Gavin Greenaway, The Lyndhurst Orchestra, Hans Zimmer",MELO MANIA,Spotify,0.436,0.00358,-29.557,0.0827,0.778,0.556,0.11,0.15,173.788,69.0,Sad/Mellow,10181,208,2,4075793,0.020627,0.02043,0.12,0.032545455,0,0
1555,Milky Chance,Unknown Song,Unknown Song,single,Milky Chance - Unknown Song feat. Paulina Eisenberg (Official Video),Milky Chance Official,Spotify,0.74,0.503,-11.347,0.0522,0.0898,0.0665,0.118,0.548,118.026,250.5,Happy/Energetic,650631,9936,361,13579961,0.015826,0.015271,0.4,4.262711864,1,1
1556,Lecrae,Take Me Up,Church Clothes 4,album,Lecrae - Take Me Up (Official Audio),LecraeVEVO,Spotify,0.682,0.622,-7.338,0.08,0.0773,6.74e-06,0.298,0.296,139.954,194.4,Angry/Intense,125216,3463,195,1058386,0.029214,0.027656,0.03,2.087248322,1,1
1557,Nile Rodgers,I Was Made For Lovin' You (feat. Nile Rodgers & House Gospel Choir),I Was Made For Lovin' You (feat. Nile Rodgers & House Gospel Choir),single,Oliver Heldens - I Was Made For Lovin' You (feat. Nile Rodgers & House Gospel Choir),Future House Music,Spotify,0.686,0.892,-3.186,0.0498,0.0577,7.11e-06,0.0838,0.752,126.03,157.2,Happy/Energetic,148320,3332,63,36981245,0.02289,0.022465,1.09,10.64439141,1,1
1558,Stephanie Beatriz,In The Heights,In The Heights (Original Motion Picture Soundtrack),album,In The Heights (2021) - No Me Diga,Movies&TVShows Clips,Spotify,0.575,0.535,-7.452,0.331,0.121,0.0,0.122,0.713,167.834,461.6,Happy/Energetic,3813797,63347,1220,18314061,0.01693,0.01661,0.54,4.385245902,0,0
1559,Killswitch Engage,The Signal Fire,Atonement,album,Killswitch Engage - The Signal Fire,Killswitch Engage,Youtube,0.481,0.979,-6.707,0.0603,3.31e-05,2.66e-05,0.386,0.108,104.015,185.3,Angry/Intense,14416933,209171,16371,0,0.015644,0.014509,0.0,2.53626943,1,1
1560,The Wombats,Greek Tragedy,Glitterbug (Deluxe Edition),album,The Wombats - Greek Tragedy (Official Video),The Wombats,Spotify,0.515,0.869,-4.732,0.0672,0.00257,2.01e-06,0.21,0.452,93.24,209.6,Angry/Intense,9572607,129326,4308,157654504,0.01396,0.01351,4.66,4.138095238,0,1
1561,AURORA,Runaway,All My Demons Greeting Me as a Friend (Deluxe),album,AURORA - Runaway,iamAURORAVEVO,Spotify,0.459,0.276,-10.339,0.036,0.63,9.5e-05,0.104,0.128,114.169,248.8,Sad/Mellow,508109682,9668818,211593,637535198,0.019445,0.019029,18.83,2.653846154,1,1
1562,Gustavo Cerati,Me Quedo Aquí,Ahí Vamos,album,Gustavo Cerati - Me quedo aquí (Official Video),Gustavo Cerati,Spotify,0.602,0.819,-6.219,0.0316,0.0811,0.000636,0.565,0.389,117.004,217.1,Angry/Intense,23448466,109372,5371,40878674,0.004893,0.004664,1.21,1.449557522,1,1
1563,Europe,The Final Countdown - Remixed,The Final Countdown (Remixed),single,Europe - The Final Countdown II 2k19 ( DANCE REMIX ),Jefferson DJ,Spotify,0.451,0.897,-5.19,0.0518,0.0117,0.00391,0.284,0.555,119.084,297.8,Happy/Energetic,905083,15018,304,5246965,0.016929,0.016593,0.15,3.158450704,0,0
1564,Cazzu,Matatan - Remix,Matatan (Remix),single,"Kaleb Di Masi, ECKO, Cazzu, Feat. Brray, Alan Gomez, DJ TAO - Matatan (Remix) (Official Video)",KALEB DI MASI,Youtube,0.883,0.782,-6.286,0.314,0.259,0.0,0.0737,0.637,86.034,231.7,Happy/Energetic,29869464,324445,10651,17041228,0.011219,0.010862,0.5,10.61058345,0,0
1565,Luciano Pavarotti,"Rigoletto / Act 3: ""La donna è mobile"" - Live",The Three Tenors - The Best of the 3 Tenors,compilation,Luciano Pavarotti - La Donna È Mobile (Rigoletto),Cristiano Grimaldi,Youtube,0.0,0.402,-15.718,0.0,0.972,0.00545,0.897,0.0,0.0,151.3,Sad/Mellow,31017254,204651,9002,1995393,0.006888,0.006598,0.06,0.448160535,0,0
1566,Pusha T,Rock N Roll (feat. Kanye West & Kid Cudi),It's Almost Dry,album,Pusha T - Rock N Roll ft. Ye & Kid Cudi (Visualizer),PUSHA T,Spotify,0.687,0.783,-4.573,0.191,0.0526,0.0,0.0718,0.359,156.141,233.9,Angry/Intense,1379608,27786,1555,20935681,0.021268,0.020141,0.62,10.90529248,0,0
1567,Martin Solveig,Tequila - Jax Jones & Martin Solveig Present Europa,Snacks (Supersize),album,"Jax Jones, Martin Solveig, RAYE, Europa - Tequila",JaxJonesVEVO,Spotify,0.773,0.695,-7.101,0.0954,0.00144,0.0167,0.111,0.837,123.999,211.0,Happy/Energetic,14664832,117266,2073,74381337,0.008138,0.007996,2.2,6.261261261,1,1
1568,Calle 13,"Latinoamérica (feat. Totó la Momposina, Susana Baca & Maria Rita)",Entren Los Que Quieran,album,"Calle 13 - Latinoamérica (Audio) ft. Totó la Momposina, Susana Baca, Maria Rita",Calle13VEVO,Spotify,0.691,0.805,-6.81,0.0947,0.59,0.0,0.0975,0.866,142.503,301.4,Happy/Energetic,3710799,32042,1169,107968099,0.00895,0.008635,3.19,8.256410256,1,1
1569,Mithoon,Aashiqui Aa Gayi,Radhe Shyam,album,"Aashiqui Aa Gayi (Full Video) Radhe Shyam | Prabhas, Pooja Hegde | Mithoon, Arijit Singh | Bhushan K",T-Series,Youtube,0.527,0.495,-7.783,0.0353,0.587,0.0,0.127,0.474,122.826,260.1,Sad/Mellow,70981128,712297,9103,38371067,0.010163,0.010035,1.13,3.897637795,1,1
1570,Bob Dylan,"Don't Think Twice, It's All Right",The Freewheelin' Bob Dylan,album,"Bob Dylan - Don't Think Twice, It's All Right (Official Audio)",BobDylanVEVO,Spotify,0.6,0.243,-17.085,0.0366,0.89,0.0022,0.249,0.468,110.535,217.4,Sad/Mellow,10930262,108001,3276,106638958,0.010181,0.009881,3.15,0.975903614,1,1
1571,Kato,Unravel Lofi (Tokyo Ghoul),Sleep Anime Lofi Beats,album,Tokyo Ghoul - Unravel (Kato Cover),Kato,Spotify,0.481,0.0888,-23.984,0.033,0.949,0.92,0.0989,0.427,170.309,60.5,Sad/Mellow,43266,1307,62,8081278,0.031641,0.030208,0.24,0.897876643,1,1
1572,Kid Rock,First Kiss,First Kiss,album,Kid Rock - First Kiss [Official Music Video],Kid Rock,Youtube,0.615,0.889,-2.539,0.0371,0.00388,0.0,0.0947,0.659,131.96,280.3,Happy/Energetic,43814814,196030,6100,31501100,0.004613,0.004474,0.93,9.387539599,1,1
1573,Shinedown,Sound of Madness,The Sound of Madness,album,Shinedown - Sound Of Madness (Official Video) [HD],Shinedown,Spotify,0.328,0.939,-1.654,0.0423,4.93e-05,0.0065,0.337,0.329,185.971,234.0,Angry/Intense,66695954,382968,14079,175384101,0.005953,0.005742,5.18,2.786350148,1,1
1574,Dean Martin,White Christmas,A Winter Romance,album,Dean Martin- White Christmas,JerryLewisFan02,Spotify,0.247,0.109,-20.047,0.0339,0.939,0.0575,0.135,0.276,99.735,149.9,Sad/Mellow,2690361,5909,278,30145847,0.0023,0.002196,0.89,0.807407407,0,0
1575,Descemer Bueno,Preciosa,360º,album,Preciosa - Descemer Bueno y El Chacal (Video Oficial),Descemer Bueno,Youtube,0.774,0.627,-6.378,0.046,0.558,0.0,0.392,0.579,106.05,244.3,Happy/Energetic,13325885,53678,1521,3008942,0.004142,0.004028,0.09,1.599489796,1,1
1576,Macklemore & Ryan Lewis,Thrift Shop (feat. Wanz),The Heist,album,MACKLEMORE & RYAN LEWIS - CAN'T HOLD US FEAT. RAY DALTON (OFFICIAL MUSIC VIDEO),Macklemore,Youtube,0.781,0.526,-6.986,0.293,0.0633,0.0,0.0457,0.665,94.993,235.6,Happy/Energetic,1012205556,6604141,242519,936540661,0.006764,0.006525,27.65,11.50984683,1,1
1577,Benjamin Blümchen,Kapitel 13: Das große Gewitter (Folge 153),Folge 153: Das große Gewitter,album,Benjamin Blümchen - Das große Gewitter (Folge 153) | EXTRALANGE Hörprobe,Benjamin Blümchen TV,Spotify,0.617,0.878,-13.989,0.9,0.846,0.0149,0.841,0.249,58.402,99.6,Angry/Intense,6583,62,0,75779,0.009418,0.009418,0.0,1.043995244,1,1
1578,Mary J. Blige,Mr. Wrong,My Life II...The Journey Continues (Act 1),album,Mary J. Blige - Mr. Wrong ft. Drake,MaryJBligeVEVO,Youtube,0.694,0.674,-4.991,0.164,0.202,1.22e-05,0.138,0.46,143.067,241.9,Angry/Intense,154321279,894538,19129,35251079,0.005921,0.005797,1.04,4.884057971,1,1
1579,Jhayco,Ley Seca,Timelezz,album,"Jhay Cortez, Anuel AA - Ley Seca (Official Video)",JhayCortezVEVO,Spotify,0.759,0.842,-3.758,0.096,0.101,0.0,0.134,0.584,105.059,263.3,Happy/Energetic,125624997,719665,17062,320744693,0.005864,0.005729,9.47,6.28358209,1,1
1580,Rekha Bhardwaj,Kabira - VIP Remix,Kabira (VIP Remix),single,Kabira (VIP Remix),Tochi Raina - Topic,Spotify,0.501,0.621,-8.771,0.0388,0.186,0.0,0.121,0.483,154.909,219.9,Angry/Intense,3618,111,0,2045481,0.03068,0.03068,0.06,5.132231405,1,1
1581,Counting Crows,Round Here,August And Everything After,album,Counting Crows - Round Here (Official Music Video),CountingCrowsVEVO,Spotify,0.314,0.478,-9.37,0.0341,0.144,7.19e-05,0.0814,0.186,94.203,331.4,Sad/Mellow,33925954,161218,7544,68858126,0.004974,0.004752,2.03,5.872235872,1,1
1582,Gustavo Santaolalla,The Last of Us,The Last of Us,album,Gustavo Santaolalla - The Last of Us (Main Theme) | The Last of Us (Video Game Soundtrack),SonySoundtracksVEVO,Spotify,0.574,0.468,-12.392,0.0305,0.867,0.928,0.098,0.352,154.626,183.5,Sad/Mellow,646631,15636,211,49927881,0.024507,0.024181,1.47,4.775510204,1,1
1583,Omar Apollo,Go Away,Ivory,album,Omar Apollo - Go Away (Official Music Video),Omar Apollo,Spotify,0.634,0.568,-7.757,0.0354,0.0426,1.85e-06,0.456,0.369,123.885,207.3,Angry/Intense,1801283,20644,972,24457483,0.012,0.011461,0.72,1.245614035,1,1
1584,NCT 127,Baby Don’t Like It ?? ?,NCT#127 LIMITLESS - The 2nd Mini Album,single,NCT 127 (??? 127) 'Baby Don't Like It' (?? ?) Music Video || FMV,winter bunny,Spotify,0.699,0.555,-5.259,0.195,0.131,0.0,0.113,0.374,96.711,158.9,Angry/Intense,17271,669,18,44434153,0.039778,0.038735,1.31,4.911504425,0,0
1585,YoungBoy Never Broke Again,Bandit (with YoungBoy Never Broke Again),Death Race For Love (Bonus Track Version),album,Juice WRLD - Bandit ft. NBA Youngboy (Directed by Cole Bennett),Lyrical Lemonade,Spotify,0.474,0.631,-5.884,0.343,0.0687,0.0,0.132,0.424,180.056,189.3,Angry/Intense,392428761,3446846,256386,784195555,0.009437,0.008783,23.16,4.78030303,0,0
1586,Xavier Wulf,Akina Speed Star,Project X,album,Xavier Wulf: Akina Speed Star (Music Video),Jack Rottier,Spotify,0.931,0.273,-11.723,0.176,0.00946,0.0,0.137,0.0603,119.956,150.1,Sad/Mellow,4185021,54338,1065,53517776,0.013238,0.012984,1.58,1.99270073,0,0
1587,Camilo Sesto,Vivir Así Es Morir de Amor,Sentimientos,album,Camilo Sesto - Vivir Así Es Morir De Amor (Audio mejorado),Edward Gómez,Spotify,0.527,0.689,-5.684,0.0681,0.614,0.0,0.381,0.691,102.24,210.1,Happy/Energetic,817126,10142,291,75741360,0.012768,0.012412,2.24,1.80839895,0,0
1588,6LACK,Tell Me It's Over (feat. Summer Walker & 6LACK),Sincerely For You,album,"Jacquees, Summer Walker, 6LACK - Tell Me It's Over (Audio)",JacqueesVEVO,Spotify,0.497,0.477,-7.285,0.116,0.373,0.0,0.114,0.389,121.524,281.0,Sad/Mellow,1708708,64277,1017,8015797,0.038212,0.037617,0.24,4.184210526,1,1
1589,Massive Attack,Karmacoma,Protection,album,Massive Attack - Karmacoma,MassiveAttackVEVO,Spotify,0.801,0.536,-14.334,0.224,0.00545,0.183,0.204,0.667,141.068,316.4,Happy/Energetic,14487168,65941,2023,24865684,0.004691,0.004552,0.73,2.62745098,1,1
1590,Limp Bizkit,Hot Dog,Chocolate Starfish And The Hot Dog Flavored Water,album,Limp Bizkit - Hot Dog,DrecoTheDragon88,Spotify,0.6,0.938,-3.615,0.0701,0.00152,1.48e-05,0.369,0.597,101.183,230.2,Happy/Energetic,6796001,41066,2584,70079590,0.006423,0.006043,2.07,2.54200542,0,0
1591,Ryan Castro,Monumento - Remix,Monumento (Remix),single,"Andy Rivera, Ñejo, Ryan Castro - Monumento (Remix)",AndyRiveraVEVO,Youtube,0.716,0.778,-3.994,0.272,0.39,0.00034,0.0689,0.73,169.864,208.6,Happy/Energetic,63389267,258257,4550,22093754,0.004146,0.004074,0.65,11.29172714,1,1
1592,Cazzu,Loca,Loca,single,Khea - Loca ft. Duki & Cazzu (Prod. Omar Varela & Mykka),MUEVA Records,Youtube,0.834,0.753,-3.011,0.0486,0.342,0.0,0.108,0.462,113.058,246.4,Angry/Intense,689759471,4574796,195082,183172334,0.006915,0.006632,5.41,6.972222222,1,1
1593,Nko,CASA,Giù,album,Neima Ezza - Casa (prod. NKO),Neima Ezza,Spotify,0.64,0.738,-7.895,0.0567,0.124,0.0724,0.237,0.0933,119.93,198.1,Angry/Intense,19600261,188165,3119,49337443,0.009759,0.0096,1.46,3.113924051,0,1
1594,Ezhel,Bul Beni,Bul Beni,single,Ezhel - Bul Beni,Ezhel,Spotify,0.797,0.54,-7.862,0.268,0.528,0.0,0.102,0.348,104.001,154.2,Angry/Intense,79751284,503292,16368,107969332,0.006516,0.006311,3.19,5.294117647,1,1
1595,Camila Cabello,KU LO SA (with Camila Cabello),KU LO SA (with Camila Cabello),single,"Oxlade, Camila Cabello - KU LO SA (Official Video)",OxladeVEVO,Spotify,0.585,0.641,-5.053,0.085,0.631,0.0,0.2,0.828,93.058,148.8,Happy/Energetic,5179209,148034,5025,11376217,0.029553,0.028582,0.34,3.205,1,1
1596,Ado,Where the Wind Blows,UTA'S SONGS ONE PIECE FILM RED,album,ADO - WHERE THE WIND BLOWS (One Piece Film Red OST) | Lyrics,FEBXEL,Spotify,0.441,0.717,-3.979,0.0359,0.159,0.0,0.125,0.233,139.987,272.5,Angry/Intense,1535619,23161,699,25797736,0.015538,0.015083,0.76,5.736,0,0
1597,"Hank Williams, Jr.",O.D.'d In Denver,Whiskey Bent And Hell Bound,album,Hank Williams Jr - O.D.'d in Denver,Hank Williams,Spotify,0.604,0.43,-13.575,0.032,0.0546,0.0,0.0977,0.644,68.257,160.4,Calm/Positive,5670459,24205,918,18845693,0.004431,0.004269,0.56,4.40122825,0,1
1598,Peter Fox,Haus am See,Stadtaffe,album,Peter Fox - Haus am See Official Music Video,Raadio Uuno - Ainult [Ainult] Hitid,Spotify,0.801,0.599,-6.071,0.0473,0.324,0.0,0.237,0.589,123.715,216.0,Happy/Energetic,2680,19,0,61892979,0.00709,0.00709,1.83,2.52742616,0,0
1599,Ángela Aguilar,En Realidad,Mexicana Enamorada,album,Ángela Aguilar - En Realidad (Video Oficial),Angela Aguilar Oficial,Youtube,0.592,0.743,-4.103,0.0292,0.429,3.03e-06,0.0956,0.763,127.926,205.2,Happy/Energetic,71686653,751064,22095,40313397,0.010785,0.010477,1.19,7.771966527,1,1
1600,PinkPantheress,Picture in my mind,Picture in my mind,single,"PinkPantheress, Sam Gellaitry - Picture in my mind (Official Video)",Pinkpantheress,Spotify,0.73,0.645,-6.506,0.348,0.587,0.0,0.0937,0.772,128.519,176.9,Happy/Energetic,1853633,70143,1599,14582953,0.038703,0.037841,0.43,6.883671291,1,1
1601,Ricardo Montaner,Me Va A Extranar,Un Toque De Misterio,album,Me va a Extrañar - Ricardo Montaner,El Amor Vive en una Canción,Youtube,0.605,0.571,-6.431,0.0339,0.75,3.87e-05,0.101,0.233,132.7,256.4,Angry/Intense,9683042,57729,1548,0,0.006122,0.005962,0.0,5.653465347,0,0
1602,Nine Inch Nails,Only,With Teeth,album,Nine Inch Nails - Only (Dirty)(Official Video),NineInchNailsVEVO,Spotify,0.7,0.807,-5.711,0.029,0.000576,0.00488,0.0996,0.963,112.15,263.1,Happy/Energetic,12116450,95881,4293,24182016,0.008268,0.007913,0.71,8.102409639,1,1
1603,Ivete Sangalo,Color Esperanza 2020,Color Esperanza 2020,single,Color Esperanza 2020 - Various Artists (Official Video),Latin Waves,Spotify,0.591,0.785,-7.768,0.161,0.161,0.0,0.126,0.785,106.002,217.5,Happy/Energetic,24706323,557112,17598,89466323,0.023262,0.022549,2.64,6.23015873,0,0
1604,Summer Walker,Session 32,Session 32,single,Summer Walker-  Session 32 (Lyric),Mari goldinni,Spotify,0.574,0.123,-13.959,0.196,0.894,0.00111,0.118,0.117,115.431,98.0,Sad/Mellow,4388738,60083,528,154019756,0.013811,0.01369,4.55,1.042372881,0,0
1605,Kenny Loggins,"I'm Alright - Theme from ""Caddyshack""","Yesterday, Today, Tomorrow - The Greatest Hits Of Kenny Loggins",compilation,"Kenny Loggins - I'm Alright (Theme from ""Caddyshack"") (Official Audio)",KennyLogginsVEVO,Spotify,0.554,0.833,-7.562,0.0459,0.128,1.75e-06,0.3,0.95,162.854,226.4,Happy/Energetic,6914061,64601,3135,38693702,0.009797,0.009343,1.14,2.776666667,1,1
1606,Chinmayi,Aaruyire,Guru (Original Motion Picture Soundtrack),album,Guru (Tamil) - Aaruyirae Video | A.R. Rahman,SonyMusicSouthVEVO,Youtube,0.746,0.803,-3.813,0.0366,0.275,1.7e-05,0.0741,0.831,144.024,308.8,Happy/Energetic,28922382,153179,4418,12396009,0.005449,0.005296,0.37,10.83670715,1,1
1607,Kumar Sanu,"Sochenge Tumhe Pyar (From ""Deewana"")","Bollywood Best Trio - Kumar Sanu, Nadeem - Shravan",album,"Sochenge Tumhe Pyar- Lyrical | #Deewana | #RishiKapoor, Divya Bharti | 90's Best Song",Ishtar Music,Youtube,0.553,0.729,-10.778,0.0434,0.789,0.0,0.0586,0.749,125.251,362.9,Happy/Energetic,153950551,705813,22636,17826423,0.004732,0.004585,0.53,12.44027304,1,1
1608,INTERWORLD,METAMORPHOSIS 2,METAMORPHOSIS 2,single,METAMORPHOSIS 2,INTERWORLD - Topic,Spotify,0.606,0.865,-8.126,0.0554,0.0628,0.461,0.12,0.405,105.01,137.2,Angry/Intense,4318413,123044,595,8871096,0.028631,0.028493,0.26,7.208333333,1,1
1609,Phil Collins,A Groovy Kind of Love,Love Songs (A Compilation Old and New),compilation,Phil Collins - A Groovy Kind Of Love (Official Music Video),Phil Collins,Spotify,0.452,0.306,-9.632,0.0274,0.235,1.91e-05,0.0989,0.182,144.125,210.7,Sad/Mellow,25704348,129871,5653,105253846,0.005272,0.005052,3.11,3.094034378,1,1
1610,Phoenix,Too Young,United,album,Phoenix - Too Young (Official Video),welovephoenix,Spotify,0.622,0.75,-6.367,0.0445,0.0625,0.000133,0.127,0.905,141.324,198.0,Happy/Energetic,792182,6635,391,44855468,0.008869,0.008376,1.32,5.905511811,0,0
1611,Grateful Dead,Friend of the Devil,American Beauty,album,Grateful Dead - Friend of The Devil,FictionalMink,Spotify,0.642,0.628,-12.849,0.0358,0.334,8.29e-06,0.614,0.893,103.317,201.9,Happy/Energetic,9705763,56973,3140,90385450,0.006194,0.00587,2.67,1.022801303,0,0
1612,Becky G,Sin Pijama,MALA SANTA,album,"Becky G, Natti Natasha - Sin Pijama (Official Video)",BeckyGVEVO,Youtube,0.788,0.745,-4.417,0.0448,0.352,4.56e-05,0.0973,0.79,94.002,190.2,Happy/Energetic,2086480901,8624891,366369,710166109,0.004309,0.004134,20.97,7.656731757,1,1
1613,LX,Wer von Euch?!,Wer von Euch?!,single,LX x Silva - Wer von Euch?!,CrhymeTV,Spotify,0.852,0.545,-7.039,0.419,0.511,0.0,0.168,0.657,139.891,140.7,Happy/Energetic,1440233,35188,1873,3040822,0.025733,0.024432,0.09,3.244047619,1,1
1614,REO Speedwagon,Take It On the Run,Hi Infidelity (30th Anniversary Edition),album,REO Speedwagon - Take It on the Run (Video Version),RSpwagonVEVO,Spotify,0.371,0.758,-5.679,0.036,0.0958,0.0,0.116,0.452,77.81,239.7,Angry/Intense,2060249,19988,723,124062861,0.010053,0.009702,3.66,6.534482759,1,1
1615,Johannes Brahms,"16 Waltzes, Op. 39 (1867 version): No. 3 in G-Sharp Minor",Brahms: Waltzes / Cadenzas / Die Schone Magelone,album,Johannes BRAHMS Valse in G sharp minor Op. 39 n° 3 [HD],The Soul of Piano,Spotify,0.287,0.00703,-41.696,0.0518,0.995,0.909,0.0997,0.693,124.244,52.2,Calm/Positive,70157,821,24,5532251,0.012044,0.011702,0.16,0.070511535,0,0
1616,Boef,Natte Sokken,Natte Sokken,single,BOEF FEAT. KA - NATTE SOKKEN | MUGSHOT SESSIE 3 (PROD. KEYSER SOZE),Gewoon Boef,Spotify,0.572,0.668,-8.457,0.49,0.597,0.0,0.094,0.326,93.135,175.8,Angry/Intense,362767,10826,426,882881,0.031017,0.029843,0.03,7.106382979,0,0
1617,Anitta,Macetar,Macetar,single,Anitta - MACETAR [Official Lyric Video],Anitta,Spotify,0.851,0.619,-4.106,0.103,0.561,0.0,0.0623,0.6,129.943,114.5,Happy/Energetic,2415380,62040,3530,8976820,0.027147,0.025685,0.27,9.935794543,1,1
1618,Los Yonic's,Palabras Tristes,Solo Baladas,album,Los Yonic's Zamacona - Palabras Tristes ft. Mon Laferte,LosYonicsVEVO,Spotify,0.5,0.672,-8.067,0.0512,0.234,0.000907,0.0757,0.62,144.992,206.0,Happy/Energetic,13333781,73654,2281,41179260,0.005695,0.005524,1.22,8.877146631,1,1
1619,Jenni Rivera,Resulta - Banda,Joyas Prestadas - Banda,album,"Jenni Rivera ""Resulta""",EstrellaTV,Spotify,0.476,0.525,-4.348,0.121,0.576,0.0,0.0716,0.809,176.165,223.8,Happy/Energetic,156525,1092,33,40175730,0.007187,0.006977,1.19,7.332402235,1,1
1620,Megadeth,Angry Again,Hidden Treasures,album,Megadeth   Angry Again HD,Heavy Metal México,Spotify,0.689,0.719,-8.643,0.0304,2.39e-05,0.679,0.314,0.959,127.982,228.0,Happy/Energetic,673739,9875,597,32853949,0.015543,0.014657,0.97,2.289808917,0,0
1621,Boston,Let Me Take You Home Tonight,Boston,album,Boston - Let Me Take You Home Tonight (Official Audio),BostonVEVO,Spotify,0.488,0.634,-7.232,0.0346,0.00367,0.0,0.254,0.681,76.698,286.7,Happy/Energetic,117785,1877,35,12696524,0.016233,0.015936,0.37,2.496062992,1,1
1622,Hector & Tito,Villana,"Blin Blin, Vol. 1",compilation,0,0,Spotify,0.793,0.697,-8.833,0.267,0.265,0.0,0.181,0.385,94.972,144.2,Angry/Intense,0,0,0,8511068,0.0,0.0,0.25,3.850828729,0,0
1623,Zé Ramalho,Sinônimos,Aqui O Sistema É Bruto,album,Zé Ramalho - Sinônimos (Ao Vivo 2005) (Clipe Oficial),ZeRamalhoVEVO,Youtube,0.481,0.636,-6.737,0.0329,0.552,0.0,0.098,0.612,110.733,283.7,Happy/Energetic,454833046,2492665,76162,70573974,0.005648,0.00548,2.08,6.489795918,1,1
1624,Racionais MC's,"Vida Loka, Pt. 2","Nada Como um Dia Após o Outro Dia, Vol. 1 & 2",album,Racionais - Vida Loka II (Clipe Oficial - HD),Racionais TV,Spotify,0.655,0.653,-7.2,0.273,0.133,0.00813,0.203,0.433,82.1,350.6,Angry/Intense,16801960,244566,6329,80195970,0.014932,0.014556,2.37,3.216748768,1,1
1625,Zé Neto & Cristiano,Alimentando Vontade,Tarja Preta,album,0,0,Spotify,0.695,0.643,-5.405,0.0964,0.601,0.0,0.131,0.813,146.48,138.5,Happy/Energetic,0,0,0,15650867,0.0,0.0,0.46,4.908396947,0,0
1626,Los Bunkers,Nada Nuevo Bajo El Sol,Barrio Estación,album,"LOS BUNKERS - VIDEO CLIP ""NADA NUEVO BAJO EL SOL""",Los Bunkers,Youtube,0.483,0.891,-4.813,0.0304,0.0693,0.00122,0.0826,0.82,136.703,286.1,Happy/Energetic,764913,6435,225,0,0.008707,0.008413,0.0,10.78692494,0,1
1627,Arizona Zervas,2:00 AM,2:00 AM,single,2 AM - Arizona Zervas (Official Audio),Arizona Zervas,Spotify,0.673,0.487,-7.011,0.239,0.279,0.0,0.144,0.192,160.216,134.0,Sad/Mellow,113083,3838,241,5088130,0.036071,0.03394,0.15,3.381944444,1,1
1628,Hardwell,Take Me Away Again,Take Me Away Again,single,Take Me Away Again,Hardwell - Topic,Spotify,0.565,0.743,-7.738,0.0877,0.000926,0.177,0.0491,0.118,137.98,205.2,Angry/Intense,47010,2015,66,298367,0.044267,0.042863,0.01,15.13238289,1,1
1629,Florida Georgia Line,Up Down,Greatest Hits,compilation,Morgan Wallen - Up Down ft. Florida Georgia Line (Official Video),MorganWallenVEVO,Spotify,0.588,0.885,-3.046,0.0345,0.0788,0.0,0.175,0.787,129.925,198.1,Happy/Energetic,179481633,541207,9881,263183779,0.00307,0.003015,7.77,5.057142857,1,1
1630,Dido,Give You Up,Still on My Mind,album,Dido - Give You Up (Official Video),Dido,Spotify,0.646,0.431,-6.759,0.0477,0.663,0.0,0.117,0.13,133.841,201.5,Sad/Mellow,2487743,41118,2596,14107132,0.017572,0.016528,0.42,3.683760684,1,1
1631,Olivia,Bizounce - Album Version (Clean),Olivia,album,Olivia - Bizounce (Clean Video Version),OliviaVEVO,Youtube,0.791,0.486,-8.484,0.0396,0.00745,0.000232,0.0631,0.801,138.023,216.0,Calm/Positive,327085,5920,567,214333,0.019833,0.018099,0.01,7.702060222,1,1
1632,Rudimental,Lay It All on Me (feat. Ed Sheeran),We the Generation (Deluxe Edition),album,Rudimental - Lay It All On Me (feat. Ed Sheeran) [Official Video],Rudimental,Spotify,0.669,0.747,-7.108,0.0428,0.141,0.0,0.185,0.483,122.531,242.4,Angry/Intense,51927439,323243,4550,388074705,0.006313,0.006225,11.46,4.037837838,1,1
1633,Moneybagg Yo,CODE (feat. Moneybagg Yo),CODE (feat. Moneybagg Yo),single,Offset - CODE ft. Moneybagg Yo (Official Video),OFFSETYRN,Spotify,0.599,0.598,-7.015,0.124,0.0502,5.01e-05,0.173,0.343,179.49,192.4,Angry/Intense,4684910,132858,6924,23758782,0.029837,0.028359,0.7,3.456647399,0,0
1634,MK,One Night (feat. Raphaella),One Night (feat. Raphaella),single,MK & Sonny Fodera - One Night (ft. Raphaella),Selected.,Spotify,0.486,0.896,-6.189,0.0346,0.0015,0.0443,0.217,0.195,123.967,161.9,Angry/Intense,2280086,24915,237,61588327,0.011031,0.010927,1.82,4.129032258,0,0
1635,Carla Morrison,Compartir,Mientras Tú Dormías,album,Carla Morrison - Compartir [VIDEO OFICIAL],Carla Morrison,Youtube,0.504,0.311,-10.594,0.046,0.549,1.31e-06,0.19,0.466,207.019,257.1,Sad/Mellow,89515388,513047,17873,65528024,0.005931,0.005731,1.93,1.636842105,1,1
1636,Mc Poze do Rodo,Poesia Acústica 11: Nada Mudou,Poesia Acústica 11: Nada Mudou,single,"Poesia Acústica #11 - Nada Mudou - L7NNON, CHRIS, Ryan SP, Lourena, Xamã, Azzy, Mc Poze, Cynthia Luz",PineappleStormTV,Youtube,0.725,0.622,-5.573,0.0438,0.579,0.0,0.144,0.356,119.985,600.0,Angry/Intense,195957011,2251642,68835,96301697,0.011842,0.01149,2.84,4.319444444,1,1
1637,Lil Tjay,Headshot (feat. Polo G & Fivio Foreign),Destined 2 Win,album,"Lil Tjay, Polo G & Fivio Foreign - Headshot (Official Video)",Lil Tjay,Spotify,0.808,0.639,-7.266,0.279,0.0802,0.0,0.15,0.395,118.0,144.3,Angry/Intense,29538075,645253,24535,247095368,0.022675,0.021845,7.3,4.26,1,1
1638,Los Tigres Del Norte,Ni Parientes Somos,Mi Buena Suerte,album,Los Tigres Del Norte - Ni Parientes Somos (En Vivo),LosTigresNorteVEVO,Spotify,0.849,0.605,-5.705,0.0544,0.321,0.0,0.193,0.968,109.913,158.4,Happy/Energetic,28112674,76374,1535,109145113,0.002771,0.002717,3.22,3.134715026,1,1
1639,Bas,Purge,Milky Way,album,Bas - Purge,BasVEVO,Spotify,0.908,0.535,-8.509,0.292,0.632,0.0,0.214,0.271,115.016,186.6,Angry/Intense,6632472,86460,1773,22345113,0.013303,0.013036,0.66,2.5,1,1
1640,James Blunt,Stay the Night,Some Kind of Trouble (Deluxe Edition),album,James Blunt - Stay The Night (Official Music Video),James Blunt,Spotify,0.528,0.886,-6.249,0.0329,0.0159,0.0,0.0758,0.8,96.001,216.3,Happy/Energetic,43489368,165916,7385,69918154,0.003985,0.003815,2.06,11.68865435,1,1
1641,Los Acosta,Como Una Novela,Intimidades,album,Los Acosta - Como Una Novela (Lyric Video),LosAcostaVEVO,Spotify,0.756,0.565,-9.832,0.0287,0.309,0.00128,0.243,0.655,101.944,226.3,Happy/Energetic,5010374,22974,368,132638693,0.004659,0.004585,3.92,2.325102881,1,1
1642,Raekwon,Criminology (feat. Ghostface Killah),Only Built 4 Cuban Linx...,album,Raekwon - Criminology (Official Video) ft. Ghostface Killah,RaekwonVEVO,Spotify,0.712,0.726,-6.086,0.182,0.0168,0.0,0.0869,0.464,97.041,227.1,Angry/Intense,323138,6098,253,10329664,0.019654,0.018871,0.31,8.35443038,1,1
1643,Damian Marley,Make It Bun Dem,Make It Bun Dem After Hours EP,single,"Skrillex & Damian ""Jr. Gong"" Marley - Make It Bun Dem [OFFICIAL VIDEO]",Skrillex,Youtube,0.556,0.881,-2.224,0.082,0.00119,0.0,0.0709,0.337,104.973,213.7,Angry/Intense,571780790,4799035,165070,244625276,0.008682,0.008393,7.22,12.42595205,1,1
1644,Majestic,Sweat,Sweat,single,Majestic x Karen Harding - Sweat (Official Lyric Video),Get Together Records,Spotify,0.721,0.931,-4.612,0.05,0.00227,0.00217,0.121,0.758,124.026,166.0,Happy/Energetic,11568,29,5,404513,0.002939,0.002507,0.01,7.694214876,1,1
1645,La Sonora Santanera,Pena Negra (with María José),La Sonora Santanera en Su 60 Aniversario,album,La Sonora Santanera - Pena Negra ft. María José (Live),SonoraSantaneraVEVO,Youtube,0.818,0.461,-6.442,0.0334,0.488,1.25e-05,0.783,0.856,128.01,224.1,Calm/Positive,65280916,134617,3925,13522475,0.002122,0.002062,0.4,0.588761175,1,1
1646,ABBA,Angeleyes,Voulez-Vous,album,ABBA - Angeleyes,Nicolle Inverno,Spotify,0.719,0.922,-6.091,0.0338,0.523,0.000163,0.0867,0.964,133.113,260.9,Happy/Energetic,7540645,51162,2172,135342126,0.007073,0.006785,4.0,10.6343714,0,0
1647,Chance the Rapper,Cross Me (feat. Chance the Rapper & PnB Rock),No.6 Collaborations Project,album,Ed Sheeran - Cross Me (feat. Chance The Rapper & PnB Rock) [Official Music Video],Ed Sheeran,Spotify,0.746,0.787,-6.373,0.12,0.212,0.0,0.0669,0.607,95.005,206.2,Happy/Energetic,50704674,674266,15784,371025581,0.013609,0.013298,10.96,11.76382661,1,1
1648,PSY,That That (prod. & feat. SUGA of BTS),PSY 9th,album,PSY - 'That That (prod. & feat. SUGA of BTS)' MV,officialpsy,Youtube,0.905,0.962,-3.197,0.0856,0.0299,0.0,0.0272,0.906,129.969,174.6,Happy/Energetic,400952274,9699989,447978,165641969,0.02531,0.024192,4.89,35.36764706,1,1
1649,Tribo da Periferia,Imprevisível,Imprevisível,single,Tribo da Periferia - Imprevisível (Official Music Video),Tribo da Periferia,Youtube,0.692,0.408,-8.02,0.0693,0.559,0.0,0.11,0.329,144.005,241.3,Sad/Mellow,521338200,3735662,125142,63542063,0.007406,0.007166,1.88,3.709090909,1,1
1650,Seu Jorge,Vou Festejar,"Sambabook Jorge Aragão, Vol. 2",compilation,Vou Festejar - Jorge Aragão e Convidados (Sambabook Jorge Aragão),Sambabook,Spotify,0.46,0.615,-9.581,0.0857,0.495,0.0,0.119,0.823,97.982,199.6,Happy/Energetic,1141289,15344,411,6191893,0.013805,0.013444,0.18,5.168067227,1,1
1651,Ana Castela,Roça Em Mim,Roça Em Mim,single,"Zé Felipe, @anacastelaoficial e @LuanPereiraLP  - Roça Em Mim (Videoclipe Oficial)",Zé Felipe,Youtube,0.846,0.81,-3.332,0.0867,0.222,0.0,0.139,0.762,135.074,158.2,Happy/Energetic,104479114,816378,14893,59858085,0.007956,0.007814,1.77,5.827338129,1,1
1652,Thomas Karallus,Drachenzähmen leicht gemacht 3 - Teil 1,Drachenzähmen leicht gemacht 3 (Das Original-Hörspiel zum Kinofilm),album,Drachenzähmen leicht gemacht 3 - Teil 1,Drachenzähmen leicht gemacht - Topic,Youtube,0.62,0.607,-9.632,0.902,0.629,0.0,0.655,0.68,91.375,196.4,Happy/Energetic,62392,501,4,0,0.008094,0.00803,0.0,0.926717557,1,1
1653,Roxette,Listen To Your Heart,Look Sharp!,album,Roxette - Listen To Your Heart (Official Music Video),Roxette,Youtube,0.539,0.583,-4.935,0.0275,0.108,0.0,0.111,0.337,86.063,328.1,Angry/Intense,400057789,1680295,59881,304953766,0.00435,0.0042,9.0,5.252252252,1,1
1654,Sub Focus,Illuminate - Sub Focus & Wilkinson,Portals,album,Sub Focus & Wilkinson - Illuminate,UKF Drum & Bass,Spotify,0.449,0.931,-3.88,0.0509,0.047,0.225,0.279,0.141,173.994,179.6,Angry/Intense,6583039,42421,629,23323246,0.00654,0.006444,0.69,3.336917563,0,0
1655,White 2115,KAFA LEYLA,RODZINNY BIZNES,album,2115 - KAFA LEYLA,2115 GANG,Spotify,0.785,0.718,-7.828,0.112,0.186,1.33e-06,0.116,0.508,101.998,157.4,Happy/Energetic,193338,3557,72,2009393,0.01877,0.018398,0.06,6.189655172,0,0
1656,Silvestre Dangond,Justicia,INTRUSO,album,"Silvestre Dangond, Natti Natasha - Justicia (Official Video)",SilvestreDangondVEVO,Youtube,0.809,0.899,-1.098,0.102,0.0431,0.0,0.171,0.733,95.016,209.2,Happy/Energetic,651899082,2005316,46896,89890018,0.003148,0.003076,2.65,5.257309942,1,1
1657,Wu-Tang Clan,"Da Mystery of Chessboxin' (feat. Method Man, U-God, Inspectah Deck, Raekwon, Ol' Dirty Bastard, Ghostface Killah & Masta Killa)",Enter The Wu-Tang (36 Chambers) [Expanded Edition],album,Wu-Tang Clan - Da Mystery Of Chessboxin' (Official Video),WuTangClanVEVO,Spotify,0.925,0.388,-10.508,0.419,0.336,0.0,0.332,0.359,105.055,287.8,Sad/Mellow,47657258,335193,13621,51116626,0.007319,0.007033,1.51,1.168674699,1,1
1658,LP,Lost on You,Lost on You,album,LP – Lost On You (Official Video),Energy TV,Spotify,0.433,0.724,-6.126,0.0372,0.1,0.0,0.0918,0.689,174.006,268.1,Happy/Energetic,52547966,309373,7721,629760955,0.006034,0.005887,18.6,7.88671024,1,1
1659,Young Cister,SAMURAI,THE LIFE OF XULO,single,"Young Cister, Polimá Westcoast - SAMURAI (Official Video)",YOUNG CISTER,Spotify,0.759,0.918,-4.461,0.0529,0.173,2.26e-06,0.248,0.554,126.004,184.9,Happy/Energetic,1044115,21556,508,3815269,0.021132,0.020645,0.11,3.701612903,0,0
1660,MF DOOM,Meat Grinder,Madvillainy,album,MF DOOM - Meat Grinder | Rhymes Highlighted,Highlighted,Spotify,0.571,0.717,-8.333,0.336,0.359,3.12e-06,0.797,0.881,87.54,131.9,Happy/Energetic,1083267,38499,1223,61507232,0.036669,0.03554,1.82,0.899623588,0,1
1661,Saweetie,Best Friend (feat. Doja Cat),Best Friend (feat. Doja Cat) [Remix EP] [Extended Edition],album,Saweetie - Best Friend (feat. Doja Cat) [Official Music Video],Official Saweetie,Spotify,0.84,0.766,-4.12,0.136,0.00302,3.61e-06,0.0684,0.402,94.018,155.9,Angry/Intense,250217676,2776602,62473,458728427,0.011346,0.011097,13.55,11.19883041,1,1
1662,Luther Vandross,Here and Now,The Best of Luther Vandross The Best of Love,compilation,Luther Vandross - Here and Now (Video),LutherVandrossVEVO,Spotify,0.571,0.285,-14.453,0.027,0.528,0.0,0.0853,0.244,74.967,323.0,Sad/Mellow,23112851,172919,5067,30558899,0.007701,0.007482,0.9,3.341148886,1,1
1663,Eyedress,Body Dysmorphia,Mulholland Drive,album,EYEDRESS - BODY DYSMORPHIA (OFFICIAL VIDEO),EYEDRESS,Spotify,0.495,0.662,-7.899,0.0391,0.0493,0.909,0.119,0.966,165.209,125.1,Happy/Energetic,497849,21283,592,8218082,0.043939,0.04275,0.24,5.56302521,1,1
1664,Yuridia,Qué Agonía,Pa' Luego Es Tarde,album,"Yuridia, Angela Aguilar - Qué Agonía (Video Oficial)",YuridiaVEVO,Youtube,0.732,0.573,-5.733,0.0237,0.56,9.34e-06,0.0543,0.882,97.502,152.9,Happy/Energetic,150070377,939507,29746,98582948,0.006459,0.00626,2.91,10.55248619,1,1
1665,Martin Garrix,So Far Away (feat. Jamie Scott & Romy Dya),So Far Away (feat. Jamie Scott & Romy Dya),single,Martin Garrix & David Guetta - So Far Away (Official Video) feat. Jamie Scott & Romy Dya,Martin Garrix,Spotify,0.526,0.52,-7.985,0.0569,0.435,0.0,0.197,0.13,149.119,183.6,Angry/Intense,257317433,1852658,32756,347562581,0.007327,0.0072,10.26,2.639593909,0,1
1666,Stevie Ray Vaughan,Pride and Joy,Texas Flood (Legacy Edition),album,Stevie Ray Vaughan & Double Trouble - Pride And Joy (Live at Montreux 1982),stevierayvaughnVEVO,Spotify,0.427,0.626,-11.821,0.0385,0.0274,0.00395,0.106,0.743,126.877,219.6,Happy/Energetic,9540129,101370,2625,139103162,0.010901,0.010626,4.11,5.905660377,1,1
1667,South Park Mexican,High Everyday - Screwed,Never Change,album,High Everyday (Screwed),South Park Mexican - Topic,Spotify,0.771,0.496,-7.357,0.0278,0.0631,3.74e-06,0.141,0.424,86.773,290.9,Sad/Mellow,1760031,24406,39,11727644,0.013889,0.013867,0.35,3.517730496,1,1
1668,Dave,Thiago Silva,Thiago Silva,single,Dave x AJ Tracey - Thiago Silva,Santan Dave,Spotify,0.667,0.673,-7.574,0.323,0.0641,4e-06,0.0975,0.669,144.256,202.0,Happy/Energetic,53443277,440204,9955,188129410,0.008423,0.008237,5.56,6.902564103,1,1
1669,Steve Miller Band,Take The Money And Run,Fly Like An Eagle,album,steve miller band take the money and run,McColdChilli1,Spotify,0.565,0.645,-12.923,0.0484,0.0552,2.84e-06,0.151,0.836,99.3,170.2,Happy/Energetic,43520,607,48,127355529,0.015051,0.013948,3.76,4.271523179,0,0
1670,Jess Glynne,Don't Be so Hard on Yourself,I Cry When I Laugh,album,Jess Glynne - Don't Be So Hard On Yourself [Official Video],Jess Glynne,Spotify,0.571,0.815,-3.267,0.0321,0.0608,0.0,0.163,0.664,120.008,211.5,Happy/Energetic,122224347,589002,11594,240185996,0.004914,0.004819,7.09,5.0,1,1
1671,Joyner Lucas,Revenge,ADHD,album,Joyner Lucas - Revenge (official video),Joyner Lucas,Spotify,0.844,0.574,-4.886,0.382,0.306,0.0,0.11,0.476,158.047,269.1,Angry/Intense,18184730,450337,17756,92133367,0.025741,0.024765,2.72,5.218181818,1,1
1672,Crowded House,Distant Sun,Together Alone,album,Crowded House - Distant Sun,Neil Finn,Spotify,0.409,0.718,-7.967,0.0272,0.00826,0.00014,0.122,0.647,111.462,229.7,Happy/Energetic,919844,6196,515,23801443,0.007296,0.006736,0.7,5.885245902,0,0
1673,Academy of St. Martin in the Fields,"Piano Concerto No. 5 in E-Flat Major, Op. 73 ""Emperor"": II. Adagio un poco mosso - Live at Konzerthaus Berlin / 2018",Beethoven: Complete Piano Concertos (Live at Konzerthaus Berlin / 2018),album,Jan Lisiecki – Beethoven: Piano Concerto No. 5: II. Adagio un poco mosso,Deutsche Grammophon - DG,Spotify,0.166,0.0363,-26.822,0.0381,0.978,0.922,0.0882,0.039,84.467,473.8,Sad/Mellow,223760,2450,102,6574020,0.011405,0.010949,0.19,0.411564626,0,0
1674,J. Cole,Kevin’s Heart,KOD,album,J. Cole - Kevin's Heart,J. Cole,Spotify,0.829,0.527,-6.644,0.367,0.482,0.0,0.631,0.475,116.079,200.3,Angry/Intense,60015185,881269,30848,307240351,0.015198,0.014684,9.07,0.83518225,0,1
1675,Randy Travis,If I Didn't Have You,On the Other Hand - All the Number Ones,compilation,Randy Travis - If I Didn't Have You (Official Music Video),Randy Travis,Spotify,0.674,0.578,-10.919,0.0663,0.164,0.0,0.103,0.961,172.498,186.7,Happy/Energetic,4556554,31133,634,29388917,0.006972,0.006833,0.87,5.611650485,1,1
1676,Reyli Barba,Contigo Quiero,Contigo Quiero,single,Reyli Barba - Contigo Quiero (VIDEO OFICIAL),Reyli Barba,Spotify,0.743,0.358,-14.932,0.0462,0.486,9e-06,0.0936,0.491,95.076,259.1,Sad/Mellow,4225826,55784,1043,7039423,0.013448,0.013201,0.21,3.824786325,1,1
1677,CKay,love nwantiti (feat. Dj Yo! & AX'EL) - Remix,love nwantiti (feat. Dj Yo! & AX'EL) [Remix],single,"Ckay-Love Nwantiti - Dj Yo! Ft AX'EL (Joeboy, Kuami Eugene)",Dj Yo!,Spotify,0.579,0.596,-4.823,0.0561,0.436,0.0938,0.0549,0.443,119.9,188.4,Angry/Intense,13314374,258400,3232,491780587,0.01965,0.019408,14.52,10.856102,0,1
1678,Roop Kumar Rathod,Maula Mere Maula,Anwar (Original Motion Picture Soundtrack),compilation,Maula Mere Maula Mere-Anwar HD,TheMukesh97,Spotify,0.548,0.737,-7.865,0.0386,0.458,0.00806,0.091,0.412,119.961,364.3,Angry/Intense,230529,3650,112,46090870,0.016319,0.015833,1.36,8.098901099,0,0
1679,Sade,Kiss of Life,The Best of Sade,compilation,Sade - Kiss Of Life - Official - 1993,SadeVEVO,Spotify,0.723,0.47,-11.302,0.028,0.633,0.0373,0.0968,0.783,97.107,251.3,Calm/Positive,39530610,285876,9690,68194557,0.007477,0.007232,2.01,4.855371901,1,1
1680,Lloyd,Lay It Down,King Of Hearts (Deluxe),album,Lloyd - Lay It Down (Official Video),LloydVEVO,Youtube,0.527,0.796,-5.111,0.062,0.017,0.0,0.0798,0.534,155.99,240.1,Happy/Energetic,96827036,762827,23586,75935298,0.008122,0.007878,2.24,9.974937343,1,1
1681,John Denver,"Leaving, On a Jet Plane - ""Greatest Hits"" Version",John Denver's Greatest Hits,compilation,"Leaving, On a Jet Plane (""Greatest Hits"" Version)",John Denver - Topic,Spotify,0.406,0.188,-13.039,0.0324,0.852,0.0,0.105,0.629,120.757,245.5,Calm/Positive,11143963,64029,655,90964160,0.005804,0.005746,2.69,1.79047619,1,1
1682,NATTAN,Pelado,Pelado,album,PELADO - NATTAN (Clipe oficial),Nattan,Youtube,0.656,0.682,-3.528,0.0383,0.435,0.0,0.175,0.624,149.732,164.8,Happy/Energetic,41572450,305206,3858,20766252,0.007434,0.007342,0.61,3.897142857,1,1
1683,Kool & The Gang,Fresh,Emergency (Reissue),album,Kool & The Gang - Cherish,KoolAndTheGangVEVO,Youtube,0.838,0.381,-16.867,0.0351,0.00912,0.0988,0.0364,0.95,117.708,266.6,Calm/Positive,102948585,533012,17779,45418681,0.00535,0.005177,1.34,10.46703297,1,1
1684,Steve Edwards,Watch The Sunrise,Mixpoint,compilation,Axwell Ft. Steve Edwards - Watch The Sunrise,ElectroEcstasy,Spotify,0.484,0.802,-10.047,0.0801,0.024,0.592,0.0829,0.84,130.824,331.4,Happy/Energetic,185010,1467,27,453814,0.008075,0.007929,0.01,9.674306393,0,0
1685,Marta Sánchez,Soy Yo,Soy Yo,album,Marta Sánchez - Soy Yo (Video Clip),MartaSanchezVEVO,Spotify,0.687,0.604,-9.791,0.0365,0.0204,0.0,0.0931,0.396,126.025,239.9,Angry/Intense,4375715,21368,931,7175620,0.005096,0.004883,0.21,6.487647691,1,1
1686,Europe,The Final Countdown,On Your 80's Radio,compilation,Europe - The Final Countdown (Official Video),EuropeVEVO,Youtube,0.525,0.807,-9.298,0.0569,0.054,0.000575,0.178,0.3,117.589,239.6,Angry/Intense,1083817995,5666051,236957,92550543,0.005446,0.005228,2.73,4.533707865,1,1
1687,Inspector,Me Estoy Enamorando,Ska a La Carta,album,Inspector - Me Estoy Enamorando (Video Oficial),Inspector Oficial,Spotify,0.671,0.927,-3.868,0.0564,0.0266,0.000209,0.0951,0.946,163.945,243.3,Happy/Energetic,20534126,96046,877,79646669,0.00472,0.004677,2.35,9.747634069,1,1
1688,David Guetta,Remember (and David Guetta),Only Honest On The Weekend,album,"Becky Hill, David Guetta - Remember (Official Video)",BeckyHillVEVO,Spotify,0.626,0.864,-3.12,0.0378,0.0682,0.0,0.087,0.555,123.833,161.4,Happy/Energetic,31405552,192652,2797,282543051,0.006223,0.006134,8.34,9.931034483,1,1
1689,Los Angeles De Charly,Me Volví A Acordar De Ti,Te Voy A Enamorar,album,Los Angeles De Charly - Me Volví A Acordar De Ti (Album Version),AngelesDeCharlyVEVO,Spotify,0.678,0.512,-6.532,0.0275,0.0541,0.0,0.369,0.746,145.968,237.1,Happy/Energetic,52519999,213379,2794,133650300,0.004116,0.004063,3.95,1.387533875,1,1
1690,Herbert von Karajan,"Symphony No. 9 In D Minor, Op. 125 - ""Choral"": 1. Allegro ma non troppo, un poco maestoso",Beethoven: Symphony No.9,album,"Beethoven: Symphony No. 9 In D Minor, Op. 125 - ""Choral"" - 1. Allegro ma non troppo, un poco...",Berlin Philharmonic Orchestra - Topic,Spotify,0.228,0.161,-17.008,0.0363,0.952,0.888,0.124,0.0954,71.06,936.0,Sad/Mellow,243462,2827,11,2957606,0.011657,0.011612,0.09,1.298387097,1,1
1691,Harshdeep Kaur,Dilbaro,Raazi,single,"Dilbaro - Full Video | Raazi | Alia Bhatt | Harshdeep Kaur, Vibha Saraf & Shankar Mahadevan",Zee Music Company,Youtube,0.611,0.598,-8.178,0.0551,0.345,1.18e-05,0.183,0.604,177.963,314.1,Happy/Energetic,334391036,1971950,78618,17440626,0.006132,0.005897,0.52,3.267759563,1,1
1692,League of Legends,Enemy - From the series Arcane League of Legends,Enemy (from the series Arcane League of Legends),single,Imagine Dragons & JID - Enemy (from the series Arcane: League of Legends) | Official Music Video,League of Legends,Spotify,0.722,0.745,-4.164,0.256,0.247,0.0,0.419,0.52,77.029,173.4,Happy/Energetic,215023642,3094386,36654,220011254,0.014561,0.014391,6.5,1.778042959,1,1
1693,The Smashing Pumpkins,Cherub Rock - 2011 Remaster,Siamese Dream (Deluxe Edition),album,The Smashing Pumpkins - Cherub Rock,SmashingPumpkinsVEVO,Spotify,0.382,0.867,-7.426,0.0399,5.91e-06,0.581,0.196,0.453,87.309,298.3,Angry/Intense,28422153,163597,9498,144689885,0.00609,0.005756,4.27,4.423469388,1,1
1694,Calibre 50,Míranos Ahora,Míranos Ahora,single,Calibre 50 - Míranos Ahora,CalibreCincuentaVEVO,Spotify,0.68,0.439,-5.909,0.0327,0.651,6.89e-06,0.122,0.772,135.832,198.9,Calm/Positive,25094476,244029,5337,57550084,0.009937,0.009724,1.7,3.598360656,1,1
1695,Falling In Reverse,Bad Girls Club,Fashionably Late (Deluxe Edition),album,"Falling In Reverse - ""Bad Girls Club""",Epitaph Records,Spotify,0.533,0.924,-2.697,0.154,0.0139,0.0,0.487,0.756,174.002,221.7,Happy/Energetic,30306025,288440,23292,48425832,0.010286,0.009518,1.43,1.897330595,1,1
1696,Björk,Human Behaviour,Debut,album,björk : human behaviour (HD),björk,Spotify,0.681,0.65,-14.637,0.0358,0.0396,0.0358,0.101,0.508,109.454,252.4,Happy/Energetic,4013291,77942,3076,36245056,0.020187,0.019421,1.07,6.435643564,0,1
1697,Earl Sweatshirt,Polo Jeans (feat. Earl Sweatshirt),Faces,album,Mac Miller - Polo Jeans (feat. Earl Sweatshirt),Mac Miller,Spotify,0.732,0.635,-7.891,0.41,0.493,7.02e-06,0.388,0.581,147.025,211.7,Happy/Energetic,574365,12516,462,11145209,0.022595,0.021791,0.33,1.636597938,1,1
1698,Bonobo,Kong,Black Sands,album,bonobo kong (music video) 2010,overflowed666,Spotify,0.542,0.749,-8.333,0.0277,0.173,0.942,0.315,0.674,94.031,237.8,Happy/Energetic,1679,10,0,54464487,0.005956,0.005956,1.61,2.377777778,0,0
1699,Thomas Karallus,Drachenzähmen leicht gemacht - Teil 2,Drachenzähmen leicht gemacht (Das Original-Hörspiel zum Kinofilm),album,Drachenzähmen Leicht gemacht 2 Song,Drachenzähmen leicht gemacht,Youtube,0.583,0.862,-8.797,0.585,0.565,0.0,0.693,0.462,125.924,196.1,Angry/Intense,208345,2380,170,0,0.012239,0.011423,0.0,1.243867244,0,0
1700,Gesaffelstein,Hurt You,"My Dear Melancholy,",album,The Weeknd - Hurt You feat. Gesaffelstein (Official Audio),The Weeknd,Spotify,0.476,0.718,-7.227,0.149,0.263,0.00261,0.109,0.361,183.932,230.0,Angry/Intense,59602877,415901,9074,230187850,0.00713,0.006978,6.8,6.587155963,0,1
1701,James Taylor,Your Smiling Face,JT,album,James Taylor - Your Smiling Face (Audio),JamesTaylorVEVO,Spotify,0.683,0.515,-10.932,0.0592,0.137,6.66e-06,0.0816,0.767,88.827,165.4,Happy/Energetic,1676680,19793,1091,60095233,0.012456,0.011805,1.77,6.31127451,1,1
1702,LE SSERAFIM,Sour Grapes,FEARLESS,single,LE SSERAFIM SOUR GRAPE OFFICIAL M/V,itsme finaa,Spotify,0.779,0.801,-5.564,0.0457,0.395,0.0,0.108,0.72,139.998,196.5,Happy/Energetic,44127,1058,0,62385510,0.023976,0.023976,1.84,7.416666667,0,0
1703,Lil Durk,Mad Max,Lil Durk Presents: Loyal Bros 2,album,Lil Durk & Future - Mad Max (Official Video),Lil Durk,Spotify,0.898,0.64,-8.796,0.255,0.0212,0.0,0.0919,0.68,149.988,153.6,Happy/Energetic,6091119,105230,5262,18174723,0.01814,0.017276,0.54,6.964091404,0,1
1704,Charles Aznavour,La bohème,La Bohème (Remastered 2014),album,Charles Aznavour - La bohème (Official Lyrics Video),AznavourVEVO,Spotify,0.377,0.337,-7.346,0.0341,0.808,0.0,0.238,0.545,117.316,245.2,Calm/Positive,37515545,313778,6392,83529310,0.008534,0.008364,2.47,1.415966387,1,1
1705,Disney,Under the Sea,The Little Mermaid Special Edition,album,The Little Mermaid - Under the Sea (from The Little Mermaid) (Official Video),DisneyMusicVEVO,Youtube,0.511,0.475,-14.667,0.161,0.708,0.0,0.105,0.819,98.957,195.1,Calm/Positive,320120240,722050,0,233844328,0.002256,0.002256,6.91,4.523809524,1,1
1706,Blueface,Daddy (feat. Rich The Kid),Dirt Bag,album,Blueface - Daddy ft. Rich The Kid (Official Video),BluefaceVEVO,Spotify,0.869,0.59,-8.214,0.257,0.07,0.0,0.236,0.479,107.934,151.1,Angry/Intense,94798353,1051421,24477,182737597,0.011349,0.011091,5.4,2.5,1,1
1707,Tony Aguirre,Belico,Corridones Belicones Duetos,album,Luis R Conriquez ft Tony Aguirre - BELICO (KartelMusic),TONY AGUIRRE,Spotify,0.547,0.851,-3.251,0.0464,0.454,0.0,0.147,0.872,170.036,195.1,Happy/Energetic,1956298,14981,38,9643953,0.007677,0.007658,0.28,5.789115646,0,0
1708,Skepta,Papi Chulo,Papi Chulo,single,Octavian & Skepta - Papi Chulo,Octavian,Spotify,0.866,0.563,-6.965,0.102,0.187,0.0,0.0888,0.309,127.905,161.7,Angry/Intense,37349202,576201,7442,174692315,0.015627,0.015427,5.16,6.34009009,1,1
1709,Sia,Unstoppable - R3HAB Remix,Unstoppable (R3HAB Remix),single,"Sia, R3HAB - Unstoppable (R3HAB Remix (Visualizer))",SiaVEVO,Spotify,0.678,0.744,-4.058,0.234,0.495,2.35e-05,0.0631,0.433,101.987,162.4,Angry/Intense,1298279,32710,1226,34819346,0.026139,0.025195,1.03,11.79080824,1,1
1710,Vengaboys,Shalala Lala,The Platinum Album,album,Vengaboys - Shalala lala,Vengaboys,Youtube,0.751,0.901,-5.802,0.0328,0.0504,0.00308,0.0395,0.973,124.017,214.8,Happy/Energetic,170015035,904871,21010,42779150,0.005446,0.005322,1.26,22.81012658,0,1
1711,Steve Lacy,Bad Habit - Sped Up,Bad Habit (Sped Up),single,Bad habit - Steve lacy (sped up),blxeskei,Spotify,0.709,0.679,-4.828,0.0588,0.808,4.61e-05,0.428,0.852,102.653,191.3,Happy/Energetic,2492626,43226,415,36549314,0.017508,0.017342,1.08,1.586448598,0,0
1712,Marshmello,Happier,Happier,single,Marshmello ft. Bastille - Happier (Official Music Video),Marshmello,Spotify,0.687,0.792,-2.749,0.0452,0.191,0.0,0.167,0.671,100.015,214.3,Happy/Energetic,1048918185,14014617,740605,1798354650,0.014067,0.013361,53.1,4.74251497,0,1
1713,Quavo,Champions,Champions,single,"Champions - Kanye West ft 2 Chainz,Big Sean, Quavo,Gucci Mane,Yo Gotti,Travis Scott,Desiigner Lyrics",Rap Fever,Spotify,0.692,0.774,-2.48,0.0876,0.0623,0.0,0.873,0.349,134.952,334.3,Angry/Intense,560693,8031,286,268738307,0.014833,0.014323,7.94,0.886597938,0,0
1714,NATTAN,Love Gostosinho - Ao Vivo,O Fantástico Mundo De Nattan (Ao Vivo),album,Love Gostosinho - Nattan e Felipe Amorim (DVD AO VIVO),Nattan,Youtube,0.726,0.814,-3.853,0.031,0.503,0.0,0.753,0.892,141.934,164.1,Happy/Energetic,11639462,74847,1430,6588702,0.006553,0.00643,0.19,1.081009296,1,1
1715,Mambo Kingz,Me Reclama,Me Reclama,single,"Mambo Kingz - Me Reclama ft. Ozuna, Luigi 21 Plus [Official Audio]",Hear This TV,Spotify,0.755,0.72,-4.215,0.0826,0.348,0.0,0.168,0.713,175.93,187.5,Happy/Energetic,95024679,589749,13030,158129859,0.006343,0.006206,4.67,4.285714286,1,1
1716,Luke Combs,When It Rains It Pours,This One's for You,album,Luke Combs - When It Rains It Pours,LukeCombsVEVO,Spotify,0.551,0.801,-5.069,0.0303,0.013,6.03e-06,0.265,0.625,128.027,240.8,Happy/Energetic,359769846,1199219,25913,542049785,0.003405,0.003333,16.01,3.022641509,1,1
1717,Valentín Elizalde,Vencedor,Vencedor,album,Valentín Elizalde - Vencedor (Chyron),ValentinElizaldeVEVO,Spotify,0.679,0.505,-6.166,0.0494,0.597,0.000156,0.104,0.964,160.04,183.8,Happy/Energetic,56829450,223115,5579,70225593,0.004024,0.003926,2.07,4.855769231,1,1
1718,Vintage Culture,This Feeling,This Feeling,single,Vintage Culture & GoodBoys - This Feeling,Vintage Culture,Spotify,0.696,0.685,-6.64,0.0376,0.0156,0.406,0.205,0.206,124.985,196.4,Angry/Intense,1521298,14321,541,14695860,0.009769,0.009414,0.43,3.341463415,0,1
1719,C-Kan,Préndete Un Blunt (feat. Zimple) - Remix,Préndete Un Blunt (feat. Zimple) [Remix],single,"MC Davo, Dharius, C-Kan & Zimple - Préndete Un Blunt (Remix) [Video Oficial]",MCDAVO,Youtube,0.914,0.665,-7.065,0.0794,0.0139,0.0,0.0926,0.645,130.035,288.0,Happy/Energetic,95274094,915526,45276,55688032,0.010085,0.009609,1.64,7.181425486,1,1
1720,BIGBANG,LAST DANCE,MADE,album,BIGBANG - ‘LAST DANCE’ M/V,BIGBANG,Youtube,0.614,0.666,-3.087,0.0541,0.455,0.0,0.23,0.299,143.858,279.7,Angry/Intense,134100685,1458886,96831,59817361,0.011601,0.010879,1.77,2.895652174,1,1
1721,Jessie J,Who You Are,Who You Are (Platinum Edition),album,Jessie J - Who You Are (Official Music Video),JessieJVEVO,Youtube,0.534,0.667,-3.91,0.0336,0.0233,7.3e-06,0.261,0.215,136.043,230.8,Angry/Intense,176581513,1417000,53990,152951147,0.00833,0.008025,4.52,2.555555556,1,1
1722,Redimi2,¿Pa' Qué Preguntan? (Remix),¿Pa' Qué Preguntan? (Remix),single,Alex Zurdo & Funky - ¿Pa' Qué Preguntan? (Remix) (Video Lyric) Feat Redimi2 + Alejandro,ALEX ZURDO MUSIC,Youtube,0.803,0.862,-4.729,0.0668,0.256,3.89e-06,0.135,0.884,97.002,237.2,Happy/Energetic,21853670,172462,6459,12072442,0.008187,0.007892,0.36,6.385185185,1,1
1723,Franz Ferdinand,This fffire - New Version,This fffire,single,Franz Ferdinand - This Fire (Video),franzferdinandVEVO,Spotify,0.442,0.887,-5.943,0.1,0.0259,4.57e-06,0.0655,0.637,146.358,218.1,Happy/Energetic,9584587,121780,3139,24815021,0.013033,0.012706,0.73,13.54198473,1,1
1724,Abel Pintos,Abrazándonos,Abrazándonos,single,"Abel Pintos, Francisca Valenzuela - Abrazándonos (Official Video)",abelpintosVEVO,Spotify,0.781,0.651,-4.418,0.0444,0.206,4.73e-06,0.356,0.931,119.976,195.4,Happy/Energetic,10810767,47282,1331,11201830,0.004497,0.004374,0.33,1.828651685,1,1
1725,Zeca Pagodinho,Deixa A Vida Me Levar,Zeca Pagodinho Em Casa,compilation,Zeca Pagodinho - Deixa A Vida Me Levar,ZecaPagodinhoVEVO,Spotify,0.632,0.848,-8.142,0.224,0.494,0.0,0.0841,0.778,105.135,275.5,Happy/Energetic,13021585,77513,1429,42812813,0.006062,0.005953,1.26,10.08323424,1,1
1726,The Ronettes,Be My Baby,Presenting the Fabulous Ronettes Featuring Veronica,album,The Ronettes - Be My Baby | Colorized (1964) 4K,Classic Hits {Stereo},Spotify,0.512,0.771,-7.006,0.0402,0.168,0.0,0.0895,0.803,129.639,160.9,Happy/Energetic,788352,16732,632,279888484,0.022026,0.021224,8.26,8.61452514,0,0
1727,PNAU,Don't Fly Away (PNAU Remix),Don't Fly Away (PNAU Remix),single,Don't Fly Away (PNAU Remix) (From The Original Motion Picture Soundtrack ELVIS (Audio)),PNAUVEVO,Spotify,0.578,0.751,-6.872,0.0832,0.0198,0.000111,0.177,0.524,114.995,245.0,Happy/Energetic,638601,8504,399,4788312,0.013941,0.013317,0.14,4.242937853,1,1
1728,Lata Mangeshkar,Are Re Are,Dil To Pagal Hai,album,"Are Re Are Song | Dil To Pagal Hai | Shah Rukh Khan, Madhuri Dixit | Lata Mangeshkar, Udit Narayan",YRF,Youtube,0.689,0.674,-12.164,0.0396,0.277,0.000154,0.394,0.937,149.1,335.4,Happy/Energetic,87497897,349334,8399,7345883,0.004088,0.003992,0.22,1.710659898,1,1
1729,Emis Killa,No Cap (feat. Geolier),17 - Dark Edition,album,Emis Killa & Jake La Furia - No Cap (Testo /Lyrics) ft. Geolier,Xeulitzy,Spotify,0.769,0.764,-4.187,0.0636,0.0579,0.0,0.252,0.741,134.107,193.4,Happy/Energetic,2704653,9045,110,27962153,0.003385,0.003344,0.83,3.031746032,1,1
1730,Fetty Wap,Again,Fetty Wap (Deluxe),album,Fetty Wap - Again (Official Video) (Shot by @Brainfilmz),Fetty Wap 1738,Spotify,0.748,0.733,-4.421,0.072,0.0062,0.0,0.329,0.291,93.019,312.2,Angry/Intense,207396,4013,121,343695822,0.019933,0.019349,10.15,2.227963526,0,0
1731,Luis Miguel,Tengo Todo Excepto a Ti,20 Años,album,"Luis Miguel - ""Tengo Todo Excepto A Ti"" (Video Oficial)",Warner Music México,Spotify,0.542,0.665,-8.121,0.0297,0.522,0.0,0.177,0.417,147.977,272.8,Angry/Intense,47486131,183468,7981,189533009,0.004032,0.003864,5.6,3.757062147,1,1
1732,Palak Muchhal,Valentine's Mashup 2019,Valentine's Mashup 2019,single,"Valentines Mashup 2019 | KEDROCK, SD STYLE | Top Romantic Songs | T-Series",T-Series,Spotify,0.595,0.61,-6.887,0.0499,0.332,2.14e-06,0.0628,0.314,97.974,212.5,Angry/Intense,9440542,92084,2236,55399812,0.009991,0.009754,1.64,9.713375796,1,1
1733,Skank,Acima do Sol - Ao Vivo,Multishow Ao Vivo - Skank no Mineirão,album,Skank - Acima do Sol (Ao Vivo em Ouro Preto),SkankVEVO,Youtube,0.45,0.889,-4.688,0.0657,0.356,0.0,0.911,0.262,91.947,312.6,Angry/Intense,50895256,227060,6041,39062490,0.00458,0.004461,1.15,0.975850714,1,1
1734,Los Cafres,Si el Amor Se Cae - Versión 25 Años [Live],25 Años de Música,album,"Los Cafres - Si el amor se cae (DVD ""25 años de Música"" video oficial)",PopArt Discos,Spotify,0.481,0.636,-6.354,0.0354,0.206,0.0,0.688,0.732,166.254,238.7,Happy/Energetic,43165402,75603,1429,46575958,0.001785,0.001751,1.38,0.924418605,1,1
1735,Volbeat,A Warrior's Call,Beyond Hell / Above Heaven,album,Volbeat - A Warrior's Call,VolbeatVEVO,Spotify,0.373,0.903,-4.49,0.083,0.00077,5.86e-06,0.244,0.43,109.121,263.1,Angry/Intense,29945348,142363,5626,155512731,0.004942,0.004754,4.59,3.700819672,1,1
1736,Rise Against,Re-Education (Through Labor),Appeal To Reason,album,Rise Against - Re-Education (Through Labor) (Uncensored) [Official Video],RiseAgainstVEVO,Spotify,0.243,0.947,-3.388,0.102,0.000417,3.41e-05,0.133,0.338,147.586,222.5,Angry/Intense,4867691,33380,4201,74608129,0.00772,0.006857,2.2,7.120300752,1,1
1737,Ozuna,Diles,Diles,single,"Diles - Bad Bunny, Ozuna, Farruko, Arcangel, Ñengo Flow",Hear This Music,Youtube,0.813,0.56,-5.904,0.0618,0.108,0.0,0.268,0.287,118.033,286.0,Angry/Intense,986389022,3786962,81763,628424773,0.003922,0.003839,18.56,2.089552239,1,1
1738,Rema,Calm Down,Rave & Roses,album,Rema - Calm Down (Official Music Video),Rema,Youtube,0.814,0.789,-6.29,0.0405,0.365,0.000502,0.137,0.842,107.003,219.7,Happy/Energetic,359156995,3274555,47276,277571368,0.009249,0.009117,8.2,5.759124088,0,1
1739,Ivan Cornejo,Está Dañada,Alma Vacía,album,Ivan Cornejo - Está Dañada (Video Oficial),Manzana Records,Spotify,0.405,0.565,-9.266,0.0372,0.38,0.0195,0.107,0.166,159.892,214.1,Angry/Intense,20176230,278261,2991,164163037,0.01394,0.013792,4.85,5.280373832,1,1
1740,Sade,Hang on to Your Love,The Best of Sade,compilation,Sade - Hang On To Your Love - Official - 1984,SadeVEVO,Spotify,0.846,0.703,-5.76,0.0301,0.147,1.21e-05,0.071,0.964,107.767,270.5,Happy/Energetic,20338824,111456,2706,51494808,0.005613,0.00548,1.52,9.901408451,1,1
1741,Lil Tracy,Beautiful Nightmare,Anarchy,album,Lil Tracy - Beautiful Nightmare,LilTracyVEVO,Spotify,0.675,0.63,-8.052,0.072,0.0263,0.0,0.284,0.223,77.492,185.9,Angry/Intense,8180290,192880,8138,70318425,0.024573,0.023579,2.08,2.218309859,1,1
1742,Booba,KOA,KOA,single,Booba - KOA (Lyrics Video),B20baOfficiel,Spotify,0.789,0.641,-5.402,0.124,0.156,0.143,0.162,0.319,125.016,187.8,Angry/Intense,5486940,79777,5140,8198481,0.015476,0.014539,0.24,3.956790123,0,0
1743,Mijares,Resistiré,Resistiré,single,Resistiré México (Video Oficial),Warner Music México,Spotify,0.45,0.878,-4.592,0.0827,0.0071,0.0,0.0908,0.744,199.844,252.4,Happy/Energetic,15922776,260404,14941,48533462,0.017293,0.016354,1.43,9.669603524,1,1
1744,Lifehouse,Hanging By A Moment,No Name Face,album,Lifehouse - Hanging By A Moment,LifehouseVEVO,Spotify,0.541,0.864,-4.915,0.0357,0.00118,0.0,0.0896,0.435,124.557,216.1,Angry/Intense,36412783,237540,6073,175473026,0.00669,0.006524,5.18,9.642857143,1,1
1745,New Order,Regret - 2015 Remaster,Republic,album,New Order - Regret (Official Music Video),New Order,Spotify,0.506,0.931,-5.635,0.0305,0.00146,0.0227,0.27,0.865,129.568,249.0,Happy/Energetic,9709510,67906,3236,39538483,0.007327,0.006994,1.17,3.448148148,1,1
1746,Nando Reis,Relicário - Ao Vivo,Cássia Eller Em Casa,compilation,Nando Reis - Relicário (Clipe Oficial),Nando Reis,Spotify,0.3,0.7,-6.567,0.036,0.53,0.0,0.186,0.398,165.664,246.5,Angry/Intense,20993573,96640,1468,97388765,0.004673,0.004603,2.88,3.76344086,0,1
1747,Beck,E-Pro,Guero,album,Beck - E-Pro (Official Music Video),BeckVEVO,Spotify,0.624,0.959,-6.253,0.0769,0.00133,0.171,0.101,0.69,95.794,202.4,Happy/Energetic,7838813,54757,3221,38454946,0.007396,0.006985,1.14,9.495049505,1,1
1748,Fabrizio Paterlini,Rue des trois frères,Fragments Found,album,Rue des trois frères,Fabrizio Paterlini - Topic,Spotify,0.348,0.169,-18.45,0.0413,0.959,0.889,0.1,0.107,138.877,111.4,Sad/Mellow,541904,17172,186,39873406,0.032032,0.031688,1.18,1.69,1,1
1749,Logic,Homicide (feat. Eminem),Confessions of a Dangerous Mind,album,Logic - Homicide ft. Eminem (Official Video),LogicVEVO,Spotify,0.694,0.759,-5.667,0.398,0.137,0.0,0.167,0.77,140.055,245.4,Happy/Energetic,94198880,1974766,86862,445864390,0.021886,0.020964,13.17,4.54491018,1,1
1750,Aleman,Grillz,Grillz,single,Alemán ft Nicki Nicole - Grillz (Video Oficial),Alemán,Spotify,0.618,0.601,-5.922,0.201,0.424,0.0,0.105,0.531,82.588,192.5,Happy/Energetic,4034638,135182,3251,6141533,0.034311,0.033505,0.18,5.723809524,1,1
1751,TKKG,225 - Tanz mit der Giftschlange - Teil 04,Folge 225: Tanz mit der Giftschlange,album,"Schlangen, Giftschlangenhaltung privat",Snakeparadise,Spotify,0.468,0.545,-14.122,0.906,0.256,2.75e-05,0.141,0.472,84.53,180.1,Angry/Intense,1628,17,1,309554,0.011057,0.010442,0.01,3.865248227,0,0
1752,$uicideboy$,Runnin' Thru the 7th with My Woadies,$outh $ide $uicide,single,$UICIDEBOY$ x POUYA - RUNNIN' THRU THE 7TH WITH MY WOADIES (Official Music Video),Cemetery,Spotify,0.686,0.621,-7.243,0.187,0.0656,0.000221,0.139,0.187,112.082,205.8,Angry/Intense,419813,8173,214,227969784,0.019978,0.019468,6.73,4.467625899,0,0
1753,Emmanuel,Bella Señora,Lo Esencial,album,Emmanuel - Bella Señora (Original Video),MASTER MUSIC BOX,Spotify,0.874,0.824,-8.172,0.0351,0.294,0.0,0.248,0.946,120.971,280.5,Happy/Energetic,9500,218,15,108268132,0.024526,0.022947,3.2,3.322580645,0,0
1754,JIN,Tonight,Tonight,single,BTS (?????) Jin - 'Tonight' FMV,Ornythorin,Youtube,0.603,0.418,-7.431,0.0441,0.673,0.0,0.132,0.346,77.457,178.8,Sad/Mellow,190287,9905,244,0,0.053335,0.052053,0.0,3.166666667,0,0
1755,Prince,Kiss,Parade - Music from the Motion Picture Under the Cherry Moon,album,Prince & The Revolution - Kiss (Official Music Video),Prince,Spotify,0.898,0.271,-12.238,0.091,0.0135,0.00138,0.0461,0.742,111.485,226.2,Calm/Positive,63789393,519736,15438,320875067,0.00839,0.008148,9.48,5.878524946,1,1
1756,Los Prisioneros,Paramar,La Voz de los '80 (Edición 30 Años),album,Para amar - Los prisioneros (VIDEO),Nono,Spotify,0.555,0.648,-7.684,0.0908,0.149,1.32e-06,0.114,0.466,147.512,225.8,Angry/Intense,131965,1065,78,37590336,0.008661,0.00807,1.11,5.684210526,0,0
1757,Toni Braxton,Another Sad Love Song,Toni Braxton,album,Toni Braxton - Another Sad Love Song,ToniBraxtonVEVO,Youtube,0.78,0.711,-7.429,0.0476,0.0142,3.75e-05,0.0366,0.859,96.067,301.6,Happy/Energetic,26494588,169584,6242,19918870,0.006636,0.006401,0.59,19.42622951,1,1
1758,Cherish,Killa,The Truth,album,Cherish featuring Yung Joc - Killa,CherishVEVO,Spotify,0.796,0.705,-4.82,0.0358,0.0332,2.14e-06,0.0809,0.774,113.964,229.0,Happy/Energetic,7764817,70259,2014,15944660,0.009308,0.009048,0.47,8.714462299,1,1
1759,DJ Drama,Bruh,SNOFALL,album,"Jeezy, DJ Drama - Bruh (Audio)",JeezyVEVO,Spotify,0.674,0.882,-2.543,0.272,0.0248,0.0,0.0623,0.367,93.713,138.2,Angry/Intense,1066988,14819,423,1675365,0.014285,0.013889,0.05,14.15730337,1,1
1760,Apache 207,Wieso tust Du dir das an?,Platte,album,Apache 207 - Wieso tust Du dir das an? (prod. by Miksu & Macloud),Apache 207,Spotify,0.857,0.473,-6.962,0.0549,0.296,0.474,0.121,0.461,133.966,176.1,Sad/Mellow,40087953,464865,13550,115772296,0.011934,0.011596,3.42,3.909090909,1,1
1761,Gustavo Cerati,Tu Locura,Canciones Elegidas 93-04,compilation,Gustavo Cerati - Tu Locura,h00ligan55,Spotify,0.453,0.607,-6.722,0.0261,0.0647,0.000219,0.211,0.221,144.921,149.9,Angry/Intense,11455306,29340,1222,19033072,0.002668,0.002561,0.56,2.876777251,0,0
1762,Lasso,Hasta Ese Día,Cuatro Estaciones,album,Lasso - Hasta Ese Día,LassoVEVO,Spotify,0.439,0.648,-3.106,0.0326,0.531,0.0,0.176,0.679,190.02,203.7,Happy/Energetic,17420360,360807,13759,27636673,0.021502,0.020712,0.82,3.681818182,1,1
1763,Boosie Badazz,Mind of a Maniac,SuperBad: The Return of Boosie Bad Azz,album,Lil Boosie: Mind of a Maniac,trillent,Youtube,0.792,0.448,-7.924,0.399,0.0149,0.0,0.112,0.391,159.801,224.5,Sad/Mellow,19974831,186339,3378,13158793,0.009498,0.009329,0.39,4.0,0,0
1764,MF DOOM,Hoe Cakes,MM...FOOD,album,Hoe Cakes- MF DOOM (Music Video),luismarvel,Spotify,0.511,0.613,-6.371,0.321,0.0987,0.0,0.144,0.95,92.184,234.1,Happy/Energetic,267452,8532,264,61815510,0.032888,0.031901,1.83,4.256944444,0,0
1765,Bon Jovi,You Give Love A Bad Name,Slippery When Wet,album,Bon Jovi - You Give Love A Bad Name (Official Music Video),BonJoviVEVO,Spotify,0.541,0.96,-2.947,0.0505,0.0663,2.25e-06,0.344,0.812,122.803,222.7,Happy/Energetic,344914092,1568340,45403,803312398,0.004679,0.004547,23.72,2.790697674,1,1
1766,Rubén Blades,Tú Sí Sabes Quererme,"Un Canto por México, Vol. II",album,Tú Sí Sabes Quererme (Video Oficial),NLaFourcadeVEVO,Spotify,0.769,0.537,-8.465,0.0924,0.502,0.0,0.105,0.725,88.068,268.3,Happy/Energetic,653221,24417,915,8591388,0.03878,0.037379,0.25,5.114285714,1,1
1767,Xavier Wulf,Thunder Man,Blood Shore Season 2,album,"Xavier Wulf - ""Thunder Man"" (Music Video)",XavierWulf,Spotify,0.924,0.55,-6.402,0.252,0.00213,4.34e-05,0.101,0.298,139.992,185.4,Angry/Intense,10592684,146972,3299,45682966,0.014186,0.013875,1.35,5.445544554,0,0
1768,Michael Jackson,Smooth Criminal - 2012 Remaster,Bad (Remastered),album,Michael Jackson - Smooth Criminal (Single Version) HD,vman,Spotify,0.853,0.981,-3.947,0.0751,0.247,0.468,0.306,0.595,118.193,257.8,Happy/Energetic,84652754,672624,25952,526030670,0.008252,0.007946,15.53,3.205882353,0,0
1769,R. D. Burman,Agar Tum Na Hote - Female Version,Agar Tum Na Hote (Original Motion Picture Soundtrack),album,R.D. Burman - Agar Tum Na Hote (Female Version),SonyMusicIndiaVEVO,Spotify,0.618,0.613,-5.248,0.037,0.719,0.00112,0.127,0.783,122.607,254.2,Happy/Energetic,1660797,7720,104,4439536,0.004711,0.004648,0.13,4.826771654,1,1
1770,El Komander,A Mi Me Interesa,Detras Del Miedo,album,Me Interesa,El Komander - Topic,Spotify,0.583,0.446,-6.248,0.0352,0.268,0.0,0.224,0.684,142.097,189.3,Calm/Positive,1304395,13089,9,44619367,0.010041,0.010035,1.32,1.991071429,1,1
1771,Diego Verdaguer,Color Esperanza / Sólo le Pido a Dios - Versión México,Color Esperanza / Sólo le Pido a Dios (Versión México),single,Color Esperanza / Sólo le Pido a Dios (Versión México),Sony Music México,Spotify,0.586,0.885,-5.241,0.0758,0.173,0.0,0.082,0.624,95.989,223.9,Happy/Energetic,120609,4108,535,9149565,0.038496,0.03406,0.27,10.79268293,1,1
1772,Alex Zurdo,¿Pa' Qué Preguntan? (Remix),¿Pa' Qué Preguntan? (Remix),single,Alex Zurdo & Funky - ¿Pa' Qué Preguntan? (Remix) (Video Lyric) Feat Redimi2 + Alejandro,ALEX ZURDO MUSIC,Youtube,0.803,0.862,-4.729,0.0668,0.256,3.89e-06,0.135,0.884,97.002,237.2,Happy/Energetic,21853686,172463,6459,12072442,0.008187,0.007892,0.36,6.385185185,1,1
1773,Soolking,Bebeto,Mi Vida (Edition de Noël),album,Kendji Girac - Bebeto (en duo avec Soolking) (Clip officiel),Kendji Girac,Youtube,0.851,0.712,-6.135,0.154,0.462,1.03e-05,0.133,0.891,110.965,205.4,Happy/Energetic,96296821,507085,11673,46941863,0.005387,0.005266,1.39,5.353383459,0,1
1774,Nickelback,If Today Was Your Last Day,Dark Horse,album,Nickelback - If Today Was Your Last Day [OFFICIAL VIDEO],Roadrunner Records,Spotify,0.485,0.911,-5.749,0.0355,8.67e-05,0.0,0.092,0.568,89.956,249.1,Happy/Energetic,104909097,510474,18775,204404663,0.005045,0.004866,6.04,9.902173913,1,1
1775,Dulce María,Tras De Mí,Nuestro Amor,album,Rebelde - Trás de Mi (Ensayo) HD,Rebels,Spotify,0.64,0.931,-3.437,0.0852,0.0172,0.0,0.248,0.851,115.036,192.3,Happy/Energetic,387874,8377,203,55416538,0.022121,0.021597,1.64,3.754032258,0,0
1776,Karthik,Ava Enna,Vaaranam Aayiram (Original Motion Picture Soundtrack),album,Vaaranam Aayiram - Ava Enna Video | Harris Jayaraj | Suriya,SonyMusicSouthVEVO,Youtube,0.594,0.454,-9.422,0.0755,0.497,3.83e-05,0.0736,0.705,133.825,318.5,Calm/Positive,65583482,580353,18422,28067975,0.00913,0.008849,0.83,6.168478261,1,1
1777,Sid Sriram,"Ennai Vittu (From ""Love Today"")","Ennai Vittu (From ""Love Today"")",single,Love Today - Ennai Vittu Lyric | @MorattuSingle  | Yuvan Shankar Raja | AGS,Sony Music South,Youtube,0.602,0.388,-12.098,0.0536,0.334,3.7e-05,0.126,0.3,140.006,244.7,Sad/Mellow,22287496,349071,4789,21980285,0.015877,0.015662,0.65,3.079365079,1,1
1778,Harris Jayaraj,Naaloney Pongaynu,Surya S/o Krishnan (Original Motion Picture Soundtrack),album,Surya S/o Krishnan - Naaloney Pongaynu Telugu Video | Suriya | Harris Jayaraj,SonyMusicSouthVEVO,Spotify,0.714,0.495,-7.226,0.0361,0.328,0.0,0.104,0.238,114.979,372.6,Sad/Mellow,1416724,10635,158,14627318,0.007618,0.007507,0.43,4.759615385,1,1
1779,LX,Auf Clouds,Auf Clouds,single,LX - Auf Clouds,CrhymeTV,Spotify,0.858,0.658,-7.548,0.298,0.394,0.000103,0.0914,0.573,139.031,138.5,Happy/Energetic,1465331,38280,1766,5176458,0.027329,0.026124,0.15,7.199124726,1,1
1780,The Alchemist,Carruth,The Price Of Tea In China,album,"Boldy James - ""Carruth"" produced by the Alchemist",Al Chemist,Spotify,0.545,0.362,-13.491,0.122,0.83,3.46e-05,0.112,0.707,79.288,133.6,Calm/Positive,90393,1680,121,6280858,0.019924,0.018586,0.19,3.232142857,0,0
1781,Evanescence,Sweet Sacrifice,The Open Door,album,Evanescence - Sweet Sacrifice,EvanescenceVEVO,Youtube,0.486,0.87,-4.947,0.0903,0.00679,3.15e-06,0.312,0.336,97.013,185.5,Angry/Intense,64815968,364706,14206,29523743,0.005846,0.005627,0.87,2.788461538,1,1
1782,Tech N9ne,Face Off,ASIN9NE,album,"Tech N9ne - Face Off (feat. Joey Cool, King Iso & Dwayne Johnson) | Official Music Video",Strange Music Inc,Spotify,0.693,0.935,-4.323,0.224,0.18,0.0,0.179,0.391,80.882,219.8,Angry/Intense,69482261,2206304,69398,153496615,0.032752,0.031753,4.53,5.223463687,1,1
1783,Of Monsters and Men,Mountain Sound,My Head Is An Animal,album,Of Monsters and Men - Mountain Sound (Official Video),OfMonstersAndMenVEVO,Spotify,0.379,0.879,-4.336,0.0362,0.0421,0.00449,0.146,0.37,102.021,211.5,Angry/Intense,18110821,117187,5716,192615029,0.006786,0.006471,5.69,6.020547945,1,1
1784,Camille Saint-Saëns,Saint-Saëns / Transcr. Vidal: Le carnaval des animaux: XIII. Le cygne,Intuition,album,Saint-Saens : The Swan ( Le Cygne )  - Carnival of the Animals,Classical Music Only,Spotify,0.213,0.0329,-28.228,0.0451,0.972,0.926,0.0978,0.0366,84.819,208.0,Sad/Mellow,6589395,102224,3823,22475498,0.016094,0.015513,0.66,0.336400818,0,0
1785,Janelle Monáe,Django Jane,Dirty Computer,album,Janelle Monáe – Django Jane [Official Music Video],Janelle Monáe,Spotify,0.833,0.624,-6.306,0.325,0.49,0.0,0.117,0.26,101.96,190.3,Angry/Intense,9643951,196057,8384,25649702,0.021199,0.02033,0.76,5.333333333,1,1
1786,The Alchemist,Arrival,Israeli Salad,album,Arrival,The Alchemist - Topic,Spotify,0.0,0.802,-7.977,0.0,0.00417,0.878,0.603,0.0,0.0,95.0,Angry/Intense,104635,1905,21,9283211,0.018407,0.018206,0.27,1.330016584,1,1
1787,OFFICIAL HIGE DANDISM,Mixed Nuts,Mixed Nuts,single,Official??dism - Mixed Nuts ?Official Video?,Official??dism,Youtube,0.542,0.918,-5.074,0.0937,0.0101,0.0,0.259,0.784,150.094,213.4,Happy/Energetic,83337711,581994,16784,81090317,0.007185,0.006984,2.39,3.544401544,1,1
1788,Neeti Mohan,Nainowale Ne,Padmaavat,single,Nainowale Ne Full Video Song | Padmaavat | Deepika Padukone | Shahid Kapoor | Ranveer Singh,T-Series,Youtube,0.602,0.513,-7.953,0.0287,0.563,0.0,0.161,0.6,96.96,175.8,Happy/Energetic,170434509,1411553,26755,23921448,0.008439,0.008282,0.71,3.186335404,1,1
1789,Yelawolf,Money,Mud Mouth,album,"Yelawolf - ""Money""  Ft: Jelly Roll & Struggle Jennings [MUSIC VIDEO]",Yelawolf,Youtube,0.872,0.603,-8.115,0.109,0.0958,1.43e-06,0.0608,0.359,119.956,318.6,Angry/Intense,7114196,93023,3020,6908786,0.0135,0.013076,0.2,9.917763158,1,1
1790,Mc Paiva ZS,VAI POR MIM,VAI POR MIM,single,Kayblack e Mc Paiva - Vai por mim (prod. Wall Hein),Real Kayblack,Spotify,0.62,0.469,-9.041,0.5,0.321,0.0,0.164,0.724,88.872,147.6,Calm/Positive,9221436,129680,35364,12458096,0.017898,0.014063,0.37,2.859756098,0,0
1791,Pantera,Becoming,Far Beyond Driven,album,Pantera - Becoming (MUSIC VIDEO),Miculincho,Spotify,0.578,0.896,-5.699,0.0497,0.00104,0.00513,0.126,0.576,129.843,185.1,Happy/Energetic,158191,2052,80,21143251,0.013477,0.012972,0.62,7.111111111,0,0
1792,Adam Levine,Lost Stars - Into The Night Mix,Begin Again - Music From And Inspired By The Original Motion Picture,compilation,Lost Stars (Into The Night Mix),Adam Levine - Topic,Spotify,0.522,0.789,-4.163,0.0335,0.0892,0.0,0.111,0.342,101.023,217.1,Angry/Intense,471959,3053,1,17852009,0.006471,0.006469,0.53,7.108108108,1,1
1793,Van Halen,Ain't Talkin' 'Bout Love - 2015 Remaster,Van Halen (Remastered),album,Van Halen - Aint Talkin' Bout Love,TheCrazyAssault,Spotify,0.518,0.938,-5.964,0.0416,0.021,0.000305,0.288,0.71,139.138,227.8,Happy/Energetic,17566351,124710,6815,126323886,0.007487,0.007099,3.73,3.256944444,0,0
1794,Ghost,Spillways,IMPERA,album,Ghost - Spillways (Official Music Video),GhostBCVEVO,Spotify,0.575,0.868,-5.004,0.0319,0.000207,0.00294,0.0584,0.804,128.069,196.9,Happy/Energetic,8157673,217441,8505,29030659,0.027697,0.026655,0.86,14.8630137,1,1
1795,Maneva,Lembranças,Teu Chão,album,Maneva - Lembranças (Ao Vivo Em São Paulo),ManevaVEVO,Spotify,0.646,0.358,-11.818,0.456,0.636,7.8e-06,0.414,0.822,172.093,195.6,Calm/Positive,8728755,43842,444,12277785,0.005074,0.005023,0.36,0.8647343,1,1
1796,Bethel Music,No Longer Slaves (Spontaneous) - Live,We Will Not Be Shaken (Live),album,No Longer Slaves (LIVE) - Jonathan and Melissa Helser | We Will Not Be Shaken,Bethel Music,Spotify,0.412,0.61,-7.988,0.0379,0.177,0.000102,0.0851,0.242,148.005,373.7,Angry/Intense,25831882,215121,8651,90973194,0.008663,0.008328,2.69,7.168037603,1,1
1797,Allman Brothers Band,Soulshine,Where It All Begins,album,Allman Brothers Band - Soulshine,Aflac201,Spotify,0.476,0.556,-6.501,0.0274,0.125,0.0117,0.0898,0.559,135.624,403.5,Happy/Energetic,19802113,101245,5009,42011701,0.005366,0.005113,1.24,6.191536748,0,0
1798,John Coltrane,My Little Brown Book,Duke Ellington & John Coltrane,album,"Duke Ellington & John Coltrane - ""My Little Brown Book""",fabioLNDT,Spotify,0.372,0.187,-13.497,0.0323,0.942,0.139,0.161,0.217,70.334,319.7,Sad/Mellow,451073,5213,172,67415920,0.011938,0.011557,1.99,1.161490683,0,0
1799,Volbeat,Still Counting,Guitar Gangsters & Cadillac Blood,album,Volbeat - Still Counting,RoleModelTV,Spotify,0.309,0.919,-3.131,0.0609,0.00039,0.000225,0.424,0.322,103.89,261.8,Angry/Intense,5677992,20478,1044,263737185,0.00379,0.003607,7.79,2.16745283,0,0
1800,Alan Walker,PS5 (with TOMORROW X TOGETHER & Alan Walker),PS5 (with TOMORROW X TOGETHER & Alan Walker),single,salem ilese-  PS5 with TOMORROW X TOGETHER feat. Alan Walker (official music video),salem ilese,Spotify,0.602,0.642,-5.404,0.211,0.0131,5.33e-06,0.0668,0.54,175.978,152.2,Happy/Energetic,3113840,167879,4045,100301922,0.055213,0.053914,2.96,9.610778443,0,1
1801,Don Henley,The Boys Of Summer,Building The Perfect Beast,album,Don Henley - The Boys Of Summer (Official Music Video),DonHenleyVEVO,Spotify,0.516,0.549,-13.741,0.0373,0.501,0.00572,0.184,0.907,176.941,288.7,Happy/Energetic,3070329,36563,1709,418039372,0.012465,0.011908,12.34,2.983695652,1,1
1802,Brett Eldredge,Don't Ya,Bring You Back,album,Brett Eldredge - Don't Ya (Official Music Video),Brett Eldredge,Spotify,0.537,0.693,-5.256,0.0847,0.0566,0.0,0.146,0.581,176.004,181.2,Happy/Energetic,8279706,46560,1070,76580760,0.005753,0.005623,2.26,4.746575342,1,1
1803,Kacey Musgraves,Butterflies,Golden Hour,album,Kacey Musgraves - Butterflies (Official Music Video),KaceyMusgravesVEVO,Spotify,0.689,0.614,-6.137,0.0306,0.252,1.95e-05,0.178,0.411,141.97,219.1,Angry/Intense,18309950,146840,4073,149563915,0.008242,0.00802,4.42,3.449438202,1,1
1804,Aitana,Formentera,Formentera,single,"Aitana, Nicki Nicole - Formentera (Vídeo Oficial)",AitanaVEVO,Spotify,0.781,0.645,-4.136,0.0399,0.0903,1.58e-06,0.226,0.803,128.007,207.3,Happy/Energetic,50088334,349931,7014,120720746,0.007126,0.006986,3.56,2.853982301,1,1
1805,Wyclef Jean,"Guantanamera (feat. Ms. Lauryn Hill, Celia Cruz & Jeni Fujita)",Wyclef Jean presents The Carnival featuring Refugee Allstars (feat. Refugee All Stars),album,"Wyclef Jean - Guantanamera (Official Video) ft. Ms. Lauryn Hill, Celia Cruz, Jeni Fujita",WyclefVEVO,Spotify,0.833,0.431,-8.991,0.178,0.00195,0.000278,0.124,0.385,87.97,270.5,Sad/Mellow,4320002,34841,1019,19552207,0.008301,0.008065,0.58,3.475806452,1,1
1806,Steely Dan,Only A Fool Would Say That,Can't Buy A Thrill,album,Steely Dan - Only a Fool Would Say That,Dixie Blue,Spotify,0.759,0.367,-19.024,0.0367,0.848,1.12e-06,0.227,0.96,129.882,175.3,Calm/Positive,1277296,8738,778,25998168,0.00745,0.006841,0.77,1.616740088,0,0
1807,Madison Beer,Good In Goodbye,Life Support,album,Madison Beer - Good In Goodbye (Official Video),MadisonBeerMusicVEVO,Spotify,0.658,0.698,-5.95,0.177,0.433,0.0,0.174,0.456,139.054,141.9,Angry/Intense,20306850,571116,14070,155436902,0.028817,0.028124,4.59,4.011494253,1,1
1808,Snow Patrol,Shut Your Eyes,Eyes Open,album,Snow Patrol - Shut Your Eyes (Official Video),SnowPatrolVEVO,Spotify,0.693,0.738,-6.431,0.0287,0.151,0.000177,0.0987,0.829,124.995,197.1,Happy/Energetic,3978916,21250,630,27014086,0.005499,0.005341,0.8,7.477203647,1,1
1809,Santana,Oye Como Va,Abraxas,album,Santana - Oye Como Va (Audio),SantanaVEVO,Spotify,0.736,0.379,-13.208,0.0539,0.301,0.345,0.104,0.948,128.399,256.9,Calm/Positive,14478816,156602,5146,129426946,0.011171,0.010816,3.82,3.644230769,1,1
1810,Miky Woodz,enemigos,BAHÍA DUCATI,album,"Feid, Miky Woodz, Juhn ""ENEMIGOS"" (Video Musical)",BailaMundo,Spotify,0.763,0.608,-5.828,0.0884,0.14,2.63e-06,0.0864,0.782,174.027,217.9,Happy/Energetic,68710,1953,14,15859240,0.028628,0.028424,0.47,7.037037037,0,0
1811,Alex Zurdo,"UNO (feat. Alex Zurdo, Funky, Redimi2, Christian Ponce, Almighty, Ander Bock)",UNO,album,"UNO | Redimi2 x Alex Zurdo x Funky Ft. Almighty, Christian Ponce, Ander Bock (Video Lyric)",redimi2oficial,Youtube,0.577,0.882,-3.19,0.392,0.241,0.0,0.0964,0.39,174.18,441.1,Angry/Intense,11808630,137235,6341,9227462,0.012159,0.011622,0.27,9.149377593,0,0
1812,Daft Punk,Lose Yourself to Dance (feat. Pharrell Williams),Random Access Memories,album,Daft Punk - Lose Yourself to Dance (Official Version),DaftPunkVEVO,Spotify,0.832,0.659,-7.828,0.057,0.0839,0.00114,0.0753,0.674,100.163,353.9,Happy/Energetic,195983803,1115598,37436,274711166,0.005883,0.005692,8.11,8.751660027,1,1
1813,Yann Tiersen,La valse d'Amélie,Le Fabuleux destin d'Amélie Poulain (Bande originale du film),album,Yann Tiersen - La Valse d'Amelie (Version Orchestra),Elliott Walsh,Spotify,0.433,0.564,-8.917,0.0405,0.713,0.275,0.117,0.855,192.07,135.9,Happy/Energetic,858543,11153,241,49206484,0.013271,0.012991,1.45,4.820512821,0,0
1814,J.J. Cale,Call The Doctor,Naturally,album,Call The Doctor,JJ Cale - Topic,Spotify,0.466,0.188,-18.309,0.0547,0.198,0.657,0.082,0.615,243.372,147.2,Calm/Positive,304768,2863,17,12755638,0.00945,0.009394,0.38,2.292682927,1,1
1815,Ty Dolla $ign,WUSYANAME (feat. Youngboy Never Broke Again & Ty Dolla $ign),CALL ME IF YOU GET LOST,album,"Tyler, The Creator - WUSYANAME (Lyrics) ft. YoungBoy Never Broke Again & Ty Dolla $ign",FutureHype,Spotify,0.493,0.653,-5.666,0.0466,0.269,0.0,0.511,0.852,142.347,121.6,Happy/Energetic,2012615,41394,1247,210423821,0.021187,0.020567,6.21,1.277886497,0,0
1816,Rema,Soundgasm,Rave & Roses,album,Rema - Soundgasm (Official Music Video),Rema,Spotify,0.805,0.525,-7.376,0.0638,0.119,0.00203,0.0779,0.693,100.033,204.8,Happy/Energetic,70077748,605338,10173,78491577,0.008783,0.008638,2.32,6.739409499,0,1
1817,DJ Luian,Me Reclama,Me Reclama,single,"Mambo Kingz - Me Reclama ft. Ozuna, Luigi 21 Plus [Official Audio]",Hear This TV,Spotify,0.755,0.72,-4.215,0.0826,0.348,0.0,0.168,0.713,175.93,187.5,Happy/Energetic,95024726,589750,13030,158129859,0.006343,0.006206,4.67,4.285714286,1,1
1818,Julia Michaels,17,Inner Monologue Part 2,album,Julia Michaels - 17,JuliaMichaelsVEVO,Spotify,0.774,0.466,-6.869,0.0433,0.458,0.0,0.111,0.396,97.975,182.8,Sad/Mellow,3161846,66076,1424,95476150,0.021348,0.020898,2.82,4.198198198,1,1
1819,DJ Nelson,Ayer,Ayer,single,Anuel - Ayer ft. Dj Nelson [Official Video],DJ Nelson,Youtube,0.784,0.665,-4.9,0.0806,0.336,2.95e-05,0.0953,0.763,91.969,280.0,Happy/Energetic,379134057,1771424,60738,46562051,0.004832,0.004672,1.37,6.977964323,1,1
1820,Phoebe Bridgers,Scott Street,Stranger in the Alps,album,Phoebe Bridgers - Scott Street (Official Music Video),The FADER,Spotify,0.508,0.417,-9.632,0.0296,0.77,0.0928,0.0887,0.483,134.944,305.0,Sad/Mellow,1075643,24939,633,95811037,0.023774,0.023185,2.83,4.701240135,0,0
1821,Devi Sri Prasad,Neekemo Andamekkuva,Waltair Veerayya (Original Motion Picture Soundtrack),single,Neekemo Andamekkuva,Devi Sri Prasad - Topic,Spotify,0.932,0.72,-8.136,0.164,0.236,0.00974,0.0516,0.917,109.986,212.2,Happy/Energetic,337091,2662,15,1527728,0.007941,0.007897,0.05,13.95348837,1,1
1822,Jadakiss,Traffic Jam,Gunehgar,album,DIVINE - Traffic Jam feat. Jadakiss | Prod. by iLL Wayno | Official Audio,DIVINE,Spotify,0.697,0.894,-6.389,0.386,0.202,0.0,0.272,0.709,87.633,211.5,Happy/Energetic,743018,42690,1108,2411446,0.058946,0.057455,0.07,3.286764706,1,1
1823,A.R. Rahman,Mallipoo,Vendhu Thanindhathu Kaadu (Original Motion Picture Soundtrack),single,Mallipoo Video Song | VTK | HDR | Silambarasan TR | Gautham Vasudev Menon |   @ARRahman | Vels,Think Music India,Youtube,0.715,0.654,-7.266,0.336,0.196,0.000117,0.0667,0.762,175.589,245.4,Happy/Energetic,86199720,851792,11886,41725242,0.010019,0.009882,1.23,9.805097451,1,1
1824,Two Door Cinema Club,Sun,Beacon,album,TWO DOOR CINEMA CLUB | SUN,Two Door Cinema Club,Spotify,0.649,0.528,-5.642,0.0288,0.00965,0.000435,0.108,0.598,96.977,187.7,Happy/Energetic,21670985,148198,3847,120629736,0.007016,0.006839,3.56,4.888888889,1,1
1825,Ajay-Atul,Deva Shree Ganesha,Agneepath (Original Motion Picture Soundtrack),album,Ajay-Atul - Deva Shree Ganesha Best Video|Agneepath|Priyanka Chopra|Hrithik|Ajay Gogavale,SonyMusicIndiaVEVO,Youtube,0.34,0.96,-5.427,0.0802,0.238,4.32e-06,0.0378,0.475,150.04,356.8,Angry/Intense,135043316,1090420,26365,18408687,0.00827,0.008075,0.54,25.3968254,1,1
1826,Steve Lacy,Dark Red,Dark Red,single,Steve Lacy - Dark Red,David Dean Burkhart,Spotify,0.603,0.784,-4.023,0.062,0.446,8.32e-06,0.119,0.769,172.041,173.1,Happy/Energetic,24650541,568346,7030,739108438,0.023341,0.023056,21.83,6.588235294,0,0
1827,Wyclef Jean,Zealots,The Score (Expanded Edition),album,Fugees - Zealots (Official Audio),TheFugeesVEVO,Spotify,0.53,0.45,-14.975,0.489,0.196,2.62e-06,0.147,0.339,77.887,260.5,Sad/Mellow,440111,5840,166,30918066,0.013647,0.013269,0.91,3.06122449,1,1
1828,Chayanne,Tu Pirata Soy Yo,Chayanne,album,Chayanne - Tu Pirata Soy Yo (Video oficial),tenek25,Spotify,0.337,0.376,-15.19,0.0313,0.455,0.0,0.113,0.255,97.311,173.6,Sad/Mellow,28160026,115057,5034,32610775,0.004265,0.004086,0.96,3.327433628,0,0
1829,Carlos Baute,Colgando en tus manos,De mi puño y letra - Edicion Coleccionista,album,Carlos Baute - Colgando en tus manos (con Marta Sanchez),Carlos Baute,Youtube,0.757,0.708,-5.351,0.0331,0.234,8.85e-05,0.103,0.805,119.95,231.8,Happy/Energetic,705191929,2562848,70950,8683344,0.003735,0.003634,0.26,6.873786408,1,1
1830,W&W,Dragostea Din Tei - W&W Remix,Dragostea Din Tei (W&W Remix),single,0,0,Youtube,0.526,0.912,-2.691,0.0936,0.0694,0.000806,0.173,0.297,159.974,174.4,Angry/Intense,0,0,0,0,0.0,0.0,0.0,5.271676301,0,0
1831,Olivia Newton-John,"I Love You, I Honestly Love You","If You Love Me, Let Me Know",album,Olivia Newton-John - I Honestly Love You,OliviaNewtonJohnVEVO,Spotify,0.355,0.112,-15.309,0.0362,0.959,0.000104,0.0674,0.153,134.893,220.3,Sad/Mellow,2871455,24034,1627,13672939,0.008937,0.00837,0.4,1.661721068,1,1
1832,Silk Sonic,Blast Off,An Evening With Silk Sonic,album,"Bruno Mars, Anderson .Paak, Silk Sonic - Blast Off [Official Audio]",Bruno Mars,Spotify,0.482,0.548,-9.946,0.0373,0.0363,2.28e-06,0.3,0.346,76.017,284.9,Angry/Intense,5890347,90489,3823,49086757,0.016011,0.015362,1.45,1.826666667,1,1
1833,George Frideric Handel,"Rinaldo, HWV 7: Lascia ch'io pianga (Arr. for Piano)",Handel Variations,album,"DiMaio - Lascia ch'io pianga (from Handel’s Rinaldo, HWV 7) [Arr. Dardust] [Official video]",Warner Music Italy,Spotify,0.253,0.0272,-31.271,0.0431,0.993,0.916,0.0979,0.125,68.211,268.0,Sad/Mellow,232206,3011,144,11714445,0.013587,0.012967,0.35,0.277834525,1,1
1834,Wiz Khalifa,The Thrill,The Thrill,single,Wiz Khalifa - The Thrill (Official Music Video),wizkhalivideos ss,Spotify,0.817,0.775,-4.767,0.108,0.277,0.0,0.108,0.806,126.984,234.3,Happy/Energetic,7305521,39964,1530,230458933,0.00568,0.00547,6.81,7.175925926,0,0
1835,Shaan,Aao Milo Chalo,Jab We Met,album,"Full Video:Aao Milo Chalen|Jab We Met|Shahid Kapoor, Kareena Kapoor|Pritam, Shaan, Ustad Sultan Khan",T-Series,Spotify,0.504,0.787,-5.948,0.0605,0.412,0.0,0.323,0.49,114.772,325.9,Angry/Intense,12919767,162271,2820,18808286,0.012778,0.01256,0.56,2.436532508,1,1
1836,Tiziano Ferro,Il Regalo Più Grande,Alla Mia Età,album,Tiziano Ferro - Il Regalo Più Grande,TizianoFerroVEVO,Youtube,0.401,0.669,-4.69,0.0449,0.576,0.0,0.1,0.31,142.095,228.6,Angry/Intense,53613716,226996,5377,42176418,0.004334,0.004234,1.25,6.69,1,1
1837,Jessie Reyez,FOREVER (with 6LACK),YESSIE,album,Jessie Reyez featuring 6LACK - FOREVER (official video),JessieReyezVEVO,Spotify,0.815,0.606,-4.496,0.0586,0.543,2.03e-05,0.114,0.484,114.009,223.2,Angry/Intense,4114749,131728,2011,8977789,0.032502,0.032014,0.27,5.315789474,1,1
1838,Melendi,La promesa,Un alumno más,album,Melendi - La promesa (Videoclip oficial),Melendi,Youtube,0.584,0.73,-5.095,0.0355,0.0674,0.00849,0.288,0.414,153.929,233.0,Angry/Intense,417127249,1189394,21793,103041022,0.002904,0.002851,3.04,2.534722222,1,1
1839,Hector & Tito,Felina,A La Reconquista,album,0,0,Spotify,0.849,0.922,-6.604,0.0684,0.0275,0.00862,0.0809,0.71,93.001,216.4,Happy/Energetic,0,0,0,55211891,0.0,0.0,1.63,11.39678616,0,0
1840,Orochi,Balão 2,Vida Cara,album,"Orochi ""BALÃO 2""  (prod. TkN, Kizzy, Luchinha)",Orochi,Youtube,0.612,0.724,-5.423,0.0477,0.186,0.0,0.109,0.268,137.877,252.2,Angry/Intense,4024007,183194,6030,3251577,0.047024,0.045525,0.1,6.642201835,1,1
1841,Guru Randhawa,"High Rated Gabru (From ""Nawabzaade"")","High Rated Gabru (From ""Nawabzaade"")",single,Guru Randhawa: High Rated Gabru Official Song | DirectorGifty | Bhushan Kumar | T-Series,T-Series,Youtube,0.685,0.841,-2.932,0.0942,0.118,0.0,0.26,0.59,97.929,179.1,Happy/Energetic,1164662248,6095625,420932,24531854,0.005595,0.005234,0.72,3.234615385,1,1
1842,Miggy Dela Rosa,Ferrari - Oliver Heldens Remix,Ferrari (Oliver Heldens Remix),single,James Hype & Miggy Dela Rosa - Ferrari [Oliver Heldens Remix] (Official Live Video),Oliver Heldens,Youtube,0.73,0.903,-5.64,0.0427,0.00806,0.252,0.0998,0.694,124.957,188.6,Happy/Energetic,135473,3169,119,0,0.024271,0.023392,0.0,9.048096192,0,1
1843,Armand Van Helden,My My My,Nympho,album,"Armand Van Helden   My, My, My",???????,Spotify,0.652,0.733,-8.207,0.246,0.00672,0.00867,0.0392,0.744,127.533,182.3,Happy/Energetic,80649,817,13,61182520,0.010292,0.01013,1.81,18.69897959,0,0
1844,MC Cabelinho,X1,LITTLE HAIR,album,MC CABELINHO - X1 (prod. DALLASS),MC Cabelinho,Youtube,0.579,0.804,-5.024,0.0581,0.457,0.0,0.136,0.546,183.075,188.9,Happy/Energetic,164601461,1087793,88220,83628629,0.007145,0.006609,2.47,5.911764706,1,1
1845,Djavan,Flor de Lis,A Voz e o Violão,album,Djavan - Flor de Lis (Ao Vivo),DjavanVEVO,Spotify,0.549,0.502,-16.202,0.0493,0.223,0.0,0.0622,0.781,85.793,225.3,Happy/Energetic,12059360,111355,2140,51689854,0.009411,0.009234,1.53,8.07073955,1,1
1846,Evanescence,Lithium,The Open Door,album,Evanescence - Lithium (Official Music Video),EvanescenceVEVO,Youtube,0.483,0.631,-3.826,0.0356,0.214,0.0,0.0974,0.212,117.988,224.1,Angry/Intense,175876015,1088007,37419,66098488,0.006399,0.006186,1.95,6.478439425,1,1
1847,Morad,Habla Claro,Habla Claro,single,"Eladio Carrión, Morad - Habla Claro (Video Oficial)",Eladio Carrion,Youtube,0.682,0.651,-7.009,0.191,0.508,5.79e-05,0.0883,0.759,180.102,230.0,Happy/Energetic,43477446,427190,8405,38932029,0.010019,0.009826,1.15,7.372593431,1,1
1848,Olivia Rodrigo,happier,SOUR,album,Olivia Rodrigo - happier (Music Video),BIRDS,Spotify,0.395,0.443,-9.72,0.133,0.765,9.67e-06,0.0839,0.338,168.924,175.9,Sad/Mellow,1138770,20523,289,722767272,0.018276,0.018022,21.34,5.280095352,0,0
1849,Dilsinho,50 Vezes - Ao Vivo,"Ao Cubo, Ao Vivo, Em Cores",album,"Sorriso Maroto, Dilsinho - 50 Vezes (Ao Vivo) [Clipe Oficial]",Sorriso Maroto,Youtube,0.561,0.65,-6.43,0.0277,0.816,1.61e-06,0.952,0.597,147.899,184.1,Happy/Energetic,134731062,567097,8724,91721897,0.004274,0.004209,2.71,0.682773109,0,1
1850,UZI,ARASAN DA,EL CHAVO,album,UZI - ARASAN DA,UZI,Spotify,0.742,0.832,-6.812,0.156,0.425,0.242,0.108,0.441,105.978,191.7,Angry/Intense,86173832,424634,13335,106500548,0.005082,0.004928,3.14,7.703703704,0,1
1851,Don Toliver,Scrape It Off (feat. Lil Uzi Vert & Don Toliver),It's Almost Dry,album,Pusha T - Scrape It Off The Top ft. Lil Uzi Vert & Don Toliver (Visualizer),PUSHA T,Spotify,0.594,0.679,-3.702,0.345,0.484,7.83e-06,0.114,0.66,106.726,152.6,Happy/Energetic,712131,13233,505,50148408,0.019291,0.018582,1.48,5.956140351,0,0
1852,42 Dugg,Bestfriends,Free Dem Boyz,album,42 Dugg - Bestfriends (Official Music Video),42DuggVEVO,Spotify,0.817,0.704,-7.697,0.211,0.0613,0.0,0.236,0.452,94.486,132.8,Angry/Intense,14262396,157229,2469,25394944,0.011197,0.011024,0.75,2.983050847,1,1
1853,HARDY,RADIO SONG (feat. Jeremy McKinnon),the mockingbird & THE CROW,album,HARDY - RADIO SONG (feat. Jeremy McKinnon) (Lyric Video),HARDYVEVO,Spotify,0.481,0.913,-4.774,0.0549,0.0213,1.48e-05,0.0544,0.319,147.981,187.3,Angry/Intense,290729,4350,369,1514812,0.016232,0.014962,0.04,16.78308824,1,1
1854,Gesaffelstein,Destinations,Aleph,album,GESAFFELSTEIN - DESTINATIONS,GesaffelsteinChannel,Spotify,0.801,0.551,-11.19,0.208,0.189,0.67,0.315,0.19,102.014,216.7,Angry/Intense,1301985,0,0,10441411,0.0,0.0,0.31,1.749206349,0,0
1855,Key Glock,Word on the Streets,Yellow Tape,album,Key Glock - Word on the Streets (Audio),KeyGlockVEVO,Spotify,0.886,0.646,-7.288,0.328,0.0266,3.76e-05,0.0857,0.798,148.119,207.6,Happy/Energetic,13235918,108347,1657,60997388,0.008311,0.008186,1.8,7.537922987,1,1
1856,The Prodigy,Breathe,The Fat of the Land,album,The Prodigy - Breathe (Official Video),XL Recordings,Spotify,0.673,0.808,-6.183,0.0491,0.0121,0.878,0.037,0.303,130.041,336.3,Angry/Intense,81691545,546567,25721,129338689,0.007005,0.006691,3.82,21.83783784,1,1
1857,Brett Eldredge,A Holly Jolly Christmas,Glow (Deluxe Edition),album,"Brett Eldredge - ""A Holly Jolly Christmas"" (Visualizer)",Brett Eldredge,Spotify,0.681,0.474,-8.623,0.0423,0.621,1.24e-06,0.137,0.7,71.957,142.8,Calm/Positive,44964,381,19,50120336,0.008896,0.008473,1.48,3.459854015,1,1
1858,Los Caminantes,Maria Elena,20 Cumbias Sin Parar,album,MARIA ELENA --- LOS CAMINANTES (VÍDEO OFICIAL 2020) ARPORT HONDURAS,ArPort Centroamerica,Spotify,0.784,0.801,-5.157,0.0337,0.53,0.0,0.0862,0.969,104.769,193.8,Happy/Energetic,754110,4966,147,19462542,0.00678,0.006585,0.57,9.292343387,0,0
1859,Anitta,"DANÇARINA (feat. Nicky Jam, MC Pedrinho) - Remix","DANÇARINA (feat. Nicky Jam, MC Pedrinho) [Remix]",single,"DANÇARINA (Remix) - PEDRO SAMPAIO, Anitta, Nicky Jam, Dadju, MC Pedrinho (Official Music Video)",PEDRO SAMPAIO,Spotify,0.763,0.669,-4.402,0.0651,0.156,0.0,0.0867,0.609,135.028,212.0,Happy/Energetic,41025322,437128,11614,64963004,0.010938,0.010655,1.92,7.716262976,1,1
1860,Fujii Kaze,Garden,LOVE ALL SERVE ALL,album,Garden,Fujii Kaze - Topic,Spotify,0.589,0.527,-8.332,0.0572,0.0932,0.000337,0.104,0.576,138.023,229.3,Happy/Energetic,5116882,40107,156,7641467,0.007869,0.007838,0.23,5.067307692,1,1
1861,L.V.,Throw Your Hands Up - Treach Version,I Am L.V.,album,L.V. - Throw Your Hands Up (feat. Treach) [Music Video],Tommy Boy,Spotify,0.849,0.727,-4.572,0.0532,0.148,2.32e-05,0.0453,0.699,100.927,230.2,Happy/Energetic,613858,12353,473,746171,0.020894,0.020124,0.02,16.04856512,1,1
1862,Björk,Joga,Homogenic,album,björk : jóga,björk,Youtube,0.321,0.697,-6.266,0.057,0.405,0.000155,0.0721,0.234,146.161,305.7,Angry/Intense,2530333,57110,1853,0,0.023302,0.02257,0.0,9.667128988,0,1
1863,Joan Jett & the Blackhearts,Bad Karma (feat. Joan Jett),Plastic Hearts,album,Joan Jett & the Blackhearts - I Hate Myself for Loving You (Official Video),JoanJettVEVO,Youtube,0.82,0.568,-6.963,0.0538,0.0301,0.0092,0.169,0.478,113.941,188.2,Angry/Intense,98701312,724659,20347,33587742,0.007548,0.007342,0.99,3.360946746,1,1
1864,Rolf Zuckowski,Theo (Der Bananenbrot-Song),Was Spaß macht...,album,Theo (Der Bananenbrot-Song),Rolf Zuckowski - Topic,Spotify,0.713,0.76,-4.19,0.112,0.788,0.0,0.298,0.75,122.267,171.2,Happy/Energetic,1624331,17699,0,4759847,0.010896,0.010896,0.14,2.55033557,1,1
1865,Siddhartha,Respiro (Cap. 8),MEMORIA FUTURO,album,"Siddhartha, Ximena Sariñana - Respiro (Cap. 8)",iamSiddharthaVEVO,Spotify,0.641,0.745,-5.58,0.0281,0.0109,1.32e-05,0.0876,0.715,137.996,221.4,Happy/Energetic,11560544,90196,1676,32805862,0.007947,0.007802,0.97,8.50456621,1,1
1866,Dr. Dre,Still D.R.E.,2001,album,Dr. Dre - Still D.R.E. ft. Snoop Dogg,DrDreVEVO,Youtube,0.816,0.775,-3.323,0.234,0.16,0.00031,0.0543,0.527,93.431,270.6,Happy/Energetic,1233860763,9629569,294499,1085977338,0.008043,0.007804,32.07,14.27255985,1,1
1867,Santana,Maria Maria (feat. The Product G&B),Supernatural (Legacy Edition),album,Santana - Maria Maria (Stereo) ft. The Product G&B,SantanaVEVO,Youtube,0.777,0.601,-5.931,0.126,0.0406,0.00201,0.0348,0.68,97.911,262.0,Happy/Energetic,472278090,2230928,50459,213049650,0.004831,0.004724,6.29,17.27011494,1,1
1868,Jory Boy,Suburban,Welcome To My World,album,Cris MJ - La Suburban Ft. Jory Boy (Video Oficial ) | Welcome To My World |,Cris MJ,Spotify,0.777,0.755,-3.641,0.08,0.0576,0.0,0.216,0.783,95.078,197.1,Happy/Energetic,8888846,92995,3130,10561460,0.010814,0.010462,0.31,3.49537037,0,1
1869,Bomba Estéreo,Fuego,Blow Up,album,Bomba Estéreo - Fuego (Official Music Video),Nacional Records,Spotify,0.771,0.816,-5.917,0.056,0.0541,0.0,0.0664,0.16,100.009,278.9,Angry/Intense,20417678,73925,4689,37860492,0.00385,0.003621,1.12,12.28915663,0,0
1870,Kenny Loggins,Return to Pooh Corner,Return To Pooh Corner,album,Kenny Loggins - Return to Pooh Corner (from Outside: From The Redwoods),KennyLogginsVEVO,Spotify,0.327,0.22,-14.997,0.0345,0.794,1.75e-05,0.587,0.333,200.263,254.5,Sad/Mellow,2879001,23934,1682,14234746,0.008898,0.008313,0.42,0.374787053,1,1
1871,Fatboy Slim,Gangster Trippin,You've Come A Long Way Baby,album,Fatboy Slim - Gangster Trippin [Official Video],Fatboy Slim,Youtube,0.716,0.861,-8.631,0.072,0.0379,0.00322,0.149,0.745,101.731,320.1,Happy/Energetic,872770,6920,461,0,0.008457,0.007929,0.0,5.77852349,0,1
1872,Billy Ray Cyrus,Noah (Stand Still),The Hardest Part,album,Noah Cyrus - Noah (Stand Still) feat. Billy Ray Cyrus (Official Lyric Video),Noah Cyrus,Spotify,0.444,0.439,-8.784,0.0368,0.219,0.00208,0.105,0.152,156.133,234.5,Sad/Mellow,261774,12107,399,2228939,0.047774,0.04625,0.07,4.180952381,0,1
1873,Aleman,Categoría 5,Huracán,album,Alemán - Categoría 5 (Official Video),"Corridos, Trap Y Rap",Spotify,0.687,0.697,-7.518,0.282,0.0216,0.0,0.312,0.859,168.06,165.7,Happy/Energetic,242270,4458,52,65713263,0.018616,0.018401,1.94,2.233974359,0,0
1874,OneRepublic,Run,Human (Deluxe),album,OneRepublic - Run (Official Music Video),OneRepublicVEVO,Spotify,0.682,0.72,-8.176,0.0382,0.321,0.0,0.205,0.649,116.988,168.3,Happy/Energetic,42503345,462548,8428,391962525,0.011081,0.010883,11.57,3.512195122,1,1
1875,T-Pain,Up Down (Do This All Day) (feat. B.o.B),Happy Hour: The Greatest Hits,compilation,T-Pain - Up Down (Do This All Day) (Explicit) ft. B.o.B,TPainVEVO,Spotify,0.778,0.498,-6.846,0.0562,0.256,0.0,0.295,0.464,96.995,231.1,Sad/Mellow,130052999,885466,18426,208141960,0.00695,0.006809,6.15,1.688135593,1,1
1876,Prashant Katheriya,Saari Raat,Devine Nostalgia (Unplugged),single,"A heart touching Song ""Mumkin"" - By Prashant Katheriya",Prashant Katheriya,Spotify,0.565,0.332,-9.338,0.0273,0.918,6.9e-06,0.385,0.546,80.007,76.4,Calm/Positive,1151,47,6,6988215,0.046047,0.040834,0.21,0.862337662,0,1
1877,Die drei !!!,81 - Geheimnis im Spukhotel - Teil 02,Folge 81: Geheimnis im Spukhotel,album,Die drei !!! - Folge 81: Geheimnis im Spukhotel | Hörspiel,EUROPA Hörspiele,Spotify,0.507,0.894,-9.56,0.888,0.476,0.0,0.355,0.335,75.505,185.5,Angry/Intense,6639,32,0,338141,0.00482,0.00482,0.01,2.518309859,0,0
1878,Bastille,Of The Night,All This Bad Blood,album,Bastille - Of The Night (Official Music Video),BastilleVEVO,Spotify,0.67,0.829,-7.2,0.0427,0.0192,0.000225,0.089,0.349,125.01,214.2,Angry/Intense,53887945,400342,12947,169755498,0.007669,0.007429,5.01,9.314606742,1,1
1879,Major Lazer,"My Love (feat. Major Lazer, WizKid, Dua Lipa)",Shine,album,"Wale - My Love (feat. Dua Lipa, Major Lazer & Wizkid) [Official Music Video]",Wale,Spotify,0.728,0.811,-4.278,0.0564,0.0453,2.07e-06,0.362,0.705,114.995,228.7,Happy/Energetic,19875049,225796,4602,136886345,0.011592,0.011361,4.04,2.240331492,1,1
1880,Shashaa Tirupati,Kajra / Uden Jab Jab Mashup,Kajra / Uden Jab Jab Mashup - Single,single,Kajra Mohabbat Wala | Uden Jab Jab Zulfein Teri | Recreated | Shashaa Tirupati,Saregama Music,Spotify,0.538,0.463,-6.091,0.165,0.744,0.0,0.0261,0.956,86.924,125.3,Calm/Positive,7077881,113570,1140,8096832,0.016207,0.016046,0.24,17.7394636,1,1
1881,Anderson .Paak,Leave The Door Open,An Evening With Silk Sonic,album,"Bruno Mars, Anderson .Paak, Silk Sonic - Leave the Door Open [Official Video]",Bruno Mars,Spotify,0.586,0.616,-7.964,0.0324,0.182,0.0,0.0927,0.719,148.088,242.1,Happy/Energetic,637665966,6925267,193396,1006100004,0.011164,0.01086,29.71,6.645091694,1,1
1882,Darell,B11 (feat. Myke Towers),B11 (feat. Myke Towers),single,Rvssian x Darell x Myke Towers x Zion y Lennox - B11 ( Video Oficial ),Rvssian,Spotify,0.759,0.717,-5.014,0.115,0.0672,0.000455,0.131,0.195,99.946,251.9,Angry/Intense,64343490,384617,3362,140710301,0.00603,0.005978,4.16,5.473282443,0,1
1883,Tracy Chapman,Crossroads,Crossroads,album,Tracy Chapman - Crossroads (Official Music Video),Tracy Chapman,Spotify,0.787,0.255,-14.733,0.0399,0.777,0.00959,0.101,0.6,105.97,251.5,Calm/Positive,10973937,65191,2123,26837282,0.006134,0.005941,0.79,2.524752475,1,1
1884,Sleepy Hallow,Molly,Sleepy Hallow Presents: Sleepy For President,album,Sleepy Hallow ft. Sheff G  - Molly  (Official Video Release),Sleepy Hallow,Spotify,0.812,0.385,-9.676,0.416,0.787,0.0,0.103,0.742,133.993,164.6,Calm/Positive,29540572,272062,3644,105940728,0.009333,0.00921,3.13,3.737864078,0,1
1885,Jamie Foxx,Blame It,Intuition,album,Jamie Foxx - Blame It ft. T-Pain,jamiefoxxVEVO,Spotify,0.673,0.614,-5.426,0.103,0.0782,0.0,0.139,0.362,176.052,289.7,Angry/Intense,52996531,349340,14463,115487437,0.006865,0.006592,3.41,4.417266187,1,1
1886,Motörhead,God Was Never on Your Side,Kiss of Death,album,Motörhead - God Was Never on Your Side,Gasha James Dio,Spotify,0.291,0.887,-4.629,0.0877,0.161,0.000634,0.103,0.183,175.921,261.2,Angry/Intense,1481724,30480,1638,23646573,0.021676,0.020571,0.7,8.611650485,0,0
1887,Wesley Safadão,Tchuco Nela,Tchuco Nela,single,ROGERINHO E WESLEY SAFADÃO - TCHUCO NELA,MC ROGERINHO,Youtube,0.802,0.727,-4.968,0.0307,0.413,0.0,0.0713,0.837,125.038,170.9,Happy/Energetic,129648370,668250,3921,111001257,0.005185,0.005154,3.28,10.19635344,1,1
1888,Modern Talking,Brother Louie,Ready For Romance,album,Modern Talking - Brother Louie (Video),ModernTalkingVEVO,Youtube,0.783,0.836,-9.223,0.0486,0.396,0.0236,0.135,0.831,108.966,222.7,Happy/Energetic,318524936,1714133,55441,164986102,0.005556,0.005381,4.87,6.192592593,1,1
1889,Bazzi,Beautiful (feat. Camila Cabello),Beautiful (feat. Camila Cabello),single,Bazzi feat. Camila Cabello - Beautiful [Official Music Video],Bazzi,Spotify,0.638,0.717,-4.722,0.0337,0.346,0.0,0.105,0.249,100.027,180.0,Angry/Intense,199467012,2114050,40479,662284883,0.010801,0.010598,19.56,6.828571429,1,1
1890,The Jackson 5,I Saw Mommy Kissing Santa Claus,Christmas Album,album,Jackson 5 - I Saw Mommy Kissing Santa Claus (Official Video),Classic Motown,Spotify,0.583,0.712,-8.222,0.0538,0.263,1.02e-06,0.817,0.614,128.897,181.3,Happy/Energetic,3384785,22103,680,155540579,0.006731,0.00653,4.59,0.871481028,0,0
1891,Jay Park,All I Wanna Do,EVERYTHING YOU WANTED,album,Jay Park X 1MILLION / 'All I Wanna Do (K) (feat. Hoody & Loco)' [Choreography Version],JAY PARK,Youtube,0.613,0.668,-6.867,0.267,0.245,0.0,0.0735,0.509,96.176,209.4,Happy/Energetic,73873773,744731,8992,49760120,0.010203,0.010081,1.47,9.088435374,0,0
1892,Annie Lennox,A Whiter Shade of Pale,Medusa,album,Annie Lennox - A Whiter Shade of Pale (Remastered),AnnieLennoxVEVO,Spotify,0.521,0.583,-8.451,0.0274,0.399,0.00174,0.347,0.353,146.009,316.8,Angry/Intense,34375644,223860,10185,45353823,0.006808,0.006512,1.34,1.680115274,1,1
1893,Cristian Castro,Es Mejor Así (feat. Reik) - Primera Fila - Live Version,Cristian Castro En Primera Fila - Día 1,album,Christian Castro - Es Mejor Así (En Vivo) ft. Reik,CristianCastroVEVO,Spotify,0.663,0.839,-5.21,0.0519,0.0359,4.61e-06,0.969,0.679,136.995,218.1,Happy/Energetic,39043619,132539,2913,65610239,0.003469,0.003395,1.94,0.865841073,1,1
1894,Little Mix,Secret Love Song (feat. Jason Derulo),Get Weird (Expanded Edition),album,Little Mix - Secret Love Song (Official Video) ft. Jason Derulo,littlemixVEVO,Spotify,0.529,0.614,-5.032,0.0479,0.215,0.0,0.277,0.141,92.972,249.8,Angry/Intense,449703232,3240471,95045,552687880,0.007417,0.007206,16.32,2.216606498,1,1
1895,Vengaboys,Kiss (When The Sun Don't Shine),The Platinum Album,album,Vengaboys - Kiss (When The Sun Don't Shine),Vengaboys,Youtube,0.704,0.946,-4.74,0.0356,0.000217,0.246,0.0478,0.869,138.013,211.2,Happy/Energetic,69113747,325357,9015,10034681,0.004838,0.004708,0.3,19.79079498,0,1
1896,Ángela Aguilar,Dime Cómo Quieres,AYAYAY! (Súper Deluxe),album,"Christian Nodal, Ángela Aguilar - Dime Cómo Quieres (Video Oficial)",ChristianNodalVEVO,Youtube,0.839,0.667,-3.961,0.031,0.322,0.0,0.244,0.878,124.889,171.4,Happy/Energetic,607883484,4522521,132626,198065883,0.007658,0.00744,5.85,2.733606557,1,1
1897,Los Fabulosos Cadillacs,Siguiendo la Luna - Remasterizado 2008,El León,album,Los Fabulosos Cadillacs - Siguiendo la Luna (Cover Audio),LFCVEVO,Spotify,0.733,0.602,-7.65,0.084,0.0121,4.64e-06,0.0642,0.832,80.472,292.0,Happy/Energetic,11857588,67663,443,141022900,0.005744,0.005706,4.16,9.37694704,1,1
1898,Vybz Kartel,Happy Pum Pum,Happy Pum Pum,single,Vybz Kartel - Happy Pum Pum (Lyrics),Shadow Music M,Youtube,0.623,0.678,-5.452,0.243,0.285,0.0,0.172,0.781,175.682,212.7,Happy/Energetic,24792468,134271,2058,11723007,0.005499,0.005416,0.35,3.941860465,0,0
1899,Herbert von Karajan,"Suite No. 3 in D Major, BWV 1068: II. Air",Born in the 1600s: Bach,compilation,"Johann Sebastian Bach - Suite nº 3, BWV 1068 (Karajan)",evhevi2008,Spotify,0.0769,0.0846,-25.997,0.045,0.922,0.929,0.113,0.0586,176.329,363.3,Sad/Mellow,2234909,7101,506,37292776,0.003404,0.003177,1.1,0.748672566,0,0
1900,Kacey Musgraves,Easy (with Kacey Musgraves feat. Mark Ronson),Easy (with Kacey Musgraves feat. Mark Ronson),single,"Troye Sivan, Kacey Musgraves - Easy ft. Mark Ronson",TroyeSivanVEVO,Spotify,0.581,0.674,-7.09,0.033,0.00187,3.01e-06,0.128,0.488,143.005,213.6,Angry/Intense,9324652,217549,6728,82820643,0.024052,0.023331,2.45,5.265625,1,1
1901,Teufelskicker,96 - Tausendundein Tor! - Teil 06,Folge 96: Tausendundein Tor!,album,Teufelskicker - Folge 96: Tausendundein Tor! | Hörspiel,EUROPA Hörspiele,Spotify,0.584,0.735,-7.623,0.705,0.636,0.0,0.19,0.754,99.675,181.9,Happy/Energetic,3455,21,0,106025,0.006078,0.006078,0.0,3.868421053,0,0
1902,Barbra Streisand,Guilty (feat. Barry Gibb),Guilty,album,Barbra Streisand - Guilty (Official Audio) ft. Barry Gibb,barbrastreisandVEVO,Spotify,0.626,0.425,-15.656,0.0356,0.231,0.0,0.114,0.952,150.875,264.3,Calm/Positive,10399742,66601,2197,89046665,0.006615,0.006404,2.63,3.728070175,1,1
1903,Tchakabum,Explosão,Explosão,album,Explosão Tchakabum,tchakabumoficial,Spotify,0.698,0.9,-4.3,0.0913,0.508,0.000911,0.345,0.828,136.051,182.7,Happy/Energetic,4362859,24229,650,4440493,0.005702,0.005553,0.13,2.608695652,0,0
1904,Dave Stewart,Sweet Dreams (Are Made of This) - Remastered,Sweet Dreams (Are Made Of This),album,"Eurythmics, Annie Lennox, Dave Stewart - Sweet Dreams (Are Made Of This) (Official Video)",EurythmicsVEVO,Spotify,0.692,0.711,-7.498,0.0317,0.225,0.0,0.12,0.875,125.135,216.9,Happy/Energetic,763538478,6430729,221509,989478518,0.008712,0.008422,29.22,5.925,1,1
1905,Stevie Ray Vaughan,Cold Shot,Couldn't Stand The Weather (Legacy Edition),album,Stevie Ray Vaughan & Double Trouble - Cold Shot (Video),stevierayvaughnVEVO,Spotify,0.427,0.553,-11.434,0.0405,0.344,0.000956,0.227,0.674,109.629,241.0,Happy/Energetic,6146997,65390,2732,20760222,0.011082,0.010638,0.61,2.436123348,1,1
1906,The Walters,Cottage Roads,Young Men,album,Cottage Roads,The Walters - Topic,Spotify,0.567,0.391,-9.193,0.0272,0.891,0.00113,0.0966,0.162,100.022,181.5,Sad/Mellow,245454,3882,21,8363839,0.015901,0.015816,0.25,4.047619048,1,1
1907,Martin Solveig,Juliet & Romeo,Juliet & Romeo,single,"Martin Solveig, Roy Woods - Juliet & Romeo",MartinSolveigVEVO,Spotify,0.712,0.664,-8.026,0.0345,0.0416,0.000104,0.0668,0.781,122.014,204.5,Happy/Energetic,6804550,41750,947,71478074,0.006275,0.006136,2.11,9.94011976,1,1
1908,Mc IG,OQIGAP?,O Que O Igor Guilherme Anda Pensando ?,album,"OQIGAP? MC IG, Davi, Ryan SP, Hariel, Don Juan, Cebezinho, NK, MC Rick e Tigre (DJ Oreia)",GR6 EXPLODE,Spotify,0.705,0.537,-5.089,0.397,0.222,0.0,0.0979,0.61,114.683,647.0,Happy/Energetic,9838821,148159,10773,17311797,0.016154,0.015059,0.51,5.485188968,1,1
1909,Natti Natasha,Sin Pijama,MALA SANTA,album,"Becky G, Natti Natasha - Sin Pijama (Official Video)",BeckyGVEVO,Youtube,0.788,0.745,-4.417,0.0448,0.352,4.56e-05,0.0973,0.79,94.002,190.2,Happy/Energetic,2086480719,8624889,366369,710166109,0.004309,0.004134,20.97,7.656731757,1,1
1910,Raekwon,The Morning,Kanye West Presents Good Music Cruel Summer,compilation,The Morning,Raekwon - Topic,Spotify,0.669,0.654,-4.594,0.336,0.0378,0.0,0.322,0.19,82.06,275.1,Angry/Intense,663573,11040,13,43964004,0.016657,0.016637,1.3,2.031055901,1,1
1911,Savage Garden,I Knew I Loved You,Affirmation,album,Savage Garden - I Knew I Loved You (Official Video),SavageGardenVEVO,Youtube,0.61,0.497,-9.88,0.0279,0.32,6.11e-05,0.0884,0.739,85.031,250.4,Calm/Positive,204233282,974735,38411,194580528,0.004961,0.004773,5.75,5.622171946,1,1
1912,A.R. Rahman,Kun Faya Kun,Rockstar,album,"Kun Faya Kun Full Video Song Rockstar | Ranbir Kapoor | A.R. Rahman, Javed Ali, Mohit Chauhan",T-Series,Youtube,0.362,0.378,-11.008,0.0329,0.679,0.0,0.091,0.575,87.549,470.5,Calm/Positive,333829289,2718990,94883,73834235,0.008429,0.008145,2.18,4.153846154,1,1
1913,Juan Magán,Bailando por Ahi,The King Of Dance,album,Juan Magán - Bailando por Ahi (Videoclip),JuanMaganVEVO,Spotify,0.73,0.732,-5.167,0.051,0.0427,2.22e-06,0.262,0.974,129.974,180.5,Happy/Energetic,72098879,345102,6713,150617001,0.00488,0.004787,4.45,2.79389313,1,1
1914,Melendi,Lágrimas desordenadas,Lágrimas desordenadas,album,Melendi - Lágrimas desordenadas (Videoclip oficial),Melendi,Youtube,0.641,0.937,-3.52,0.0735,0.238,0.0,0.108,0.653,160.1,229.3,Happy/Energetic,64251638,162781,4837,49072430,0.002609,0.002533,1.45,8.675925926,1,1
1915,Stromae,Ta fête,Racine Carrée (Standard US Version),album,Stromae - ta fête (Official Video),StromaeVEVO,Youtube,0.68,0.851,-7.665,0.12,0.00114,0.00193,0.308,0.593,127.954,175.4,Happy/Energetic,84361254,502914,11049,74648107,0.006092,0.005961,2.2,2.762987013,1,1
1916,Fifth Harmony,Down (feat. Gucci Mane),Fifth Harmony,album,Fifth Harmony - Down ft. Gucci Mane,FifthHarmonyVEVO,Spotify,0.53,0.512,-7.094,0.133,0.0162,7.04e-05,0.128,0.401,196.121,165.2,Angry/Intense,97375123,1254549,69368,212930706,0.013596,0.012884,6.29,4.0,1,1
1917,Caralisa Monteiro,"Naa Nijam Rangu (From ""Pathaan"") - Telugu Version","Naa Nijam Rangu (From ""Pathaan"") - Telugu Version",single,"Naa Nijam Rangu | Pathaan | Shah Rukh Khan, Deepika Padukone | Vishal & Sheykhar | Shilpa, Chaitanya",YRF Telugu,Youtube,0.772,0.784,-5.47,0.0387,0.0652,0.00635,0.121,0.637,116.005,258.5,Happy/Energetic,4051576,89931,3207,371783,0.022988,0.022197,0.01,6.479338843,1,1
1918,Marc Anthony,Valió la Pena - Salsa Version,Valio La Pena,album,Marc Anthony - Valio La Pena (Salsa Version),marcanthonyVEVO,Youtube,0.521,0.704,-5.772,0.0513,0.332,7.1e-06,0.0665,0.846,98.364,289.5,Happy/Energetic,350143815,617719,9896,170697432,0.001792,0.001764,5.04,10.58646617,1,1
1919,Eddie Santiago,Que Locura Enamorarme De Ti,Atrevido Y Diferente,album,Eddie Santiago - Que locura fue enamorarme de ti,Música del Recuerdo,Spotify,0.746,0.786,-7.273,0.0428,0.538,8e-06,0.0656,0.968,93.767,308.0,Happy/Energetic,62642,1110,18,185213608,0.018007,0.01772,5.47,11.98170732,0,0
1920,Don Diablo,All That You Need,All That You Need,single,Don Diablo - All That You Need | Official Music Video,Don Diablo,Spotify,0.704,0.714,-5.339,0.0855,0.111,0.000122,0.16,0.284,128.084,160.3,Angry/Intense,1197382,12275,340,2876462,0.010535,0.010252,0.08,4.4625,0,1
1921,Fran C,Kela Toke (feat. Tunechikidd),Diablo Santo,single,Kela Toke (feat. Tunechikidd),DrefQuila - Topic,Spotify,0.807,0.837,-3.592,0.0369,0.0527,0.0,0.0605,0.766,98.02,202.4,Happy/Energetic,389769,6956,232,1795056,0.018442,0.017846,0.05,13.83471074,1,1
1922,Destiny's Child,Say My Name,The Writing's On The Wall,album,Destiny's Child - Say My Name (Official Video),DestinysChildVEVO,Spotify,0.713,0.678,-3.525,0.102,0.273,0.0,0.149,0.734,138.009,271.3,Happy/Energetic,341811113,1700270,43913,645113663,0.005103,0.004974,19.05,4.55033557,1,1
1923,Ghostemane,I duckinf hatw you,HUMAN ERR0R,single,GHOSTEMANE x Parv0 - I duckinf hatw you,????? ? ????,Spotify,0.671,0.962,-5.509,0.481,0.0729,0.00663,0.376,0.183,114.003,117.9,Angry/Intense,44771197,1350716,36320,111406631,0.030981,0.030169,3.29,2.558510638,0,0
1924,L.V.,Gangsta's Paradise (L.V. Version),I Am L.V.,album,L.V. - Gangsta's Paradise (L.V. Version),Tommy Boy,Youtube,0.616,0.677,-6.098,0.0403,0.0454,3.01e-06,0.181,0.481,79.863,240.9,Angry/Intense,1536015,49455,1422,1009592,0.033123,0.032197,0.03,3.740331492,1,1
1925,Kaskade,Escape - John Summit Remix,Escape (John Summit Remix),single,Kx5 - Escape (John Summit Remix) [Extended Mix],John Summit,Spotify,0.631,0.84,-5.768,0.0347,0.0009,0.0374,0.109,0.113,125.992,226.7,Angry/Intense,418598,7252,308,8950519,0.01806,0.017324,0.26,7.706422018,0,1
1926,Solfeggio Healing Frequencies MT,528 Hz Love Frequency,528 Hz Transformation and Miracles (DNA Repair),single,432 Hz + 528 Hz DNA Repair & Healing Frequency l Bring Positive Transformation l Miracle Healing,Meditation and Healing,Spotify,0.159,0.0978,-27.322,0.0454,0.99,0.819,0.0917,0.0614,133.258,156.8,Sad/Mellow,11326,167,0,57002194,0.014745,0.014745,1.68,1.066521265,1,1
1927,Conan Gray,Heather,Kid Krow,album,Conan Gray - Heather,ConanGrayVEVO,Spotify,0.357,0.425,-7.301,0.0333,0.584,0.0,0.322,0.27,102.078,198.0,Sad/Mellow,131534843,3051558,82096,1128042067,0.023824,0.0232,33.31,1.319875776,1,1
1928,Marisela,Sin Él,15 Éxitos de Marisela Vol. 2,album,Marisela - Sin El,Colonize Media,Spotify,0.569,0.259,-15.971,0.0345,0.733,9.62e-05,0.0905,0.323,141.521,215.6,Sad/Mellow,6012951,35862,541,57969417,0.006054,0.005964,1.71,2.861878453,1,1
1929,Key Glock,Since 6ix,Glockoma,album,Key Glock - Since 6ix (Official Video),KeyGlockVEVO,Spotify,0.916,0.625,-7.36,0.241,0.00317,0.0,0.0933,0.46,128.094,152.7,Angry/Intense,24676428,231077,3277,53425046,0.009497,0.009364,1.58,6.698821008,1,1
1930,Beach Weather,"Sex, Drugs, Etc. - Sped Up Version","Sex, Drugs, Etc. (Sped Up Version)",single,"sex, drugs, etc. - beach weather (sped up)",peachy !,Youtube,0.552,0.875,-4.782,0.0376,0.0123,0.00554,0.144,0.585,79.959,177.0,Happy/Energetic,12007728,175617,1292,1836938,0.014733,0.014625,0.05,6.076388889,0,0
1931,Ñejo,"Esta Cabron (Remix) [feat. Anuel Aa, Yomo, Pusho, Almighty, D.Ozi & Jamby ""El Favo""]","Esta Cabron (Remix) [feat. Anuel Aa, Yomo, Pusho, Almighty, D.Ozi & Jamby ""El Favo""]",single,"Esta Cabron (Remix) (feat. Anuel Aa, Yomo, Pusho, Almighty, D.Ozi & Jamby ""El Favo"")",Ñejo - Topic,Spotify,0.653,0.821,-5.541,0.209,0.197,1.48e-06,0.137,0.629,179.953,485.7,Happy/Energetic,12709139,75740,151,52529221,0.005971,0.005959,1.55,5.99270073,1,1
1932,Staind,Right Here,Chapter V,album,Staind - Right Here (Official Video),Staind,Spotify,0.492,0.646,-5.334,0.0303,0.00136,2.21e-05,0.121,0.214,112.228,253.9,Angry/Intense,11399364,77213,1882,62688729,0.006939,0.006773,1.85,5.338842975,1,1
1933,Cazzu,Peli-Culeo,Nena Trampa,album,"Cazzu, De La Ghetto, Randy - Peli-Culeo (Visualizer) | Nena Trampa",CAZZU Canal Oficial,Youtube,0.869,0.714,-4.474,0.296,0.163,6.3e-05,0.0892,0.699,80.013,174.9,Happy/Energetic,24564419,232960,7221,13338609,0.009778,0.009484,0.39,8.004484305,1,1
1934,Aitana,Quieres,Quieres,single,"Aitana, Emilia, Ptazeta - Quieres",AitanaVEVO,Spotify,0.796,0.646,-3.925,0.158,0.0744,0.0,0.127,0.663,180.03,213.7,Happy/Energetic,32628872,279512,6198,38096600,0.008756,0.008566,1.12,5.086614173,1,1
1935,Pritam,Tum Se Hi,Jab We Met,album,"Full Video: Tum Se Hi | Jab We Met | Kareena Kapoor, Shahid Kapoor | Mohit Chauhan | Pritam",T-Series,Spotify,0.609,0.538,-7.842,0.0273,0.328,0.0,0.125,0.608,130.015,321.2,Happy/Energetic,65425800,605862,12977,105143682,0.009459,0.00926,3.1,4.304,1,1
1936,Davido,Stand Strong (feat. Sunday Service Choir),Stand Strong (feat. Sunday Service Choir),single,Davido - Stand Strong (Official Video) ft. Sunday Service Choir,DavidoVEVO,Spotify,0.474,0.691,-5.026,0.098,0.379,1.55e-05,0.135,0.602,94.622,182.8,Happy/Energetic,7737553,115755,7914,8248275,0.015983,0.01496,0.24,5.118518519,1,1
1937,TAEYEON,Priority,2022 Winter SMTOWN : SMCU PALACE,album,"MAX CHANGMIN, TAEYEON, WINTER 'Priority' Stage Video",SMTOWN,Spotify,0.641,0.694,-4.915,0.0936,0.243,0.000127,0.185,0.356,92.945,215.0,Angry/Intense,1486790,78105,2426,2548801,0.054164,0.052533,0.08,3.751351351,1,1
1938,Gera MX,Se Me Olvidó,Se Me Olvidó,single,"Gera MX, Rels B - Se Me Olvidó (Video Oficial)",Gera MX,Spotify,0.794,0.525,-8.089,0.0626,0.522,0.0,0.274,0.611,89.019,220.3,Happy/Energetic,78054856,860248,16800,103137241,0.011236,0.011021,3.05,1.916058394,1,1
1939,Inspectah Deck,Execute Them,Wu-Tang Killa Bees: The Swarm,compilation,Wu-Tang Clan - Execute Them (HD),Brooklyn Zoo,Spotify,0.778,0.482,-9.46,0.19,0.571,0.000114,0.202,0.744,96.01,220.5,Calm/Positive,230564,2250,238,1678827,0.010791,0.009759,0.05,2.386138614,0,0
1940,Andrea Bocelli,Bésame Mucho,Amor (Spanish Edition / Remastered),album,"Andrea Bocelli - Besame Mucho - Live From Lake Las Vegas Resort, USA / 2006",AndreaBocelliVEVO,Youtube,0.521,0.502,-8.521,0.0287,0.886,0.02,0.188,0.378,95.028,241.2,Angry/Intense,52976203,366012,8368,49163851,0.007067,0.006909,1.45,2.670212766,1,1
1941,Sean Kingston,Letting Go (Dutty Love) featuring Nicki Minaj (feat. Nicki Minaj),Letting Go (Dutty Love) featuring Nicki Minaj (feat. Nicki Minaj),single,Sean Kingston - Letting Go (Dutty Love) ft. Nicki Minaj,seankingstonVEVO,Spotify,0.792,0.808,-4.156,0.0963,0.335,0.0,0.269,0.709,92.064,230.6,Happy/Energetic,57775754,251700,16239,60959408,0.004638,0.004356,1.8,3.003717472,1,1
1942,Gunna,Banking On Me,Banking On Me,single,Gunna - Banking On Me [Official Video],Gunna,Spotify,0.793,0.308,-10.414,0.0466,0.613,1.68e-05,0.0953,0.46,135.143,200.0,Sad/Mellow,2080025,82663,3103,103054042,0.041233,0.039741,3.04,3.231899265,1,1
1943,Chris Isaak,Graduation Day,Forever Blue,album,Graduation Day,Chris Isaak - Topic,Spotify,0.52,0.468,-11.95,0.0338,0.635,0.0179,0.206,0.368,91.481,190.9,Sad/Mellow,94328,1045,2,3086584,0.0111,0.011078,0.09,2.27184466,1,1
1944,R3HAB,All Around The World (La La La),All Around The World (La La La),single,R3HAB x A Touch Of Class - All Around The World (La La La) (Official Video),R3HAB,Spotify,0.733,0.859,-5.03,0.033,0.479,0.0645,0.105,0.52,124.948,147.8,Happy/Energetic,72334003,826853,14475,514378612,0.011631,0.011431,15.19,8.180952381,1,1
1945,Juice WRLD,Let Me Know (I Wonder Why Freestyle),Let Me Know (I Wonder Why Freestyle),single,"Juice WRLD ""Let Me Know (I Wonder Why Freestyle)"" (Official Audio)",Juice WRLD,Spotify,0.635,0.537,-7.895,0.0832,0.172,0.0,0.418,0.383,125.028,215.4,Angry/Intense,92081600,1027524,33442,330211407,0.011522,0.011159,9.75,1.284688995,0,1
1946,Foo Fighters,Learn to Fly,There Is Nothing Left To Lose,album,Foo Fighters - Learn To Fly (Official Music Video),foofightersVEVO,Spotify,0.465,0.919,-4.025,0.0408,1.83e-05,2.07e-05,0.262,0.537,135.997,235.3,Happy/Energetic,162864195,709833,31559,429307999,0.004552,0.004358,12.68,3.507633588,1,1
1947,$uicideboy$,Matte Black,"Sing Me a Lullaby, My Sweet Temptation",album,$UICIDEBOY$ - MATTE BLACK,$uicideboy$,Spotify,0.877,0.826,-3.75,0.206,0.122,1.05e-05,0.104,0.814,75.003,238.1,Happy/Energetic,9114740,198164,7643,51866764,0.02258,0.021741,1.53,7.942307692,1,1
1948,Tarkan,Dudu,Dudu,album,TARKAN - Dudu,Tarkan,Youtube,0.707,0.864,-7.053,0.0463,0.0289,2.02e-05,0.0331,0.92,90.998,277.9,Happy/Energetic,201665113,820442,36449,33359617,0.004249,0.004068,0.99,26.10271903,1,1
1949,Red Velvet,Queendom,Queendom - The 6th Mini Album,single,Red Velvet ???? 'Queendom' MV,SMTOWN,Youtube,0.695,0.896,-1.24,0.0847,0.179,0.0,0.0626,0.508,119.959,181.8,Happy/Energetic,116833495,2835693,281502,90929100,0.026681,0.024271,2.69,14.31309904,1,1
1950,Alceu Valença,Anunciação - Jopin Remix,Anunciação (Jopin Remix),single,Alceu Valença - Anunciação (Jopin Remix),Jopin,Spotify,0.676,0.898,-5.601,0.049,0.0105,1.6e-05,0.248,0.322,126.036,205.2,Angry/Intense,7328641,95179,2668,22692907,0.013351,0.012987,0.67,3.620967742,0,1
1951,Mora,MEMORIAS,MICRODOSIS,album,"Mora, Jhay Cortez - MEMORIAS (Video Oficial) | MICRODOSIS",Mora,Spotify,0.771,0.707,-6.404,0.055,0.389,0.0,0.0745,0.317,127.963,228.8,Angry/Intense,33252358,228730,2696,165178480,0.00696,0.006879,4.88,9.489932886,1,1
1952,Matuê,Groupies,Groupies,single,GROUPIES - Doode & Teto & Matuê ??,30PRAUM,Spotify,0.845,0.655,-5.137,0.0612,0.239,0.0,0.0974,0.516,139.955,164.6,Happy/Energetic,77011473,1568723,64738,83594327,0.021211,0.02037,2.47,6.724845996,0,0
1953,Gorillaz,On Melancholy Hill,Plastic Beach,album,Gorillaz - On Melancholy Hill (Official Video),Gorillaz,Spotify,0.689,0.739,-5.81,0.026,1.51e-05,0.509,0.064,0.578,120.423,233.9,Happy/Energetic,211754952,1788577,55229,434663559,0.008707,0.008446,12.84,11.546875,1,1
1954,Nio Garcia,Se Menea,Se Menea,single,DON OMAR x NIO GARCIA - SE MENEA (Official Music Video),DonOmarVEVO,Spotify,0.711,0.839,-6.288,0.117,0.0472,0.0,0.0806,0.932,179.936,190.9,Happy/Energetic,62232887,731342,33119,82318778,0.012284,0.011752,2.43,10.40942928,1,1
1955,Pierce The Veil,Hell Above,Collide With The Sky,album,Pierce The Veil - Hell Above,PierceTheVeilVEVO,Spotify,0.48,0.977,-1.993,0.117,0.000463,2.82e-06,0.355,0.331,129.999,223.5,Angry/Intense,26853310,246661,12242,67876805,0.009641,0.009185,2.0,2.752112676,1,1
1956,Fiersa Besari,"Pelukku Untuk Pelikmu - OST Imperfect: Karier, Cinta, & Timbangan","Pelukku Untuk Pelikmu (OST Imperfect: Karier, Cinta, & Timbangan)",single,"Fiersa Besari - Pelukku untuk Pelikmu (OST Imperfect: Karier, Cinta, & Timbangan - Tayang 19 Des)",StarvisionPlus,Spotify,0.531,0.825,-5.462,0.0432,0.127,0.0,0.195,0.247,125.043,249.5,Angry/Intense,21984845,348645,7763,77708577,0.016212,0.015858,2.29,4.230769231,1,1
1957,Kollegah,Ave Maria,Jung Brutal Gutaussehend 3,album,Kollegah & Farid Bang ?? AVE MARIA ?? [ official Video ],BangerChannel,Spotify,0.676,0.658,-5.364,0.32,0.0534,0.0,0.553,0.187,146.157,202.2,Angry/Intense,13480893,235442,16786,33149726,0.01871,0.017465,0.98,1.189873418,0,0
1958,The Cars,Just What I Needed,The Cars,album,The Cars - Just What I Needed (Official Live Video),RHINO,Spotify,0.619,0.579,-9.307,0.0473,0.0152,6.4e-05,0.0858,0.69,127.224,225.6,Happy/Energetic,6667313,64417,1948,180034863,0.009954,0.009662,5.32,6.748251748,1,1
1959,Melendi,Un violinista en tu tejado,Aún Más Curiosa La Cara De Tu Padre,album,Melendi - Un violinista en tu tejado (Videoclip Oficial),Melendi,Spotify,0.512,0.843,-6.283,0.183,0.405,0.0,0.241,0.58,156.388,222.7,Happy/Energetic,10289629,42389,429,79809319,0.004161,0.00412,2.36,3.497925311,1,1
1960,Molotov,Amateur (Rock Me Amadeus),Con Todo Respeto,album,Molotov - Amateur (Rock Me Amadeus),MolotovVEVO,Spotify,0.537,0.777,-5.129,0.121,0.0119,1.37e-05,0.254,0.543,85.011,259.6,Happy/Energetic,24608915,132475,4492,42321266,0.005566,0.005383,1.25,3.059055118,1,1
1961,Vierra,Seandainya,Storytelling,album,Vierra - Seandainya (Official Music Video),Musica Studios,Spotify,0.252,0.827,-4.971,0.0321,0.0836,0.000287,0.219,0.477,93.968,263.5,Angry/Intense,47653403,209282,20324,73176779,0.004818,0.004392,2.16,3.776255708,1,1
1962,Dave Stewart,When Tomorrow Comes - Remastered Version,Revenge,album,"Eurythmics, Annie Lennox, Dave Stewart - When Tomorrow Comes (Official Video)",EurythmicsVEVO,Spotify,0.421,0.98,-2.201,0.0887,0.0727,0.0,0.459,0.509,139.36,268.7,Happy/Energetic,18067379,74954,3613,19771543,0.004349,0.004149,0.58,2.135076253,1,1
1963,Lvbel C5,NKB? X YAPAMAM - Remix,NKB? X YAPAMAM (Remix),single,Lvbel C5 ft. Güne? - NKB? x YAPAMAM Remix (Official Video),Lais Records,Spotify,0.558,0.67,-6.813,0.0344,0.0102,4.67e-06,0.0756,0.277,99.999,182.4,Angry/Intense,2499723,11470,257,19768315,0.004691,0.004589,0.58,8.862433862,0,0
1964,S. Janaki,Malare,Karna (Original Motion Picture Soundtrack),single,"Karna - Malare Mounama Video | Arjun, Ranjitha | Vidyasagar",Sony Music South,Youtube,0.652,0.44,-11.325,0.0271,0.37,3.81e-05,0.0666,0.614,111.003,305.1,Calm/Positive,45658802,207698,9892,8344551,0.004766,0.004549,0.25,6.606606607,1,1
1965,Ovi,COLOGNE,CONTINGENTE,album,Junior H x Ovi - COLOGNE [Official Concept Video] | CONTINGENTE,"Corridos, Trap Y Rap ",Spotify,0.765,0.683,-5.301,0.0625,0.226,0.0,0.108,0.536,137.02,225.3,Happy/Energetic,1467,42,0,33608487,0.02863,0.02863,0.99,6.324074074,0,0
1966,Luis Miguel,Culpable O No - Miénteme Como Siempre,Busca Una Mujer,album,Luis Miguel - Culpable o No (Miénteme Como Siempre) 1988,Manquín Vintage Videos,Spotify,0.54,0.367,-14.238,0.0277,0.0367,0.0,0.0433,0.252,70.276,237.2,Sad/Mellow,375491,4708,234,268107480,0.013161,0.012538,7.92,8.475750577,0,0
1967,BONES,Oxygen,NoRedeemingQualities,album,Bones - Oxygen,sad ch?ll,Spotify,0.691,0.507,-11.035,0.0442,0.0273,0.000856,0.113,0.15,119.977,142.1,Angry/Intense,11938643,179203,2320,70723052,0.015205,0.01501,2.09,4.486725664,0,0
1968,Guè,Need U 2Nite (feat. Massimo Pericolo),Madreperla,album,"Guè, Massimo Pericolo - Need U 2Nite (Visual)",GuePequenoVEVO,Spotify,0.734,0.618,-3.736,0.232,0.446,0.0,0.279,0.373,90.109,161.5,Angry/Intense,637597,10409,249,4614242,0.016716,0.016325,0.14,2.215053763,1,1
1969,Aya Nakamura,T'as peur,DNK,album,T'as peur,Aya Nakamura - Topic,Spotify,0.755,0.565,-5.595,0.273,0.113,2.77e-05,0.111,0.407,177.941,215.3,Angry/Intense,161297,5364,141,1505197,0.03413,0.033255,0.04,5.09009009,1,1
1970,Daniel Hope,Spring 1 - 2012,"Recomposed By Max Richter: Vivaldi, The Four Seasons",album,0,0,Spotify,0.701,0.341,-12.26,0.0418,0.499,0.903,0.359,0.163,105.513,151.5,Sad/Mellow,0,0,0,80889340,0.0,0.0,2.39,0.949860724,0,0
1971,The Kinks,A Well Respected Man,Kinda Kinks (Deluxe),album,The Kinks - A Well Respected Man [Music Video],Darkwood Films,Spotify,0.53,0.873,-5.105,0.118,0.297,0.0,0.0521,0.583,162.154,161.6,Happy/Energetic,16109,136,10,32934677,0.009063,0.008442,0.97,16.756238,0,0
1972,MC Cabelinho,ESSÊNCIA DE CRIA,LITTLE HAIR,album,"MC CABELINHO - ESSÊNCIA DE CRIA ft. BIELZIN, TZ DA CORONEL e MC POZE DO RODO (prod. NEO BEATS )",MC Cabelinho,Youtube,0.631,0.743,-5.317,0.299,0.386,0.0,0.0862,0.766,102.894,192.2,Happy/Energetic,74621933,788986,8160,63526652,0.010682,0.010573,1.88,8.619489559,1,1
1973,Mc Poze do Rodo,Me Sinto Abençoado,Me Sinto Abençoado,single,MC Poze do Rodo ft. Filipe Ret - Me Sinto Abençoado (prod. Ajaxx),MC Poze do Rodo,Youtube,0.729,0.596,-5.101,0.0607,0.463,0.0,0.18,0.319,117.918,214.2,Angry/Intense,172114087,1750639,22947,96865899,0.010305,0.010171,2.86,3.311111111,1,1
1974,Flume,Shooting Stars - triple j Like A Version,Shooting Stars (triple j Like A Version),single,Flume covers Bag Raiders 'Shooting Stars' Ft. Toro y Moi for Like A Version,triple j,Spotify,0.356,0.783,-7.853,0.1,0.436,0.0201,0.199,0.192,155.042,189.2,Angry/Intense,717414,20214,1015,2467165,0.029591,0.028176,0.07,3.934673367,1,1
1975,Elliott Smith,Say Yes,Either/Or,album,Elliott Smith - Say Yes (from Either/Or),Kill Rock Stars,Spotify,0.499,0.0875,-20.383,0.05,0.871,0.000221,0.11,0.418,153.439,139.0,Sad/Mellow,1555037,13688,468,58457918,0.009103,0.008802,1.73,0.795454545,1,1
1976,Juan Luis Guerra 4.40,Mi Bendición,Asondeguerra,album,Juan Luis Guerra - Mi Bendicion,JuanLuisGuerraVEVO,Spotify,0.826,0.439,-6.895,0.0339,0.782,0.0,0.107,0.803,124.758,188.4,Calm/Positive,67489755,281533,5819,90271319,0.004258,0.004171,2.67,4.102803738,1,1
1977,Christian Rode,Kapitel 3.3 - Sindbad der Seefahrer,Sindbad der Seefahrer,album,Sinbad and the Seven Seas,Jason,Youtube,0.642,0.314,-17.961,0.923,0.291,0.0,0.0898,0.399,86.562,199.0,Sad/Mellow,20408,82,6,0,0.004312,0.004018,0.0,3.496659243,0,0
1978,Cavetown,Sweet Tooth,Sleepyhead,album,Cavetown - Sweet Tooth [Official Music Video],cavetown,Spotify,0.57,0.31,-13.208,0.0316,0.255,2.03e-06,0.112,0.242,139.711,246.3,Sad/Mellow,3473281,119364,8399,51879434,0.036785,0.034366,1.53,2.767857143,1,1
1979,Nicki Nicole,Otra Noche,Cumbia Del Corazón,album,"Los Ángeles Azules, NICKI NICOLE - Otra Noche",LosAngelesAzulesVEVO,Youtube,0.607,0.715,-4.135,0.0397,0.378,0.0,0.0433,0.683,92.026,199.3,Happy/Energetic,185040745,989639,17142,132727078,0.005441,0.005348,3.92,16.51270208,1,1
1980,TWICE,MOONLIGHT SUNRISE,MOONLIGHT SUNRISE,single,"TWICE Pre-release english track ""MOONLIGHT SUNRISE"" M/V",JYP Entertainment,Youtube,0.749,0.781,-3.265,0.0578,0.392,2.12e-06,0.086,0.606,125.09,180.3,Happy/Energetic,50381801,1760260,269210,20532848,0.040282,0.034938,0.61,9.081395349,1,1
1981,Alex Zurdo,Sin Ti,¿Quién Contra Nosotros?,album,Alex Zurdo - Sin Ti (Video Oficial),ALEX ZURDO MUSIC,Youtube,0.663,0.839,-5.229,0.0557,0.233,0.0,0.22,0.41,90.974,264.8,Angry/Intense,89140856,473899,21316,26412168,0.005555,0.005316,0.78,3.813636364,1,1
1982,The Doobie Brothers,Long Train Runnin',The Captain and Me,album,The Doobie Brothers - Long Train Running (official video),kuklinski987,Spotify,0.575,0.912,-7.275,0.0393,0.0916,0.00211,0.0562,0.843,117.399,207.3,Happy/Energetic,18324711,125822,4462,267561421,0.00711,0.006866,7.9,16.22775801,0,0
1983,La Adictiva,JGL,JGL,single,La Adictiva & Luis R Conriquez-JGL (Video Oficial),Luis R conriquez,Spotify,0.702,0.586,-5.317,0.118,0.55,0.0,0.27,0.965,112.852,158.1,Happy/Energetic,1074376,7369,99,219495444,0.006951,0.006859,6.48,2.17037037,0,0
1984,Cypress Hill,(Rock) Superstar (feat. Chino Moreno & Everlast),Skull & Bones,album,Cypress Hill - [Rock] Superstar ft. Chino Moreno & Everlast,Nwagugsta,Spotify,0.795,0.762,-6.972,0.261,0.0142,9.75e-06,0.064,0.722,94.223,276.9,Happy/Energetic,1257,38,2,69035819,0.031822,0.030231,2.04,11.90625,0,0
1985,Justine Skye,Collide (Sped Up Remix),Collide (Remix Pack),single,Collide (Sped Up Remix),Justine Skye - Topic,Spotify,0.362,0.432,-9.359,0.112,0.0882,0.0,0.264,0.256,81.29,221.2,Sad/Mellow,15019701,194076,319,52526180,0.012943,0.012921,1.55,1.636363636,1,1
1986,Coldplay,Sparks,Parachutes,album,Sparks,Coldplay - Topic,Spotify,0.371,0.268,-10.506,0.0281,0.748,0.0517,0.104,0.165,102.617,227.1,Sad/Mellow,73201019,787343,1637,475353044,0.010778,0.010756,14.04,2.576923077,1,1
1987,Luther Vandross,Endless Love (with Mariah Carey),Songs,album,Luther Vandross - Endless Love (Official HD Video),LutherVandrossVEVO,Spotify,0.231,0.477,-7.748,0.029,0.747,2.61e-06,0.122,0.235,95.969,259.7,Sad/Mellow,28002970,199831,4955,79452574,0.007313,0.007136,2.35,3.909836066,1,1
1988,The Who,Who Are You,Who Are You,album,The Who - Who Are You (Promo Video),TheWhoVEVO,Spotify,0.651,0.648,-11.409,0.0501,0.262,0.0042,0.0655,0.49,156.372,381.6,Angry/Intense,12870546,135902,7582,167123129,0.011148,0.010559,4.93,9.893129771,1,1
1989,thasup,mi @mi o è f@ke,c@ra++ere s?ec!@le,album,thasup - mi @mi o è f@ke (Visual Video),thaSupremeVEVO,Spotify,0.669,0.802,-3.991,0.0564,0.139,0.0,0.0979,0.877,160.222,128.3,Happy/Energetic,2235523,29657,676,14812152,0.013569,0.013266,0.44,8.192032686,1,1
1990,Heart,Dreamboat Annie,Dreamboat Annie,album,"""Dreamboat Annie""  Heart",Cuthbert J. Twillie,Spotify,0.497,0.409,-15.649,0.0335,0.142,0.000141,0.185,0.649,114.823,121.7,Calm/Positive,6178776,35632,2897,8651261,0.006236,0.005767,0.26,2.210810811,0,0
1991,Yo Yo Honey Singh,Manali Trance,The Neha Kakkar Collection,compilation,Manali Trance | Yo Yo Honey Singh & Neha Kakkar | The Shaukeens | Lisa Haydon | Akshay Kumar,Zee Music Company,Youtube,0.614,0.842,-4.109,0.0745,0.00814,1.33e-05,0.212,0.915,156.051,203.2,Happy/Energetic,257652067,1862689,30047,33210146,0.007346,0.007229,0.98,3.971698113,1,1
1992,TOOL,Lateralus,Lateralus,album,TOOL - Lateralus (Audio),TOOLVEVO,Spotify,0.387,0.677,-8.399,0.084,0.00108,0.871,0.101,0.371,172.812,562.7,Angry/Intense,20398701,138704,10391,46899274,0.007309,0.0068,1.38,6.702970297,1,1
1993,Counting Crows,Big Yellow Taxi,Hard Candy,album,Counting Crows - Big Yellow Taxi ft. Vanessa Carlton (Official Video),CountingCrowsVEVO,Spotify,0.678,0.866,-4.341,0.048,0.00295,0.0,0.16,0.842,88.041,225.6,Happy/Energetic,32295665,174496,9825,145686227,0.005707,0.005403,4.3,5.4125,1,1
1994,Harris Jayaraj,Anbe En Anbe,Dhaam Dhoom (Original Motion Picture Soundtrack),single,Anbe Enn Anbe Video Song | Dhaam Dhoom | Jayam Ravi | Kangana Ranaut | Lakshmi Rai | Harris Jayaraj,New Music India,Spotify,0.773,0.419,-8.756,0.0647,0.309,5.62e-05,0.281,0.578,121.982,304.4,Calm/Positive,1300993,14101,319,10990515,0.011084,0.010839,0.32,1.491103203,1,1
1995,Alicia Keys,No One - Acoustic,Vault Volume 1,single,No One (Acoustic),Alicia Keys - Topic,Spotify,0.38,0.325,-5.862,0.0328,0.712,0.0,0.0997,0.429,89.898,259.6,Sad/Mellow,4242647,41707,69,133837601,0.009847,0.00983,3.95,3.259779338,1,1
1996,Whitesnake,Love Ain't No Stranger,Slide It In,album,Whitesnake - Love Ain't No Stranger (Official Music Video),RHINO,Youtube,0.371,0.557,-14.184,0.0502,0.0981,0.000318,0.115,0.281,125.823,253.6,Angry/Intense,11320583,74323,2225,5713305,0.006762,0.006565,0.17,4.843478261,1,1
1997,Cody Johnson,Welcome to the Show,Welcome to the Show,single,Welcome to the show|| Music Video,Barrel Racing Marshes,Spotify,0.589,0.864,-3.834,0.0408,0.029,0.0,0.111,0.638,90.964,160.5,Happy/Energetic,31411,383,14,39272358,0.012639,0.012193,1.16,7.783783784,0,0
1998,Gabito Ballesteros,El Sereno,El Sereno,single,Gabito Ballesteros - El Sereno (Video Oficial),LOS CT,Spotify,0.712,0.571,-6.46,0.0498,0.369,3.46e-06,0.147,0.624,97.184,163.3,Happy/Energetic,252508,7230,427,1967317,0.030324,0.028633,0.06,3.884353741,0,0
1999,Asees Kaur,Ve Maahi,The Asees Kaur Collection,compilation,Ve Maahi | Kesari | Akshay Kumar & Parineeti Chopra | Arijit Singh & Asees Kaur | Tanishk Bagchi,Dharma Productions,Spotify,0.65,0.551,-6.906,0.0274,0.405,0.0,0.219,0.294,102.934,224.0,Angry/Intense,63941036,452633,9023,88656435,0.00722,0.007079,2.62,2.515981735,0,0
2000,Three Days Grace,I Am Machine,Human,album,Three Days Grace - I Am Machine (Lyric),ThreeDaysGraceVEVO,Spotify,0.402,0.97,-4.538,0.0668,1.29e-05,2.62e-06,0.189,0.476,75.106,200.1,Angry/Intense,66215707,445675,13872,157210157,0.00694,0.006731,4.64,5.132275132,1,1
